Year,Province,NAICS,Gender,Age group,Hourly Wage,525
2021,Alberta,Accommodation and food services  ,Men ,15 to 24 years,15.81,
2021,Alberta,Accommodation and food services  ,Women ,15 to 24 years,16.26,
2021,Alberta,Agriculture  ,Men ,15 to 24 years,18.15,
2021,Alberta,Agriculture  ,Women ,15 to 24 years,16.37,
2021,Alberta,"Business, building and other support services  ",Men ,15 to 24 years,19.03,
2021,Alberta,"Business, building and other support services  ",Women ,15 to 24 years,18.07,
2021,Alberta,Construction  ,Men ,15 to 24 years,22.78,
2021,Alberta,Construction  ,Women ,15 to 24 years,19.91,
2021,Alberta,Educational services  ,Men ,15 to 24 years,18.56,
2021,Alberta,Educational services  ,Women ,15 to 24 years,20.88,
2021,Alberta,"Finance, insurance, real estate, rental and leasing  ",Men ,15 to 24 years,22.24,
2021,Alberta,"Finance, insurance, real estate, rental and leasing  ",Women ,15 to 24 years,19.4,
2021,Alberta,"Forestry, fishing, mining, quarrying, oil and gas  ",Men ,15 to 24 years,28.27,
2021,Alberta,"Forestry, fishing, mining, quarrying, oil and gas  ",Women ,15 to 24 years,30.11,
2021,Alberta,Health care and social assistance  ,Men ,15 to 24 years,20.73,
2021,Alberta,Health care and social assistance  ,Women ,15 to 24 years,22.04,
2021,Alberta,"Information, culture and recreation  ",Men ,15 to 24 years,18.01,
2021,Alberta,"Information, culture and recreation  ",Women ,15 to 24 years,17.11,
2021,Alberta,Manufacturing  ,Men ,15 to 24 years,24.31,
2021,Alberta,Manufacturing  ,Women ,15 to 24 years,,
2021,Alberta,Other services (except public administration)  ,Men ,15 to 24 years,21.9,
2021,Alberta,Other services (except public administration)  ,Women ,15 to 24 years,18.4,
2021,Alberta,"Professional, scientific and technical services  ",Men ,15 to 24 years,25.01,
2021,Alberta,"Professional, scientific and technical services  ",Women ,15 to 24 years,24.38,
2021,Alberta,Public administration  ,Men ,15 to 24 years,22.11,
2021,Alberta,Public administration  ,Women ,15 to 24 years,24.09,
2021,Alberta,Transportation and warehousing  ,Men ,15 to 24 years,22.04,
2021,Alberta,Transportation and warehousing  ,Women ,15 to 24 years,,
2021,Alberta,Utilities  ,Men ,15 to 24 years,,
2021,Alberta,Utilities  ,Women ,15 to 24 years,,
2021,Alberta,Wholesale and retail trade  ,Men ,15 to 24 years,17.05,
2021,Alberta,Wholesale and retail trade  ,Women ,15 to 24 years,16.34,
2021,Alberta,Accommodation and food services  ,Men ,25 to 54 years,21.34,
2021,Alberta,Accommodation and food services  ,Women ,25 to 54 years,18.56,
2021,Alberta,Agriculture  ,Men ,25 to 54 years,25.58,
2021,Alberta,Agriculture  ,Women ,25 to 54 years,19.55,
2021,Alberta,"Business, building and other support services  ",Men ,25 to 54 years,28.89,
2021,Alberta,"Business, building and other support services  ",Women ,25 to 54 years,23.82,
2021,Alberta,Construction  ,Men ,25 to 54 years,36.42,
2021,Alberta,Construction  ,Women ,25 to 54 years,30,
2021,Alberta,Educational services  ,Men ,25 to 54 years,40.08,
2021,Alberta,Educational services  ,Women ,25 to 54 years,36.92,
2021,Alberta,"Finance, insurance, real estate, rental and leasing  ",Men ,25 to 54 years,42.04,
2021,Alberta,"Finance, insurance, real estate, rental and leasing  ",Women ,25 to 54 years,35.11,
2021,Alberta,"Forestry, fishing, mining, quarrying, oil and gas  ",Men ,25 to 54 years,50.16,
2021,Alberta,"Forestry, fishing, mining, quarrying, oil and gas  ",Women ,25 to 54 years,47.34,
2021,Alberta,Health care and social assistance  ,Men ,25 to 54 years,35.29,
2021,Alberta,Health care and social assistance  ,Women ,25 to 54 years,32.88,
2021,Alberta,"Information, culture and recreation  ",Men ,25 to 54 years,34.77,
2021,Alberta,"Information, culture and recreation  ",Women ,25 to 54 years,33.43,
2021,Alberta,Manufacturing  ,Men ,25 to 54 years,36.08,
2021,Alberta,Manufacturing  ,Women ,25 to 54 years,30.9,
2021,Alberta,Other services (except public administration)  ,Men ,25 to 54 years,32.99,
2021,Alberta,Other services (except public administration)  ,Women ,25 to 54 years,28.13,
2021,Alberta,"Professional, scientific and technical services  ",Men ,25 to 54 years,44.98,
2021,Alberta,"Professional, scientific and technical services  ",Women ,25 to 54 years,35.64,
2021,Alberta,Public administration  ,Men ,25 to 54 years,43.9,
2021,Alberta,Public administration  ,Women ,25 to 54 years,41.09,
2021,Alberta,Transportation and warehousing  ,Men ,25 to 54 years,35.74,
2021,Alberta,Transportation and warehousing  ,Women ,25 to 54 years,31.76,
2021,Alberta,Utilities  ,Men ,25 to 54 years,50.87,
2021,Alberta,Utilities  ,Women ,25 to 54 years,54.04,
2021,Alberta,Wholesale and retail trade  ,Men ,25 to 54 years,32.19,
2021,Alberta,Wholesale and retail trade  ,Women ,25 to 54 years,23.44,
2021,Alberta,Accommodation and food services  ,Men ,55 years and over,22.63,
2021,Alberta,Accommodation and food services  ,Women ,55 years and over,18.92,
2021,Alberta,Agriculture  ,Men ,55 years and over,27.65,
2021,Alberta,Agriculture  ,Women ,55 years and over,,
2021,Alberta,"Business, building and other support services  ",Men ,55 years and over,22.97,
2021,Alberta,"Business, building and other support services  ",Women ,55 years and over,27.55,
2021,Alberta,Construction  ,Men ,55 years and over,36.48,
2021,Alberta,Construction  ,Women ,55 years and over,36.22,
2021,Alberta,Educational services  ,Men ,55 years and over,46.02,
2021,Alberta,Educational services  ,Women ,55 years and over,38.63,
2021,Alberta,"Finance, insurance, real estate, rental and leasing  ",Men ,55 years and over,41.21,
2021,Alberta,"Finance, insurance, real estate, rental and leasing  ",Women ,55 years and over,33.3,
2021,Alberta,"Forestry, fishing, mining, quarrying, oil and gas  ",Men ,55 years and over,57.27,
2021,Alberta,"Forestry, fishing, mining, quarrying, oil and gas  ",Women ,55 years and over,50.65,
2021,Alberta,Health care and social assistance  ,Men ,55 years and over,42.6,
2021,Alberta,Health care and social assistance  ,Women ,55 years and over,32.46,
2021,Alberta,"Information, culture and recreation  ",Men ,55 years and over,35.66,
2021,Alberta,"Information, culture and recreation  ",Women ,55 years and over,27.19,
2021,Alberta,Manufacturing  ,Men ,55 years and over,39.32,
2021,Alberta,Manufacturing  ,Women ,55 years and over,27.67,
2021,Alberta,Other services (except public administration)  ,Men ,55 years and over,33.35,
2021,Alberta,Other services (except public administration)  ,Women ,55 years and over,24.71,
2021,Alberta,"Professional, scientific and technical services  ",Men ,55 years and over,56.42,
2021,Alberta,"Professional, scientific and technical services  ",Women ,55 years and over,38.01,
2021,Alberta,Public administration  ,Men ,55 years and over,46.65,
2021,Alberta,Public administration  ,Women ,55 years and over,37.37,
2021,Alberta,Transportation and warehousing  ,Men ,55 years and over,33.68,
2021,Alberta,Transportation and warehousing  ,Women ,55 years and over,28.78,
2021,Alberta,Utilities  ,Men ,55 years and over,60.22,
2021,Alberta,Utilities  ,Women ,55 years and over,53.12,
2021,Alberta,Wholesale and retail trade  ,Men ,55 years and over,31.13,
2021,Alberta,Wholesale and retail trade  ,Women ,55 years and over,22.84,
2021,British Columbia,Accommodation and food services  ,Men ,15 to 24 years,16.16,
2021,British Columbia,Accommodation and food services  ,Women ,15 to 24 years,16.82,
2021,British Columbia,Agriculture  ,Men ,15 to 24 years,18.75,
2021,British Columbia,Agriculture  ,Women ,15 to 24 years,,
2021,British Columbia,"Business, building and other support services  ",Men ,15 to 24 years,21.37,
2021,British Columbia,"Business, building and other support services  ",Women ,15 to 24 years,18.91,
2021,British Columbia,Construction  ,Men ,15 to 24 years,23.52,
2021,British Columbia,Construction  ,Women ,15 to 24 years,21.77,
2021,British Columbia,Educational services  ,Men ,15 to 24 years,18.3,
2021,British Columbia,Educational services  ,Women ,15 to 24 years,20.98,
2021,British Columbia,"Finance, insurance, real estate, rental and leasing  ",Men ,15 to 24 years,19.04,
2021,British Columbia,"Finance, insurance, real estate, rental and leasing  ",Women ,15 to 24 years,20.29,
2021,British Columbia,"Forestry, fishing, mining, quarrying, oil and gas  ",Men ,15 to 24 years,24.9,
2021,British Columbia,"Forestry, fishing, mining, quarrying, oil and gas  ",Women ,15 to 24 years,,
2021,British Columbia,Health care and social assistance  ,Men ,15 to 24 years,22.14,
2021,British Columbia,Health care and social assistance  ,Women ,15 to 24 years,22.98,
2021,British Columbia,"Information, culture and recreation  ",Men ,15 to 24 years,19.01,
2021,British Columbia,"Information, culture and recreation  ",Women ,15 to 24 years,18.48,
2021,British Columbia,Manufacturing  ,Men ,15 to 24 years,20.76,
2021,British Columbia,Manufacturing  ,Women ,15 to 24 years,22.24,
2021,British Columbia,Other services (except public administration)  ,Men ,15 to 24 years,20.16,
2021,British Columbia,Other services (except public administration)  ,Women ,15 to 24 years,21.22,
2021,British Columbia,"Professional, scientific and technical services  ",Men ,15 to 24 years,27.45,
2021,British Columbia,"Professional, scientific and technical services  ",Women ,15 to 24 years,20.58,
2021,British Columbia,Public administration  ,Men ,15 to 24 years,27.02,
2021,British Columbia,Public administration  ,Women ,15 to 24 years,23.95,
2021,British Columbia,Transportation and warehousing  ,Men ,15 to 24 years,22.84,
2021,British Columbia,Transportation and warehousing  ,Women ,15 to 24 years,22.58,
2021,British Columbia,Utilities  ,Men ,15 to 24 years,,
2021,British Columbia,Utilities  ,Women ,15 to 24 years,,
2021,British Columbia,Wholesale and retail trade  ,Men ,15 to 24 years,16.62,
2021,British Columbia,Wholesale and retail trade  ,Women ,15 to 24 years,16.36,
2021,British Columbia,Accommodation and food services  ,Men ,25 to 54 years,21.64,
2021,British Columbia,Accommodation and food services  ,Women ,25 to 54 years,19.78,
2021,British Columbia,Agriculture  ,Men ,25 to 54 years,24.56,
2021,British Columbia,Agriculture  ,Women ,25 to 54 years,20.48,
2021,British Columbia,"Business, building and other support services  ",Men ,25 to 54 years,28.92,
2021,British Columbia,"Business, building and other support services  ",Women ,25 to 54 years,26.22,
2021,British Columbia,Construction  ,Men ,25 to 54 years,34.46,
2021,British Columbia,Construction  ,Women ,25 to 54 years,30.51,
2021,British Columbia,Educational services  ,Men ,25 to 54 years,37.45,
2021,British Columbia,Educational services  ,Women ,25 to 54 years,35.06,
2021,British Columbia,"Finance, insurance, real estate, rental and leasing  ",Men ,25 to 54 years,39.99,
2021,British Columbia,"Finance, insurance, real estate, rental and leasing  ",Women ,25 to 54 years,33.95,
2021,British Columbia,"Forestry, fishing, mining, quarrying, oil and gas  ",Men ,25 to 54 years,46.45,
2021,British Columbia,"Forestry, fishing, mining, quarrying, oil and gas  ",Women ,25 to 54 years,42.47,
2021,British Columbia,Health care and social assistance  ,Men ,25 to 54 years,35.23,
2021,British Columbia,Health care and social assistance  ,Women ,25 to 54 years,31.33,
2021,British Columbia,"Information, culture and recreation  ",Men ,25 to 54 years,40.86,
2021,British Columbia,"Information, culture and recreation  ",Women ,25 to 54 years,33.02,
2021,British Columbia,Manufacturing  ,Men ,25 to 54 years,34.19,
2021,British Columbia,Manufacturing  ,Women ,25 to 54 years,26.63,
2021,British Columbia,Other services (except public administration)  ,Men ,25 to 54 years,30.61,
2021,British Columbia,Other services (except public administration)  ,Women ,25 to 54 years,24.8,
2021,British Columbia,"Professional, scientific and technical services  ",Men ,25 to 54 years,45.56,
2021,British Columbia,"Professional, scientific and technical services  ",Women ,25 to 54 years,36.21,
2021,British Columbia,Public administration  ,Men ,25 to 54 years,41.32,
2021,British Columbia,Public administration  ,Women ,25 to 54 years,37.83,
2021,British Columbia,Transportation and warehousing  ,Men ,25 to 54 years,35.7,
2021,British Columbia,Transportation and warehousing  ,Women ,25 to 54 years,29.51,
2021,British Columbia,Utilities  ,Men ,25 to 54 years,46.82,
2021,British Columbia,Utilities  ,Women ,25 to 54 years,42.83,
2021,British Columbia,Wholesale and retail trade  ,Men ,25 to 54 years,32.66,
2021,British Columbia,Wholesale and retail trade  ,Women ,25 to 54 years,23.52,
2021,British Columbia,Accommodation and food services  ,Men ,55 years and over,21.37,
2021,British Columbia,Accommodation and food services  ,Women ,55 years and over,18.21,
2021,British Columbia,Agriculture  ,Men ,55 years and over,23.2,
2021,British Columbia,Agriculture  ,Women ,55 years and over,,
2021,British Columbia,"Business, building and other support services  ",Men ,55 years and over,23.72,
2021,British Columbia,"Business, building and other support services  ",Women ,55 years and over,21.11,
2021,British Columbia,Construction  ,Men ,55 years and over,37.77,
2021,British Columbia,Construction  ,Women ,55 years and over,31.84,
2021,British Columbia,Educational services  ,Men ,55 years and over,41.93,
2021,British Columbia,Educational services  ,Women ,55 years and over,34.4,
2021,British Columbia,"Finance, insurance, real estate, rental and leasing  ",Men ,55 years and over,41.1,
2021,British Columbia,"Finance, insurance, real estate, rental and leasing  ",Women ,55 years and over,33.81,
2021,British Columbia,"Forestry, fishing, mining, quarrying, oil and gas  ",Men ,55 years and over,45.2,
2021,British Columbia,"Forestry, fishing, mining, quarrying, oil and gas  ",Women ,55 years and over,,
2021,British Columbia,Health care and social assistance  ,Men ,55 years and over,38.93,
2021,British Columbia,Health care and social assistance  ,Women ,55 years and over,31.1,
2021,British Columbia,"Information, culture and recreation  ",Men ,55 years and over,35.35,
2021,British Columbia,"Information, culture and recreation  ",Women ,55 years and over,25.45,
2021,British Columbia,Manufacturing  ,Men ,55 years and over,32.58,
2021,British Columbia,Manufacturing  ,Women ,55 years and over,24.07,
2021,British Columbia,Other services (except public administration)  ,Men ,55 years and over,35.46,
2021,British Columbia,Other services (except public administration)  ,Women ,55 years and over,28.78,
2021,British Columbia,"Professional, scientific and technical services  ",Men ,55 years and over,52.7,
2021,British Columbia,"Professional, scientific and technical services  ",Women ,55 years and over,34.78,
2021,British Columbia,Public administration  ,Men ,55 years and over,46.28,
2021,British Columbia,Public administration  ,Women ,55 years and over,37.94,
2021,British Columbia,Transportation and warehousing  ,Men ,55 years and over,33.67,
2021,British Columbia,Transportation and warehousing  ,Women ,55 years and over,30.3,
2021,British Columbia,Utilities  ,Men ,55 years and over,52.17,
2021,British Columbia,Utilities  ,Women ,55 years and over,,
2021,British Columbia,Wholesale and retail trade  ,Men ,55 years and over,28.68,
2021,British Columbia,Wholesale and retail trade  ,Women ,55 years and over,21.16,
2021,Manitoba,Accommodation and food services  ,Men ,15 to 24 years,13.14,
2021,Manitoba,Accommodation and food services  ,Women ,15 to 24 years,13.09,
2021,Manitoba,Agriculture  ,Men ,15 to 24 years,17,
2021,Manitoba,Agriculture  ,Women ,15 to 24 years,15.76,
2021,Manitoba,"Business, building and other support services  ",Men ,15 to 24 years,15.49,
2021,Manitoba,"Business, building and other support services  ",Women ,15 to 24 years,15.33,
2021,Manitoba,Construction  ,Men ,15 to 24 years,19.89,
2021,Manitoba,Construction  ,Women ,15 to 24 years,18.35,
2021,Manitoba,Educational services  ,Men ,15 to 24 years,17.73,
2021,Manitoba,Educational services  ,Women ,15 to 24 years,19.21,
2021,Manitoba,"Finance, insurance, real estate, rental and leasing  ",Men ,15 to 24 years,23.74,
2021,Manitoba,"Finance, insurance, real estate, rental and leasing  ",Women ,15 to 24 years,17.65,
2021,Manitoba,"Forestry, fishing, mining, quarrying, oil and gas  ",Men ,15 to 24 years,,
2021,Manitoba,"Forestry, fishing, mining, quarrying, oil and gas  ",Women ,15 to 24 years,,
2021,Manitoba,Health care and social assistance  ,Men ,15 to 24 years,16.01,
2021,Manitoba,Health care and social assistance  ,Women ,15 to 24 years,17.14,
2021,Manitoba,"Information, culture and recreation  ",Men ,15 to 24 years,15.47,
2021,Manitoba,"Information, culture and recreation  ",Women ,15 to 24 years,14.78,
2021,Manitoba,Manufacturing  ,Men ,15 to 24 years,19.77,
2021,Manitoba,Manufacturing  ,Women ,15 to 24 years,17.18,
2021,Manitoba,Other services (except public administration)  ,Men ,15 to 24 years,20.24,
2021,Manitoba,Other services (except public administration)  ,Women ,15 to 24 years,15.46,
2021,Manitoba,"Professional, scientific and technical services  ",Men ,15 to 24 years,19.06,
2021,Manitoba,"Professional, scientific and technical services  ",Women ,15 to 24 years,16.91,
2021,Manitoba,Public administration  ,Men ,15 to 24 years,20.05,
2021,Manitoba,Public administration  ,Women ,15 to 24 years,20.5,
2021,Manitoba,Transportation and warehousing  ,Men ,15 to 24 years,18.08,
2021,Manitoba,Transportation and warehousing  ,Women ,15 to 24 years,15.95,
2021,Manitoba,Utilities  ,Men ,15 to 24 years,,
2021,Manitoba,Utilities  ,Women ,15 to 24 years,,
2021,Manitoba,Wholesale and retail trade  ,Men ,15 to 24 years,14.65,
2021,Manitoba,Wholesale and retail trade  ,Women ,15 to 24 years,13.65,
2021,Manitoba,Accommodation and food services  ,Men ,25 to 54 years,17.04,
2021,Manitoba,Accommodation and food services  ,Women ,25 to 54 years,17.27,
2021,Manitoba,Agriculture  ,Men ,25 to 54 years,25.14,
2021,Manitoba,Agriculture  ,Women ,25 to 54 years,19.21,
2021,Manitoba,"Business, building and other support services  ",Men ,25 to 54 years,21.45,
2021,Manitoba,"Business, building and other support services  ",Women ,25 to 54 years,20.29,
2021,Manitoba,Construction  ,Men ,25 to 54 years,32,
2021,Manitoba,Construction  ,Women ,25 to 54 years,27.79,
2021,Manitoba,Educational services  ,Men ,25 to 54 years,35.16,
2021,Manitoba,Educational services  ,Women ,25 to 54 years,34.63,
2021,Manitoba,"Finance, insurance, real estate, rental and leasing  ",Men ,25 to 54 years,40.08,
2021,Manitoba,"Finance, insurance, real estate, rental and leasing  ",Women ,25 to 54 years,28.51,
2021,Manitoba,"Forestry, fishing, mining, quarrying, oil and gas  ",Men ,25 to 54 years,39.85,
2021,Manitoba,"Forestry, fishing, mining, quarrying, oil and gas  ",Women ,25 to 54 years,,
2021,Manitoba,Health care and social assistance  ,Men ,25 to 54 years,30.67,
2021,Manitoba,Health care and social assistance  ,Women ,25 to 54 years,28.55,
2021,Manitoba,"Information, culture and recreation  ",Men ,25 to 54 years,32.04,
2021,Manitoba,"Information, culture and recreation  ",Women ,25 to 54 years,27.14,
2021,Manitoba,Manufacturing  ,Men ,25 to 54 years,27.55,
2021,Manitoba,Manufacturing  ,Women ,25 to 54 years,23.78,
2021,Manitoba,Other services (except public administration)  ,Men ,25 to 54 years,27.17,
2021,Manitoba,Other services (except public administration)  ,Women ,25 to 54 years,24.03,
2021,Manitoba,"Professional, scientific and technical services  ",Men ,25 to 54 years,37.53,
2021,Manitoba,"Professional, scientific and technical services  ",Women ,25 to 54 years,28.89,
2021,Manitoba,Public administration  ,Men ,25 to 54 years,40.28,
2021,Manitoba,Public administration  ,Women ,25 to 54 years,33.81,
2021,Manitoba,Transportation and warehousing  ,Men ,25 to 54 years,31.03,
2021,Manitoba,Transportation and warehousing  ,Women ,25 to 54 years,25.41,
2021,Manitoba,Utilities  ,Men ,25 to 54 years,42.73,
2021,Manitoba,Utilities  ,Women ,25 to 54 years,39.25,
2021,Manitoba,Wholesale and retail trade  ,Men ,25 to 54 years,26.83,
2021,Manitoba,Wholesale and retail trade  ,Women ,25 to 54 years,22.13,
2021,Manitoba,Accommodation and food services  ,Men ,55 years and over,18.23,
2021,Manitoba,Accommodation and food services  ,Women ,55 years and over,14.23,
2021,Manitoba,Agriculture  ,Men ,55 years and over,24.64,
2021,Manitoba,Agriculture  ,Women ,55 years and over,24.78,
2021,Manitoba,"Business, building and other support services  ",Men ,55 years and over,18.36,
2021,Manitoba,"Business, building and other support services  ",Women ,55 years and over,23.87,
2021,Manitoba,Construction  ,Men ,55 years and over,31.74,
2021,Manitoba,Construction  ,Women ,55 years and over,22.84,
2021,Manitoba,Educational services  ,Men ,55 years and over,38.42,
2021,Manitoba,Educational services  ,Women ,55 years and over,31.8,
2021,Manitoba,"Finance, insurance, real estate, rental and leasing  ",Men ,55 years and over,41.83,
2021,Manitoba,"Finance, insurance, real estate, rental and leasing  ",Women ,55 years and over,30.74,
2021,Manitoba,"Forestry, fishing, mining, quarrying, oil and gas  ",Men ,55 years and over,46.61,
2021,Manitoba,"Forestry, fishing, mining, quarrying, oil and gas  ",Women ,55 years and over,,
2021,Manitoba,Health care and social assistance  ,Men ,55 years and over,31.03,
2021,Manitoba,Health care and social assistance  ,Women ,55 years and over,27.3,
2021,Manitoba,"Information, culture and recreation  ",Men ,55 years and over,31.56,
2021,Manitoba,"Information, culture and recreation  ",Women ,55 years and over,23.64,
2021,Manitoba,Manufacturing  ,Men ,55 years and over,29.7,
2021,Manitoba,Manufacturing  ,Women ,55 years and over,23.04,
2021,Manitoba,Other services (except public administration)  ,Men ,55 years and over,31.07,
2021,Manitoba,Other services (except public administration)  ,Women ,55 years and over,27.59,
2021,Manitoba,"Professional, scientific and technical services  ",Men ,55 years and over,44.62,
2021,Manitoba,"Professional, scientific and technical services  ",Women ,55 years and over,27.86,
2021,Manitoba,Public administration  ,Men ,55 years and over,38.94,
2021,Manitoba,Public administration  ,Women ,55 years and over,34.66,
2021,Manitoba,Transportation and warehousing  ,Men ,55 years and over,28.06,
2021,Manitoba,Transportation and warehousing  ,Women ,55 years and over,26.33,
2021,Manitoba,Utilities  ,Men ,55 years and over,38.32,
2021,Manitoba,Utilities  ,Women ,55 years and over,,
2021,Manitoba,Wholesale and retail trade  ,Men ,55 years and over,25.51,
2021,Manitoba,Wholesale and retail trade  ,Women ,55 years and over,20.65,
2021,New Brunswick,Accommodation and food services  ,Men ,15 to 24 years,12.66,
2021,New Brunswick,Accommodation and food services  ,Women ,15 to 24 years,13.44,
2021,New Brunswick,Agriculture  ,Men ,15 to 24 years,,
2021,New Brunswick,Agriculture  ,Women ,15 to 24 years,,
2021,New Brunswick,"Business, building and other support services  ",Men ,15 to 24 years,15.83,
2021,New Brunswick,"Business, building and other support services  ",Women ,15 to 24 years,14.81,
2021,New Brunswick,Construction  ,Men ,15 to 24 years,17.71,
2021,New Brunswick,Construction  ,Women ,15 to 24 years,,
2021,New Brunswick,Educational services  ,Men ,15 to 24 years,,
2021,New Brunswick,Educational services  ,Women ,15 to 24 years,21.31,
2021,New Brunswick,"Finance, insurance, real estate, rental and leasing  ",Men ,15 to 24 years,19.87,
2021,New Brunswick,"Finance, insurance, real estate, rental and leasing  ",Women ,15 to 24 years,,
2021,New Brunswick,"Forestry, fishing, mining, quarrying, oil and gas  ",Men ,15 to 24 years,23.59,
2021,New Brunswick,"Forestry, fishing, mining, quarrying, oil and gas  ",Women ,15 to 24 years,,
2021,New Brunswick,Health care and social assistance  ,Men ,15 to 24 years,18.68,
2021,New Brunswick,Health care and social assistance  ,Women ,15 to 24 years,18.96,
2021,New Brunswick,"Information, culture and recreation  ",Men ,15 to 24 years,15.47,
2021,New Brunswick,"Information, culture and recreation  ",Women ,15 to 24 years,14.11,
2021,New Brunswick,Manufacturing  ,Men ,15 to 24 years,18.16,
2021,New Brunswick,Manufacturing  ,Women ,15 to 24 years,,
2021,New Brunswick,Other services (except public administration)  ,Men ,15 to 24 years,,
2021,New Brunswick,Other services (except public administration)  ,Women ,15 to 24 years,12.77,
2021,New Brunswick,"Professional, scientific and technical services  ",Men ,15 to 24 years,22.63,
2021,New Brunswick,"Professional, scientific and technical services  ",Women ,15 to 24 years,16.82,
2021,New Brunswick,Public administration  ,Men ,15 to 24 years,24.02,
2021,New Brunswick,Public administration  ,Women ,15 to 24 years,21.58,
2021,New Brunswick,Transportation and warehousing  ,Men ,15 to 24 years,18.55,
2021,New Brunswick,Transportation and warehousing  ,Women ,15 to 24 years,,
2021,New Brunswick,Utilities  ,Men ,15 to 24 years,,
2021,New Brunswick,Utilities  ,Women ,15 to 24 years,,
2021,New Brunswick,Wholesale and retail trade  ,Men ,15 to 24 years,13.43,
2021,New Brunswick,Wholesale and retail trade  ,Women ,15 to 24 years,12.86,
2021,New Brunswick,Accommodation and food services  ,Men ,25 to 54 years,16.55,
2021,New Brunswick,Accommodation and food services  ,Women ,25 to 54 years,15.74,
2021,New Brunswick,Agriculture  ,Men ,25 to 54 years,17.59,
2021,New Brunswick,Agriculture  ,Women ,25 to 54 years,21.17,
2021,New Brunswick,"Business, building and other support services  ",Men ,25 to 54 years,21.68,
2021,New Brunswick,"Business, building and other support services  ",Women ,25 to 54 years,21.81,
2021,New Brunswick,Construction  ,Men ,25 to 54 years,27.28,
2021,New Brunswick,Construction  ,Women ,25 to 54 years,23.34,
2021,New Brunswick,Educational services  ,Men ,25 to 54 years,33.41,
2021,New Brunswick,Educational services  ,Women ,25 to 54 years,32.25,
2021,New Brunswick,"Finance, insurance, real estate, rental and leasing  ",Men ,25 to 54 years,34.93,
2021,New Brunswick,"Finance, insurance, real estate, rental and leasing  ",Women ,25 to 54 years,26.58,
2021,New Brunswick,"Forestry, fishing, mining, quarrying, oil and gas  ",Men ,25 to 54 years,29.6,
2021,New Brunswick,"Forestry, fishing, mining, quarrying, oil and gas  ",Women ,25 to 54 years,26.63,
2021,New Brunswick,Health care and social assistance  ,Men ,25 to 54 years,28,
2021,New Brunswick,Health care and social assistance  ,Women ,25 to 54 years,26.92,
2021,New Brunswick,"Information, culture and recreation  ",Men ,25 to 54 years,32.84,
2021,New Brunswick,"Information, culture and recreation  ",Women ,25 to 54 years,25.12,
2021,New Brunswick,Manufacturing  ,Men ,25 to 54 years,27.9,
2021,New Brunswick,Manufacturing  ,Women ,25 to 54 years,23.88,
2021,New Brunswick,Other services (except public administration)  ,Men ,25 to 54 years,25.93,
2021,New Brunswick,Other services (except public administration)  ,Women ,25 to 54 years,21.16,
2021,New Brunswick,"Professional, scientific and technical services  ",Men ,25 to 54 years,34.71,
2021,New Brunswick,"Professional, scientific and technical services  ",Women ,25 to 54 years,27.13,
2021,New Brunswick,Public administration  ,Men ,25 to 54 years,37.06,
2021,New Brunswick,Public administration  ,Women ,25 to 54 years,33.18,
2021,New Brunswick,Transportation and warehousing  ,Men ,25 to 54 years,25.58,
2021,New Brunswick,Transportation and warehousing  ,Women ,25 to 54 years,22.63,
2021,New Brunswick,Utilities  ,Men ,25 to 54 years,43.97,
2021,New Brunswick,Utilities  ,Women ,25 to 54 years,41.36,
2021,New Brunswick,Wholesale and retail trade  ,Men ,25 to 54 years,24.62,
2021,New Brunswick,Wholesale and retail trade  ,Women ,25 to 54 years,19.36,
2021,New Brunswick,Accommodation and food services  ,Men ,55 years and over,16.61,
2021,New Brunswick,Accommodation and food services  ,Women ,55 years and over,14.83,
2021,New Brunswick,Agriculture  ,Men ,55 years and over,18.75,
2021,New Brunswick,Agriculture  ,Women ,55 years and over,,
2021,New Brunswick,"Business, building and other support services  ",Men ,55 years and over,20.49,
2021,New Brunswick,"Business, building and other support services  ",Women ,55 years and over,17.36,
2021,New Brunswick,Construction  ,Men ,55 years and over,27.33,
2021,New Brunswick,Construction  ,Women ,55 years and over,26.03,
2021,New Brunswick,Educational services  ,Men ,55 years and over,33.54,
2021,New Brunswick,Educational services  ,Women ,55 years and over,28.62,
2021,New Brunswick,"Finance, insurance, real estate, rental and leasing  ",Men ,55 years and over,26.32,
2021,New Brunswick,"Finance, insurance, real estate, rental and leasing  ",Women ,55 years and over,26.89,
2021,New Brunswick,"Forestry, fishing, mining, quarrying, oil and gas  ",Men ,55 years and over,34.38,
2021,New Brunswick,"Forestry, fishing, mining, quarrying, oil and gas  ",Women ,55 years and over,,
2021,New Brunswick,Health care and social assistance  ,Men ,55 years and over,27.38,
2021,New Brunswick,Health care and social assistance  ,Women ,55 years and over,27.58,
2021,New Brunswick,"Information, culture and recreation  ",Men ,55 years and over,26.3,
2021,New Brunswick,"Information, culture and recreation  ",Women ,55 years and over,22.26,
2021,New Brunswick,Manufacturing  ,Men ,55 years and over,29.34,
2021,New Brunswick,Manufacturing  ,Women ,55 years and over,18.87,
2021,New Brunswick,Other services (except public administration)  ,Men ,55 years and over,24.49,
2021,New Brunswick,Other services (except public administration)  ,Women ,55 years and over,23.1,
2021,New Brunswick,"Professional, scientific and technical services  ",Men ,55 years and over,45.16,
2021,New Brunswick,"Professional, scientific and technical services  ",Women ,55 years and over,27.04,
2021,New Brunswick,Public administration  ,Men ,55 years and over,33.91,
2021,New Brunswick,Public administration  ,Women ,55 years and over,31.87,
2021,New Brunswick,Transportation and warehousing  ,Men ,55 years and over,23.67,
2021,New Brunswick,Transportation and warehousing  ,Women ,55 years and over,22.25,
2021,New Brunswick,Utilities  ,Men ,55 years and over,45,
2021,New Brunswick,Utilities  ,Women ,55 years and over,,
2021,New Brunswick,Wholesale and retail trade  ,Men ,55 years and over,23.17,
2021,New Brunswick,Wholesale and retail trade  ,Women ,55 years and over,17.64,
2021,Newfoundland and Labrador,Accommodation and food services  ,Men ,15 to 24 years,13.65,
2021,Newfoundland and Labrador,Accommodation and food services  ,Women ,15 to 24 years,12.65,
2021,Newfoundland and Labrador,Agriculture  ,Men ,15 to 24 years,,
2021,Newfoundland and Labrador,Agriculture  ,Women ,15 to 24 years,,
2021,Newfoundland and Labrador,"Business, building and other support services  ",Men ,15 to 24 years,15.6,
2021,Newfoundland and Labrador,"Business, building and other support services  ",Women ,15 to 24 years,,
2021,Newfoundland and Labrador,Construction  ,Men ,15 to 24 years,20.27,
2021,Newfoundland and Labrador,Construction  ,Women ,15 to 24 years,,
2021,Newfoundland and Labrador,Educational services  ,Men ,15 to 24 years,,
2021,Newfoundland and Labrador,Educational services  ,Women ,15 to 24 years,17.89,
2021,Newfoundland and Labrador,"Finance, insurance, real estate, rental and leasing  ",Men ,15 to 24 years,,
2021,Newfoundland and Labrador,"Finance, insurance, real estate, rental and leasing  ",Women ,15 to 24 years,,
2021,Newfoundland and Labrador,"Forestry, fishing, mining, quarrying, oil and gas  ",Men ,15 to 24 years,31.19,
2021,Newfoundland and Labrador,"Forestry, fishing, mining, quarrying, oil and gas  ",Women ,15 to 24 years,,
2021,Newfoundland and Labrador,Health care and social assistance  ,Men ,15 to 24 years,17.98,
2021,Newfoundland and Labrador,Health care and social assistance  ,Women ,15 to 24 years,22.22,
2021,Newfoundland and Labrador,"Information, culture and recreation  ",Men ,15 to 24 years,17.14,
2021,Newfoundland and Labrador,"Information, culture and recreation  ",Women ,15 to 24 years,14.74,
2021,Newfoundland and Labrador,Manufacturing  ,Men ,15 to 24 years,16.28,
2021,Newfoundland and Labrador,Manufacturing  ,Women ,15 to 24 years,,
2021,Newfoundland and Labrador,Other services (except public administration)  ,Men ,15 to 24 years,,
2021,Newfoundland and Labrador,Other services (except public administration)  ,Women ,15 to 24 years,,
2021,Newfoundland and Labrador,"Professional, scientific and technical services  ",Men ,15 to 24 years,23.18,
2021,Newfoundland and Labrador,"Professional, scientific and technical services  ",Women ,15 to 24 years,,
2021,Newfoundland and Labrador,Public administration  ,Men ,15 to 24 years,23.97,
2021,Newfoundland and Labrador,Public administration  ,Women ,15 to 24 years,,
2021,Newfoundland and Labrador,Transportation and warehousing  ,Men ,15 to 24 years,,
2021,Newfoundland and Labrador,Transportation and warehousing  ,Women ,15 to 24 years,,
2021,Newfoundland and Labrador,Utilities  ,Men ,15 to 24 years,,
2021,Newfoundland and Labrador,Utilities  ,Women ,15 to 24 years,,
2021,Newfoundland and Labrador,Wholesale and retail trade  ,Men ,15 to 24 years,13.25,
2021,Newfoundland and Labrador,Wholesale and retail trade  ,Women ,15 to 24 years,13.09,
2021,Newfoundland and Labrador,Accommodation and food services  ,Men ,25 to 54 years,22.29,
2021,Newfoundland and Labrador,Accommodation and food services  ,Women ,25 to 54 years,14.9,
2021,Newfoundland and Labrador,Agriculture  ,Men ,25 to 54 years,25.06,
2021,Newfoundland and Labrador,Agriculture  ,Women ,25 to 54 years,,
2021,Newfoundland and Labrador,"Business, building and other support services  ",Men ,25 to 54 years,24.74,
2021,Newfoundland and Labrador,"Business, building and other support services  ",Women ,25 to 54 years,23.1,
2021,Newfoundland and Labrador,Construction  ,Men ,25 to 54 years,31.69,
2021,Newfoundland and Labrador,Construction  ,Women ,25 to 54 years,27.5,
2021,Newfoundland and Labrador,Educational services  ,Men ,25 to 54 years,39.45,
2021,Newfoundland and Labrador,Educational services  ,Women ,25 to 54 years,38.74,
2021,Newfoundland and Labrador,"Finance, insurance, real estate, rental and leasing  ",Men ,25 to 54 years,29.56,
2021,Newfoundland and Labrador,"Finance, insurance, real estate, rental and leasing  ",Women ,25 to 54 years,26.23,
2021,Newfoundland and Labrador,"Forestry, fishing, mining, quarrying, oil and gas  ",Men ,25 to 54 years,42.06,
2021,Newfoundland and Labrador,"Forestry, fishing, mining, quarrying, oil and gas  ",Women ,25 to 54 years,46.83,
2021,Newfoundland and Labrador,Health care and social assistance  ,Men ,25 to 54 years,31.04,
2021,Newfoundland and Labrador,Health care and social assistance  ,Women ,25 to 54 years,28.85,
2021,Newfoundland and Labrador,"Information, culture and recreation  ",Men ,25 to 54 years,29.72,
2021,Newfoundland and Labrador,"Information, culture and recreation  ",Women ,25 to 54 years,26.98,
2021,Newfoundland and Labrador,Manufacturing  ,Men ,25 to 54 years,30.8,
2021,Newfoundland and Labrador,Manufacturing  ,Women ,25 to 54 years,22.99,
2021,Newfoundland and Labrador,Other services (except public administration)  ,Men ,25 to 54 years,26.09,
2021,Newfoundland and Labrador,Other services (except public administration)  ,Women ,25 to 54 years,23.41,
2021,Newfoundland and Labrador,"Professional, scientific and technical services  ",Men ,25 to 54 years,41.08,
2021,Newfoundland and Labrador,"Professional, scientific and technical services  ",Women ,25 to 54 years,28.83,
2021,Newfoundland and Labrador,Public administration  ,Men ,25 to 54 years,38.04,
2021,Newfoundland and Labrador,Public administration  ,Women ,25 to 54 years,33.11,
2021,Newfoundland and Labrador,Transportation and warehousing  ,Men ,25 to 54 years,34.09,
2021,Newfoundland and Labrador,Transportation and warehousing  ,Women ,25 to 54 years,24.54,
2021,Newfoundland and Labrador,Utilities  ,Men ,25 to 54 years,42.4,
2021,Newfoundland and Labrador,Utilities  ,Women ,25 to 54 years,44.23,
2021,Newfoundland and Labrador,Wholesale and retail trade  ,Men ,25 to 54 years,25.55,
2021,Newfoundland and Labrador,Wholesale and retail trade  ,Women ,25 to 54 years,20.43,
2021,Newfoundland and Labrador,Accommodation and food services  ,Men ,55 years and over,,
2021,Newfoundland and Labrador,Accommodation and food services  ,Women ,55 years and over,14.65,
2021,Newfoundland and Labrador,Agriculture  ,Men ,55 years and over,,
2021,Newfoundland and Labrador,Agriculture  ,Women ,55 years and over,,
2021,Newfoundland and Labrador,"Business, building and other support services  ",Men ,55 years and over,24.36,
2021,Newfoundland and Labrador,"Business, building and other support services  ",Women ,55 years and over,,
2021,Newfoundland and Labrador,Construction  ,Men ,55 years and over,27.27,
2021,Newfoundland and Labrador,Construction  ,Women ,55 years and over,23.73,
2021,Newfoundland and Labrador,Educational services  ,Men ,55 years and over,48.03,
2021,Newfoundland and Labrador,Educational services  ,Women ,55 years and over,36.74,
2021,Newfoundland and Labrador,"Finance, insurance, real estate, rental and leasing  ",Men ,55 years and over,,
2021,Newfoundland and Labrador,"Finance, insurance, real estate, rental and leasing  ",Women ,55 years and over,31.88,
2021,Newfoundland and Labrador,"Forestry, fishing, mining, quarrying, oil and gas  ",Men ,55 years and over,35.85,
2021,Newfoundland and Labrador,"Forestry, fishing, mining, quarrying, oil and gas  ",Women ,55 years and over,,
2021,Newfoundland and Labrador,Health care and social assistance  ,Men ,55 years and over,28.91,
2021,Newfoundland and Labrador,Health care and social assistance  ,Women ,55 years and over,25.61,
2021,Newfoundland and Labrador,"Information, culture and recreation  ",Men ,55 years and over,27.63,
2021,Newfoundland and Labrador,"Information, culture and recreation  ",Women ,55 years and over,22.85,
2021,Newfoundland and Labrador,Manufacturing  ,Men ,55 years and over,27.93,
2021,Newfoundland and Labrador,Manufacturing  ,Women ,55 years and over,18.27,
2021,Newfoundland and Labrador,Other services (except public administration)  ,Men ,55 years and over,28.72,
2021,Newfoundland and Labrador,Other services (except public administration)  ,Women ,55 years and over,21.26,
2021,Newfoundland and Labrador,"Professional, scientific and technical services  ",Men ,55 years and over,38.69,
2021,Newfoundland and Labrador,"Professional, scientific and technical services  ",Women ,55 years and over,33.06,
2021,Newfoundland and Labrador,Public administration  ,Men ,55 years and over,33.05,
2021,Newfoundland and Labrador,Public administration  ,Women ,55 years and over,31.59,
2021,Newfoundland and Labrador,Transportation and warehousing  ,Men ,55 years and over,30.19,
2021,Newfoundland and Labrador,Transportation and warehousing  ,Women ,55 years and over,,
2021,Newfoundland and Labrador,Utilities  ,Men ,55 years and over,,
2021,Newfoundland and Labrador,Utilities  ,Women ,55 years and over,,
2021,Newfoundland and Labrador,Wholesale and retail trade  ,Men ,55 years and over,25.43,
2021,Newfoundland and Labrador,Wholesale and retail trade  ,Women ,55 years and over,16.93,
2021,Nova Scotia,Accommodation and food services  ,Men ,15 to 24 years,13.78,
2021,Nova Scotia,Accommodation and food services  ,Women ,15 to 24 years,14.08,
2021,Nova Scotia,Agriculture  ,Men ,15 to 24 years,14.41,
2021,Nova Scotia,Agriculture  ,Women ,15 to 24 years,,
2021,Nova Scotia,"Business, building and other support services  ",Men ,15 to 24 years,15.73,
2021,Nova Scotia,"Business, building and other support services  ",Women ,15 to 24 years,14.65,
2021,Nova Scotia,Construction  ,Men ,15 to 24 years,19.67,
2021,Nova Scotia,Construction  ,Women ,15 to 24 years,,
2021,Nova Scotia,Educational services  ,Men ,15 to 24 years,17.06,
2021,Nova Scotia,Educational services  ,Women ,15 to 24 years,18.44,
2021,Nova Scotia,"Finance, insurance, real estate, rental and leasing  ",Men ,15 to 24 years,,
2021,Nova Scotia,"Finance, insurance, real estate, rental and leasing  ",Women ,15 to 24 years,18.18,
2021,Nova Scotia,"Forestry, fishing, mining, quarrying, oil and gas  ",Men ,15 to 24 years,22.26,
2021,Nova Scotia,"Forestry, fishing, mining, quarrying, oil and gas  ",Women ,15 to 24 years,,
2021,Nova Scotia,Health care and social assistance  ,Men ,15 to 24 years,18.57,
2021,Nova Scotia,Health care and social assistance  ,Women ,15 to 24 years,20.24,
2021,Nova Scotia,"Information, culture and recreation  ",Men ,15 to 24 years,15.47,
2021,Nova Scotia,"Information, culture and recreation  ",Women ,15 to 24 years,15.43,
2021,Nova Scotia,Manufacturing  ,Men ,15 to 24 years,19.86,
2021,Nova Scotia,Manufacturing  ,Women ,15 to 24 years,16.74,
2021,Nova Scotia,Other services (except public administration)  ,Men ,15 to 24 years,16.2,
2021,Nova Scotia,Other services (except public administration)  ,Women ,15 to 24 years,15,
2021,Nova Scotia,"Professional, scientific and technical services  ",Men ,15 to 24 years,20.33,
2021,Nova Scotia,"Professional, scientific and technical services  ",Women ,15 to 24 years,18.18,
2021,Nova Scotia,Public administration  ,Men ,15 to 24 years,20.66,
2021,Nova Scotia,Public administration  ,Women ,15 to 24 years,23.38,
2021,Nova Scotia,Transportation and warehousing  ,Men ,15 to 24 years,20.47,
2021,Nova Scotia,Transportation and warehousing  ,Women ,15 to 24 years,,
2021,Nova Scotia,Utilities  ,Men ,15 to 24 years,,
2021,Nova Scotia,Utilities  ,Women ,15 to 24 years,,
2021,Nova Scotia,Wholesale and retail trade  ,Men ,15 to 24 years,13.66,
2021,Nova Scotia,Wholesale and retail trade  ,Women ,15 to 24 years,13.47,
2021,Nova Scotia,Accommodation and food services  ,Men ,25 to 54 years,16.38,
2021,Nova Scotia,Accommodation and food services  ,Women ,25 to 54 years,17.02,
2021,Nova Scotia,Agriculture  ,Men ,25 to 54 years,21.71,
2021,Nova Scotia,Agriculture  ,Women ,25 to 54 years,16.46,
2021,Nova Scotia,"Business, building and other support services  ",Men ,25 to 54 years,18.52,
2021,Nova Scotia,"Business, building and other support services  ",Women ,25 to 54 years,20.23,
2021,Nova Scotia,Construction  ,Men ,25 to 54 years,28.04,
2021,Nova Scotia,Construction  ,Women ,25 to 54 years,23.74,
2021,Nova Scotia,Educational services  ,Men ,25 to 54 years,35.64,
2021,Nova Scotia,Educational services  ,Women ,25 to 54 years,32.94,
2021,Nova Scotia,"Finance, insurance, real estate, rental and leasing  ",Men ,25 to 54 years,32.32,
2021,Nova Scotia,"Finance, insurance, real estate, rental and leasing  ",Women ,25 to 54 years,27.74,
2021,Nova Scotia,"Forestry, fishing, mining, quarrying, oil and gas  ",Men ,25 to 54 years,29.08,
2021,Nova Scotia,"Forestry, fishing, mining, quarrying, oil and gas  ",Women ,25 to 54 years,21.75,
2021,Nova Scotia,Health care and social assistance  ,Men ,25 to 54 years,26.51,
2021,Nova Scotia,Health care and social assistance  ,Women ,25 to 54 years,28.01,
2021,Nova Scotia,"Information, culture and recreation  ",Men ,25 to 54 years,30.83,
2021,Nova Scotia,"Information, culture and recreation  ",Women ,25 to 54 years,23.67,
2021,Nova Scotia,Manufacturing  ,Men ,25 to 54 years,27.92,
2021,Nova Scotia,Manufacturing  ,Women ,25 to 54 years,21.88,
2021,Nova Scotia,Other services (except public administration)  ,Men ,25 to 54 years,26.03,
2021,Nova Scotia,Other services (except public administration)  ,Women ,25 to 54 years,24.93,
2021,Nova Scotia,"Professional, scientific and technical services  ",Men ,25 to 54 years,36.73,
2021,Nova Scotia,"Professional, scientific and technical services  ",Women ,25 to 54 years,31.03,
2021,Nova Scotia,Public administration  ,Men ,25 to 54 years,39.04,
2021,Nova Scotia,Public administration  ,Women ,25 to 54 years,37.33,
2021,Nova Scotia,Transportation and warehousing  ,Men ,25 to 54 years,27.79,
2021,Nova Scotia,Transportation and warehousing  ,Women ,25 to 54 years,27.66,
2021,Nova Scotia,Utilities  ,Men ,25 to 54 years,42.92,
2021,Nova Scotia,Utilities  ,Women ,25 to 54 years,34.09,
2021,Nova Scotia,Wholesale and retail trade  ,Men ,25 to 54 years,24.66,
2021,Nova Scotia,Wholesale and retail trade  ,Women ,25 to 54 years,19.69,
2021,Nova Scotia,Accommodation and food services  ,Men ,55 years and over,18.89,
2021,Nova Scotia,Accommodation and food services  ,Women ,55 years and over,13.52,
2021,Nova Scotia,Agriculture  ,Men ,55 years and over,17.84,
2021,Nova Scotia,Agriculture  ,Women ,55 years and over,17.13,
2021,Nova Scotia,"Business, building and other support services  ",Men ,55 years and over,19.2,
2021,Nova Scotia,"Business, building and other support services  ",Women ,55 years and over,20.86,
2021,Nova Scotia,Construction  ,Men ,55 years and over,27.28,
2021,Nova Scotia,Construction  ,Women ,55 years and over,22.19,
2021,Nova Scotia,Educational services  ,Men ,55 years and over,33.57,
2021,Nova Scotia,Educational services  ,Women ,55 years and over,29.14,
2021,Nova Scotia,"Finance, insurance, real estate, rental and leasing  ",Men ,55 years and over,31.52,
2021,Nova Scotia,"Finance, insurance, real estate, rental and leasing  ",Women ,55 years and over,25.9,
2021,Nova Scotia,"Forestry, fishing, mining, quarrying, oil and gas  ",Men ,55 years and over,33.55,
2021,Nova Scotia,"Forestry, fishing, mining, quarrying, oil and gas  ",Women ,55 years and over,,
2021,Nova Scotia,Health care and social assistance  ,Men ,55 years and over,30.34,
2021,Nova Scotia,Health care and social assistance  ,Women ,55 years and over,26.24,
2021,Nova Scotia,"Information, culture and recreation  ",Men ,55 years and over,27.94,
2021,Nova Scotia,"Information, culture and recreation  ",Women ,55 years and over,21.72,
2021,Nova Scotia,Manufacturing  ,Men ,55 years and over,27.45,
2021,Nova Scotia,Manufacturing  ,Women ,55 years and over,19.95,
2021,Nova Scotia,Other services (except public administration)  ,Men ,55 years and over,25.84,
2021,Nova Scotia,Other services (except public administration)  ,Women ,55 years and over,22.31,
2021,Nova Scotia,"Professional, scientific and technical services  ",Men ,55 years and over,47.21,
2021,Nova Scotia,"Professional, scientific and technical services  ",Women ,55 years and over,29.37,
2021,Nova Scotia,Public administration  ,Men ,55 years and over,41.26,
2021,Nova Scotia,Public administration  ,Women ,55 years and over,33.26,
2021,Nova Scotia,Transportation and warehousing  ,Men ,55 years and over,23.84,
2021,Nova Scotia,Transportation and warehousing  ,Women ,55 years and over,24.99,
2021,Nova Scotia,Utilities  ,Men ,55 years and over,41.7,
2021,Nova Scotia,Utilities  ,Women ,55 years and over,,
2021,Nova Scotia,Wholesale and retail trade  ,Men ,55 years and over,24.56,
2021,Nova Scotia,Wholesale and retail trade  ,Women ,55 years and over,18.07,
2021,Ontario,Accommodation and food services  ,Men ,15 to 24 years,14.97,
2021,Ontario,Accommodation and food services  ,Women ,15 to 24 years,14.96,
2021,Ontario,Agriculture  ,Men ,15 to 24 years,16.1,
2021,Ontario,Agriculture  ,Women ,15 to 24 years,16.72,
2021,Ontario,"Business, building and other support services  ",Men ,15 to 24 years,17.73,
2021,Ontario,"Business, building and other support services  ",Women ,15 to 24 years,16.95,
2021,Ontario,Construction  ,Men ,15 to 24 years,22.19,
2021,Ontario,Construction  ,Women ,15 to 24 years,22.68,
2021,Ontario,Educational services  ,Men ,15 to 24 years,21.28,
2021,Ontario,Educational services  ,Women ,15 to 24 years,21.01,
2021,Ontario,"Finance, insurance, real estate, rental and leasing  ",Men ,15 to 24 years,23.11,
2021,Ontario,"Finance, insurance, real estate, rental and leasing  ",Women ,15 to 24 years,20.38,
2021,Ontario,"Forestry, fishing, mining, quarrying, oil and gas  ",Men ,15 to 24 years,27.4,
2021,Ontario,"Forestry, fishing, mining, quarrying, oil and gas  ",Women ,15 to 24 years,,
2021,Ontario,Health care and social assistance  ,Men ,15 to 24 years,20.94,
2021,Ontario,Health care and social assistance  ,Women ,15 to 24 years,21.37,
2021,Ontario,"Information, culture and recreation  ",Men ,15 to 24 years,17.77,
2021,Ontario,"Information, culture and recreation  ",Women ,15 to 24 years,17.99,
2021,Ontario,Manufacturing  ,Men ,15 to 24 years,19.79,
2021,Ontario,Manufacturing  ,Women ,15 to 24 years,19.67,
2021,Ontario,Other services (except public administration)  ,Men ,15 to 24 years,18.23,
2021,Ontario,Other services (except public administration)  ,Women ,15 to 24 years,16.95,
2021,Ontario,"Professional, scientific and technical services  ",Men ,15 to 24 years,26.79,
2021,Ontario,"Professional, scientific and technical services  ",Women ,15 to 24 years,21.04,
2021,Ontario,Public administration  ,Men ,15 to 24 years,23.86,
2021,Ontario,Public administration  ,Women ,15 to 24 years,25.2,
2021,Ontario,Transportation and warehousing  ,Men ,15 to 24 years,19.1,
2021,Ontario,Transportation and warehousing  ,Women ,15 to 24 years,19.04,
2021,Ontario,Utilities  ,Men ,15 to 24 years,32.1,
2021,Ontario,Utilities  ,Women ,15 to 24 years,,
2021,Ontario,Wholesale and retail trade  ,Men ,15 to 24 years,16.22,
2021,Ontario,Wholesale and retail trade  ,Women ,15 to 24 years,15.54,
2021,Ontario,Accommodation and food services  ,Men ,25 to 54 years,20.15,
2021,Ontario,Accommodation and food services  ,Women ,25 to 54 years,18.43,
2021,Ontario,Agriculture  ,Men ,25 to 54 years,23.74,
2021,Ontario,Agriculture  ,Women ,25 to 54 years,23.75,
2021,Ontario,"Business, building and other support services  ",Men ,25 to 54 years,24.96,
2021,Ontario,"Business, building and other support services  ",Women ,25 to 54 years,24.36,
2021,Ontario,Construction  ,Men ,25 to 54 years,35.17,
2021,Ontario,Construction  ,Women ,25 to 54 years,29.43,
2021,Ontario,Educational services  ,Men ,25 to 54 years,41.78,
2021,Ontario,Educational services  ,Women ,25 to 54 years,38.31,
2021,Ontario,"Finance, insurance, real estate, rental and leasing  ",Men ,25 to 54 years,45.43,
2021,Ontario,"Finance, insurance, real estate, rental and leasing  ",Women ,25 to 54 years,36.55,
2021,Ontario,"Forestry, fishing, mining, quarrying, oil and gas  ",Men ,25 to 54 years,44.91,
2021,Ontario,"Forestry, fishing, mining, quarrying, oil and gas  ",Women ,25 to 54 years,41.97,
2021,Ontario,Health care and social assistance  ,Men ,25 to 54 years,33.77,
2021,Ontario,Health care and social assistance  ,Women ,25 to 54 years,30.39,
2021,Ontario,"Information, culture and recreation  ",Men ,25 to 54 years,37.82,
2021,Ontario,"Information, culture and recreation  ",Women ,25 to 54 years,33.72,
2021,Ontario,Manufacturing  ,Men ,25 to 54 years,31.42,
2021,Ontario,Manufacturing  ,Women ,25 to 54 years,26.95,
2021,Ontario,Other services (except public administration)  ,Men ,25 to 54 years,32.1,
2021,Ontario,Other services (except public administration)  ,Women ,25 to 54 years,27.41,
2021,Ontario,"Professional, scientific and technical services  ",Men ,25 to 54 years,44.96,
2021,Ontario,"Professional, scientific and technical services  ",Women ,25 to 54 years,37.13,
2021,Ontario,Public administration  ,Men ,25 to 54 years,44.13,
2021,Ontario,Public administration  ,Women ,25 to 54 years,41.23,
2021,Ontario,Transportation and warehousing  ,Men ,25 to 54 years,31.22,
2021,Ontario,Transportation and warehousing  ,Women ,25 to 54 years,26.78,
2021,Ontario,Utilities  ,Men ,25 to 54 years,47.62,
2021,Ontario,Utilities  ,Women ,25 to 54 years,50.12,
2021,Ontario,Wholesale and retail trade  ,Men ,25 to 54 years,30.21,
2021,Ontario,Wholesale and retail trade  ,Women ,25 to 54 years,24.7,
2021,Ontario,Accommodation and food services  ,Men ,55 years and over,22.12,
2021,Ontario,Accommodation and food services  ,Women ,55 years and over,18.31,
2021,Ontario,Agriculture  ,Men ,55 years and over,22.25,
2021,Ontario,Agriculture  ,Women ,55 years and over,20.81,
2021,Ontario,"Business, building and other support services  ",Men ,55 years and over,28.36,
2021,Ontario,"Business, building and other support services  ",Women ,55 years and over,23.68,
2021,Ontario,Construction  ,Men ,55 years and over,36.35,
2021,Ontario,Construction  ,Women ,55 years and over,30.79,
2021,Ontario,Educational services  ,Men ,55 years and over,47.14,
2021,Ontario,Educational services  ,Women ,55 years and over,42.87,
2021,Ontario,"Finance, insurance, real estate, rental and leasing  ",Men ,55 years and over,46.54,
2021,Ontario,"Finance, insurance, real estate, rental and leasing  ",Women ,55 years and over,35.69,
2021,Ontario,"Forestry, fishing, mining, quarrying, oil and gas  ",Men ,55 years and over,42.28,
2021,Ontario,"Forestry, fishing, mining, quarrying, oil and gas  ",Women ,55 years and over,,
2021,Ontario,Health care and social assistance  ,Men ,55 years and over,36.7,
2021,Ontario,Health care and social assistance  ,Women ,55 years and over,30.23,
2021,Ontario,"Information, culture and recreation  ",Men ,55 years and over,33.13,
2021,Ontario,"Information, culture and recreation  ",Women ,55 years and over,30.08,
2021,Ontario,Manufacturing  ,Men ,55 years and over,32.43,
2021,Ontario,Manufacturing  ,Women ,55 years and over,25.17,
2021,Ontario,Other services (except public administration)  ,Men ,55 years and over,32.37,
2021,Ontario,Other services (except public administration)  ,Women ,55 years and over,26.4,
2021,Ontario,"Professional, scientific and technical services  ",Men ,55 years and over,50.38,
2021,Ontario,"Professional, scientific and technical services  ",Women ,55 years and over,35.87,
2021,Ontario,Public administration  ,Men ,55 years and over,50.45,
2021,Ontario,Public administration  ,Women ,55 years and over,41.76,
2021,Ontario,Transportation and warehousing  ,Men ,55 years and over,29.06,
2021,Ontario,Transportation and warehousing  ,Women ,55 years and over,31.3,
2021,Ontario,Utilities  ,Men ,55 years and over,54.52,
2021,Ontario,Utilities  ,Women ,55 years and over,43.33,
2021,Ontario,Wholesale and retail trade  ,Men ,55 years and over,28.96,
2021,Ontario,Wholesale and retail trade  ,Women ,55 years and over,23.16,
2021,Prince Edward Island,Accommodation and food services  ,Men ,15 to 24 years,14.61,
2021,Prince Edward Island,Accommodation and food services  ,Women ,15 to 24 years,14.3,
2021,Prince Edward Island,Agriculture  ,Men ,15 to 24 years,15.52,
2021,Prince Edward Island,Agriculture  ,Women ,15 to 24 years,,
2021,Prince Edward Island,"Business, building and other support services  ",Men ,15 to 24 years,14.99,
2021,Prince Edward Island,"Business, building and other support services  ",Women ,15 to 24 years,13.9,
2021,Prince Edward Island,Construction  ,Men ,15 to 24 years,17.9,
2021,Prince Edward Island,Construction  ,Women ,15 to 24 years,,
2021,Prince Edward Island,Educational services  ,Men ,15 to 24 years,,
2021,Prince Edward Island,Educational services  ,Women ,15 to 24 years,20.19,
2021,Prince Edward Island,"Finance, insurance, real estate, rental and leasing  ",Men ,15 to 24 years,,
2021,Prince Edward Island,"Finance, insurance, real estate, rental and leasing  ",Women ,15 to 24 years,,
2021,Prince Edward Island,"Forestry, fishing, mining, quarrying, oil and gas  ",Men ,15 to 24 years,,
2021,Prince Edward Island,"Forestry, fishing, mining, quarrying, oil and gas  ",Women ,15 to 24 years,,
2021,Prince Edward Island,Health care and social assistance  ,Men ,15 to 24 years,22.25,
2021,Prince Edward Island,Health care and social assistance  ,Women ,15 to 24 years,19.96,
2021,Prince Edward Island,"Information, culture and recreation  ",Men ,15 to 24 years,15.71,
2021,Prince Edward Island,"Information, culture and recreation  ",Women ,15 to 24 years,14.21,
2021,Prince Edward Island,Manufacturing  ,Men ,15 to 24 years,18.1,
2021,Prince Edward Island,Manufacturing  ,Women ,15 to 24 years,16.45,
2021,Prince Edward Island,Other services (except public administration)  ,Men ,15 to 24 years,17.65,
2021,Prince Edward Island,Other services (except public administration)  ,Women ,15 to 24 years,15.42,
2021,Prince Edward Island,"Professional, scientific and technical services  ",Men ,15 to 24 years,,
2021,Prince Edward Island,"Professional, scientific and technical services  ",Women ,15 to 24 years,,
2021,Prince Edward Island,Public administration  ,Men ,15 to 24 years,21.93,
2021,Prince Edward Island,Public administration  ,Women ,15 to 24 years,20.11,
2021,Prince Edward Island,Transportation and warehousing  ,Men ,15 to 24 years,16.96,
2021,Prince Edward Island,Transportation and warehousing  ,Women ,15 to 24 years,,
2021,Prince Edward Island,Utilities  ,Men ,15 to 24 years,,
2021,Prince Edward Island,Utilities  ,Women ,15 to 24 years,,
2021,Prince Edward Island,Wholesale and retail trade  ,Men ,15 to 24 years,14.15,
2021,Prince Edward Island,Wholesale and retail trade  ,Women ,15 to 24 years,13.86,
2021,Prince Edward Island,Accommodation and food services  ,Men ,25 to 54 years,16.39,
2021,Prince Edward Island,Accommodation and food services  ,Women ,25 to 54 years,16.92,
2021,Prince Edward Island,Agriculture  ,Men ,25 to 54 years,20.01,
2021,Prince Edward Island,Agriculture  ,Women ,25 to 54 years,19.5,
2021,Prince Edward Island,"Business, building and other support services  ",Men ,25 to 54 years,17.9,
2021,Prince Edward Island,"Business, building and other support services  ",Women ,25 to 54 years,17.67,
2021,Prince Edward Island,Construction  ,Men ,25 to 54 years,25.7,
2021,Prince Edward Island,Construction  ,Women ,25 to 54 years,19.71,
2021,Prince Edward Island,Educational services  ,Men ,25 to 54 years,39.44,
2021,Prince Edward Island,Educational services  ,Women ,25 to 54 years,35.48,
2021,Prince Edward Island,"Finance, insurance, real estate, rental and leasing  ",Men ,25 to 54 years,31.02,
2021,Prince Edward Island,"Finance, insurance, real estate, rental and leasing  ",Women ,25 to 54 years,27.08,
2021,Prince Edward Island,"Forestry, fishing, mining, quarrying, oil and gas  ",Men ,25 to 54 years,25.79,
2021,Prince Edward Island,"Forestry, fishing, mining, quarrying, oil and gas  ",Women ,25 to 54 years,,
2021,Prince Edward Island,Health care and social assistance  ,Men ,25 to 54 years,32.56,
2021,Prince Edward Island,Health care and social assistance  ,Women ,25 to 54 years,27.75,
2021,Prince Edward Island,"Information, culture and recreation  ",Men ,25 to 54 years,28.2,
2021,Prince Edward Island,"Information, culture and recreation  ",Women ,25 to 54 years,27.1,
2021,Prince Edward Island,Manufacturing  ,Men ,25 to 54 years,24.36,
2021,Prince Edward Island,Manufacturing  ,Women ,25 to 54 years,19.56,
2021,Prince Edward Island,Other services (except public administration)  ,Men ,25 to 54 years,22.95,
2021,Prince Edward Island,Other services (except public administration)  ,Women ,25 to 54 years,22.38,
2021,Prince Edward Island,"Professional, scientific and technical services  ",Men ,25 to 54 years,32.73,
2021,Prince Edward Island,"Professional, scientific and technical services  ",Women ,25 to 54 years,26.13,
2021,Prince Edward Island,Public administration  ,Men ,25 to 54 years,37.76,
2021,Prince Edward Island,Public administration  ,Women ,25 to 54 years,34.79,
2021,Prince Edward Island,Transportation and warehousing  ,Men ,25 to 54 years,25.78,
2021,Prince Edward Island,Transportation and warehousing  ,Women ,25 to 54 years,24.11,
2021,Prince Edward Island,Utilities  ,Men ,25 to 54 years,45.07,
2021,Prince Edward Island,Utilities  ,Women ,25 to 54 years,,
2021,Prince Edward Island,Wholesale and retail trade  ,Men ,25 to 54 years,22.45,
2021,Prince Edward Island,Wholesale and retail trade  ,Women ,25 to 54 years,18.81,
2021,Prince Edward Island,Accommodation and food services  ,Men ,55 years and over,,
2021,Prince Edward Island,Accommodation and food services  ,Women ,55 years and over,15.7,
2021,Prince Edward Island,Agriculture  ,Men ,55 years and over,20.94,
2021,Prince Edward Island,Agriculture  ,Women ,55 years and over,,
2021,Prince Edward Island,"Business, building and other support services  ",Men ,55 years and over,16.63,
2021,Prince Edward Island,"Business, building and other support services  ",Women ,55 years and over,,
2021,Prince Edward Island,Construction  ,Men ,55 years and over,24.87,
2021,Prince Edward Island,Construction  ,Women ,55 years and over,,
2021,Prince Edward Island,Educational services  ,Men ,55 years and over,36.05,
2021,Prince Edward Island,Educational services  ,Women ,55 years and over,30.72,
2021,Prince Edward Island,"Finance, insurance, real estate, rental and leasing  ",Men ,55 years and over,24.41,
2021,Prince Edward Island,"Finance, insurance, real estate, rental and leasing  ",Women ,55 years and over,22.63,
2021,Prince Edward Island,"Forestry, fishing, mining, quarrying, oil and gas  ",Men ,55 years and over,21.59,
2021,Prince Edward Island,"Forestry, fishing, mining, quarrying, oil and gas  ",Women ,55 years and over,,
2021,Prince Edward Island,Health care and social assistance  ,Men ,55 years and over,29.12,
2021,Prince Edward Island,Health care and social assistance  ,Women ,55 years and over,27.16,
2021,Prince Edward Island,"Information, culture and recreation  ",Men ,55 years and over,21.95,
2021,Prince Edward Island,"Information, culture and recreation  ",Women ,55 years and over,22.57,
2021,Prince Edward Island,Manufacturing  ,Men ,55 years and over,25.59,
2021,Prince Edward Island,Manufacturing  ,Women ,55 years and over,23.67,
2021,Prince Edward Island,Other services (except public administration)  ,Men ,55 years and over,29.56,
2021,Prince Edward Island,Other services (except public administration)  ,Women ,55 years and over,20.13,
2021,Prince Edward Island,"Professional, scientific and technical services  ",Men ,55 years and over,41.87,
2021,Prince Edward Island,"Professional, scientific and technical services  ",Women ,55 years and over,26.87,
2021,Prince Edward Island,Public administration  ,Men ,55 years and over,36.73,
2021,Prince Edward Island,Public administration  ,Women ,55 years and over,33.92,
2021,Prince Edward Island,Transportation and warehousing  ,Men ,55 years and over,24.49,
2021,Prince Edward Island,Transportation and warehousing  ,Women ,55 years and over,24.4,
2021,Prince Edward Island,Utilities  ,Men ,55 years and over,,
2021,Prince Edward Island,Utilities  ,Women ,55 years and over,,
2021,Prince Edward Island,Wholesale and retail trade  ,Men ,55 years and over,20.47,
2021,Prince Edward Island,Wholesale and retail trade  ,Women ,55 years and over,18.61,
2021,Quebec,Accommodation and food services  ,Men ,15 to 24 years,14.99,
2021,Quebec,Accommodation and food services  ,Women ,15 to 24 years,15,
2021,Quebec,Agriculture  ,Men ,15 to 24 years,16.78,
2021,Quebec,Agriculture  ,Women ,15 to 24 years,15.63,
2021,Quebec,"Business, building and other support services  ",Men ,15 to 24 years,17.37,
2021,Quebec,"Business, building and other support services  ",Women ,15 to 24 years,17.59,
2021,Quebec,Construction  ,Men ,15 to 24 years,23.81,
2021,Quebec,Construction  ,Women ,15 to 24 years,20.9,
2021,Quebec,Educational services  ,Men ,15 to 24 years,30.58,
2021,Quebec,Educational services  ,Women ,15 to 24 years,25.59,
2021,Quebec,"Finance, insurance, real estate, rental and leasing  ",Men ,15 to 24 years,21.42,
2021,Quebec,"Finance, insurance, real estate, rental and leasing  ",Women ,15 to 24 years,19.82,
2021,Quebec,"Forestry, fishing, mining, quarrying, oil and gas  ",Men ,15 to 24 years,25.89,
2021,Quebec,"Forestry, fishing, mining, quarrying, oil and gas  ",Women ,15 to 24 years,,
2021,Quebec,Health care and social assistance  ,Men ,15 to 24 years,19.86,
2021,Quebec,Health care and social assistance  ,Women ,15 to 24 years,21.25,
2021,Quebec,"Information, culture and recreation  ",Men ,15 to 24 years,18.07,
2021,Quebec,"Information, culture and recreation  ",Women ,15 to 24 years,17.52,
2021,Quebec,Manufacturing  ,Men ,15 to 24 years,20.42,
2021,Quebec,Manufacturing  ,Women ,15 to 24 years,18.73,
2021,Quebec,Other services (except public administration)  ,Men ,15 to 24 years,17.39,
2021,Quebec,Other services (except public administration)  ,Women ,15 to 24 years,16.55,
2021,Quebec,"Professional, scientific and technical services  ",Men ,15 to 24 years,21.4,
2021,Quebec,"Professional, scientific and technical services  ",Women ,15 to 24 years,19.94,
2021,Quebec,Public administration  ,Men ,15 to 24 years,20.38,
2021,Quebec,Public administration  ,Women ,15 to 24 years,24.17,
2021,Quebec,Transportation and warehousing  ,Men ,15 to 24 years,18.51,
2021,Quebec,Transportation and warehousing  ,Women ,15 to 24 years,19.15,
2021,Quebec,Utilities  ,Men ,15 to 24 years,,
2021,Quebec,Utilities  ,Women ,15 to 24 years,,
2021,Quebec,Wholesale and retail trade  ,Men ,15 to 24 years,15.05,
2021,Quebec,Wholesale and retail trade  ,Women ,15 to 24 years,14.72,
2021,Quebec,Accommodation and food services  ,Men ,25 to 54 years,19.04,
2021,Quebec,Accommodation and food services  ,Women ,25 to 54 years,19.1,
2021,Quebec,Agriculture  ,Men ,25 to 54 years,21.69,
2021,Quebec,Agriculture  ,Women ,25 to 54 years,19.19,
2021,Quebec,"Business, building and other support services  ",Men ,25 to 54 years,24.58,
2021,Quebec,"Business, building and other support services  ",Women ,25 to 54 years,23.61,
2021,Quebec,Construction  ,Men ,25 to 54 years,34.53,
2021,Quebec,Construction  ,Women ,25 to 54 years,26.85,
2021,Quebec,Educational services  ,Men ,25 to 54 years,38.66,
2021,Quebec,Educational services  ,Women ,25 to 54 years,35.09,
2021,Quebec,"Finance, insurance, real estate, rental and leasing  ",Men ,25 to 54 years,42.27,
2021,Quebec,"Finance, insurance, real estate, rental and leasing  ",Women ,25 to 54 years,33.38,
2021,Quebec,"Forestry, fishing, mining, quarrying, oil and gas  ",Men ,25 to 54 years,38.63,
2021,Quebec,"Forestry, fishing, mining, quarrying, oil and gas  ",Women ,25 to 54 years,35,
2021,Quebec,Health care and social assistance  ,Men ,25 to 54 years,29.03,
2021,Quebec,Health care and social assistance  ,Women ,25 to 54 years,28.59,
2021,Quebec,"Information, culture and recreation  ",Men ,25 to 54 years,35.38,
2021,Quebec,"Information, culture and recreation  ",Women ,25 to 54 years,32.57,
2021,Quebec,Manufacturing  ,Men ,25 to 54 years,30.31,
2021,Quebec,Manufacturing  ,Women ,25 to 54 years,27,
2021,Quebec,Other services (except public administration)  ,Men ,25 to 54 years,28.95,
2021,Quebec,Other services (except public administration)  ,Women ,25 to 54 years,25.82,
2021,Quebec,"Professional, scientific and technical services  ",Men ,25 to 54 years,37.35,
2021,Quebec,"Professional, scientific and technical services  ",Women ,25 to 54 years,32.99,
2021,Quebec,Public administration  ,Men ,25 to 54 years,40.45,
2021,Quebec,Public administration  ,Women ,25 to 54 years,37.84,
2021,Quebec,Transportation and warehousing  ,Men ,25 to 54 years,30.56,
2021,Quebec,Transportation and warehousing  ,Women ,25 to 54 years,30.17,
2021,Quebec,Utilities  ,Men ,25 to 54 years,46.3,
2021,Quebec,Utilities  ,Women ,25 to 54 years,48.24,
2021,Quebec,Wholesale and retail trade  ,Men ,25 to 54 years,27.69,
2021,Quebec,Wholesale and retail trade  ,Women ,25 to 54 years,24.69,
2021,Quebec,Accommodation and food services  ,Men ,55 years and over,20.03,
2021,Quebec,Accommodation and food services  ,Women ,55 years and over,16.65,
2021,Quebec,Agriculture  ,Men ,55 years and over,20.6,
2021,Quebec,Agriculture  ,Women ,55 years and over,18,
2021,Quebec,"Business, building and other support services  ",Men ,55 years and over,24.67,
2021,Quebec,"Business, building and other support services  ",Women ,55 years and over,20.09,
2021,Quebec,Construction  ,Men ,55 years and over,34.61,
2021,Quebec,Construction  ,Women ,55 years and over,25.09,
2021,Quebec,Educational services  ,Men ,55 years and over,41.43,
2021,Quebec,Educational services  ,Women ,55 years and over,35.93,
2021,Quebec,"Finance, insurance, real estate, rental and leasing  ",Men ,55 years and over,44.1,
2021,Quebec,"Finance, insurance, real estate, rental and leasing  ",Women ,55 years and over,28.78,
2021,Quebec,"Forestry, fishing, mining, quarrying, oil and gas  ",Men ,55 years and over,33.92,
2021,Quebec,"Forestry, fishing, mining, quarrying, oil and gas  ",Women ,55 years and over,,
2021,Quebec,Health care and social assistance  ,Men ,55 years and over,28.13,
2021,Quebec,Health care and social assistance  ,Women ,55 years and over,26.77,
2021,Quebec,"Information, culture and recreation  ",Men ,55 years and over,29.98,
2021,Quebec,"Information, culture and recreation  ",Women ,55 years and over,27.55,
2021,Quebec,Manufacturing  ,Men ,55 years and over,30.85,
2021,Quebec,Manufacturing  ,Women ,55 years and over,23.52,
2021,Quebec,Other services (except public administration)  ,Men ,55 years and over,23.9,
2021,Quebec,Other services (except public administration)  ,Women ,55 years and over,22.41,
2021,Quebec,"Professional, scientific and technical services  ",Men ,55 years and over,50.11,
2021,Quebec,"Professional, scientific and technical services  ",Women ,55 years and over,34.34,
2021,Quebec,Public administration  ,Men ,55 years and over,43.91,
2021,Quebec,Public administration  ,Women ,55 years and over,35.23,
2021,Quebec,Transportation and warehousing  ,Men ,55 years and over,27.06,
2021,Quebec,Transportation and warehousing  ,Women ,55 years and over,27,
2021,Quebec,Utilities  ,Men ,55 years and over,47.89,
2021,Quebec,Utilities  ,Women ,55 years and over,,
2021,Quebec,Wholesale and retail trade  ,Men ,55 years and over,26.38,
2021,Quebec,Wholesale and retail trade  ,Women ,55 years and over,19.99,
2021,Saskatchewan,Accommodation and food services  ,Men ,15 to 24 years,13.58,
2021,Saskatchewan,Accommodation and food services  ,Women ,15 to 24 years,13.61,
2021,Saskatchewan,Agriculture  ,Men ,15 to 24 years,17.95,
2021,Saskatchewan,Agriculture  ,Women ,15 to 24 years,16.01,
2021,Saskatchewan,"Business, building and other support services  ",Men ,15 to 24 years,16.47,
2021,Saskatchewan,"Business, building and other support services  ",Women ,15 to 24 years,16.96,
2021,Saskatchewan,Construction  ,Men ,15 to 24 years,20.34,
2021,Saskatchewan,Construction  ,Women ,15 to 24 years,,
2021,Saskatchewan,Educational services  ,Men ,15 to 24 years,16.85,
2021,Saskatchewan,Educational services  ,Women ,15 to 24 years,22.04,
2021,Saskatchewan,"Finance, insurance, real estate, rental and leasing  ",Men ,15 to 24 years,23.72,
2021,Saskatchewan,"Finance, insurance, real estate, rental and leasing  ",Women ,15 to 24 years,22.96,
2021,Saskatchewan,"Forestry, fishing, mining, quarrying, oil and gas  ",Men ,15 to 24 years,28.4,
2021,Saskatchewan,"Forestry, fishing, mining, quarrying, oil and gas  ",Women ,15 to 24 years,,
2021,Saskatchewan,Health care and social assistance  ,Men ,15 to 24 years,21.43,
2021,Saskatchewan,Health care and social assistance  ,Women ,15 to 24 years,21.48,
2021,Saskatchewan,"Information, culture and recreation  ",Men ,15 to 24 years,15.99,
2021,Saskatchewan,"Information, culture and recreation  ",Women ,15 to 24 years,16.65,
2021,Saskatchewan,Manufacturing  ,Men ,15 to 24 years,19.76,
2021,Saskatchewan,Manufacturing  ,Women ,15 to 24 years,,
2021,Saskatchewan,Other services (except public administration)  ,Men ,15 to 24 years,16.89,
2021,Saskatchewan,Other services (except public administration)  ,Women ,15 to 24 years,16.54,
2021,Saskatchewan,"Professional, scientific and technical services  ",Men ,15 to 24 years,23.83,
2021,Saskatchewan,"Professional, scientific and technical services  ",Women ,15 to 24 years,20.18,
2021,Saskatchewan,Public administration  ,Men ,15 to 24 years,24.05,
2021,Saskatchewan,Public administration  ,Women ,15 to 24 years,21.2,
2021,Saskatchewan,Transportation and warehousing  ,Men ,15 to 24 years,22.26,
2021,Saskatchewan,Transportation and warehousing  ,Women ,15 to 24 years,,
2021,Saskatchewan,Utilities  ,Men ,15 to 24 years,,
2021,Saskatchewan,Utilities  ,Women ,15 to 24 years,,
2021,Saskatchewan,Wholesale and retail trade  ,Men ,15 to 24 years,15.59,
2021,Saskatchewan,Wholesale and retail trade  ,Women ,15 to 24 years,13.55,
2021,Saskatchewan,Accommodation and food services  ,Men ,25 to 54 years,18.48,
2021,Saskatchewan,Accommodation and food services  ,Women ,25 to 54 years,15.79,
2021,Saskatchewan,Agriculture  ,Men ,25 to 54 years,26.49,
2021,Saskatchewan,Agriculture  ,Women ,25 to 54 years,21.82,
2021,Saskatchewan,"Business, building and other support services  ",Men ,25 to 54 years,24.05,
2021,Saskatchewan,"Business, building and other support services  ",Women ,25 to 54 years,22.31,
2021,Saskatchewan,Construction  ,Men ,25 to 54 years,33.96,
2021,Saskatchewan,Construction  ,Women ,25 to 54 years,28.4,
2021,Saskatchewan,Educational services  ,Men ,25 to 54 years,39.78,
2021,Saskatchewan,Educational services  ,Women ,25 to 54 years,34.65,
2021,Saskatchewan,"Finance, insurance, real estate, rental and leasing  ",Men ,25 to 54 years,43.49,
2021,Saskatchewan,"Finance, insurance, real estate, rental and leasing  ",Women ,25 to 54 years,31.91,
2021,Saskatchewan,"Forestry, fishing, mining, quarrying, oil and gas  ",Men ,25 to 54 years,45.59,
2021,Saskatchewan,"Forestry, fishing, mining, quarrying, oil and gas  ",Women ,25 to 54 years,37.1,
2021,Saskatchewan,Health care and social assistance  ,Men ,25 to 54 years,31.26,
2021,Saskatchewan,Health care and social assistance  ,Women ,25 to 54 years,31.25,
2021,Saskatchewan,"Information, culture and recreation  ",Men ,25 to 54 years,33.94,
2021,Saskatchewan,"Information, culture and recreation  ",Women ,25 to 54 years,25.79,
2021,Saskatchewan,Manufacturing  ,Men ,25 to 54 years,32.27,
2021,Saskatchewan,Manufacturing  ,Women ,25 to 54 years,24.34,
2021,Saskatchewan,Other services (except public administration)  ,Men ,25 to 54 years,31.54,
2021,Saskatchewan,Other services (except public administration)  ,Women ,25 to 54 years,23.66,
2021,Saskatchewan,"Professional, scientific and technical services  ",Men ,25 to 54 years,37.37,
2021,Saskatchewan,"Professional, scientific and technical services  ",Women ,25 to 54 years,30.55,
2021,Saskatchewan,Public administration  ,Men ,25 to 54 years,39.53,
2021,Saskatchewan,Public administration  ,Women ,25 to 54 years,36.6,
2021,Saskatchewan,Transportation and warehousing  ,Men ,25 to 54 years,32.78,
2021,Saskatchewan,Transportation and warehousing  ,Women ,25 to 54 years,29.79,
2021,Saskatchewan,Utilities  ,Men ,25 to 54 years,43.3,
2021,Saskatchewan,Utilities  ,Women ,25 to 54 years,44.44,
2021,Saskatchewan,Wholesale and retail trade  ,Men ,25 to 54 years,28.84,
2021,Saskatchewan,Wholesale and retail trade  ,Women ,25 to 54 years,22.84,
2021,Saskatchewan,Accommodation and food services  ,Men ,55 years and over,15,
2021,Saskatchewan,Accommodation and food services  ,Women ,55 years and over,14.63,
2021,Saskatchewan,Agriculture  ,Men ,55 years and over,25.73,
2021,Saskatchewan,Agriculture  ,Women ,55 years and over,23.7,
2021,Saskatchewan,"Business, building and other support services  ",Men ,55 years and over,22.85,
2021,Saskatchewan,"Business, building and other support services  ",Women ,55 years and over,24.22,
2021,Saskatchewan,Construction  ,Men ,55 years and over,34.17,
2021,Saskatchewan,Construction  ,Women ,55 years and over,,
2021,Saskatchewan,Educational services  ,Men ,55 years and over,37.61,
2021,Saskatchewan,Educational services  ,Women ,55 years and over,37.64,
2021,Saskatchewan,"Finance, insurance, real estate, rental and leasing  ",Men ,55 years and over,41.75,
2021,Saskatchewan,"Finance, insurance, real estate, rental and leasing  ",Women ,55 years and over,32.36,
2021,Saskatchewan,"Forestry, fishing, mining, quarrying, oil and gas  ",Men ,55 years and over,48.85,
2021,Saskatchewan,"Forestry, fishing, mining, quarrying, oil and gas  ",Women ,55 years and over,,
2021,Saskatchewan,Health care and social assistance  ,Men ,55 years and over,29.45,
2021,Saskatchewan,Health care and social assistance  ,Women ,55 years and over,28.59,
2021,Saskatchewan,"Information, culture and recreation  ",Men ,55 years and over,36.71,
2021,Saskatchewan,"Information, culture and recreation  ",Women ,55 years and over,28.55,
2021,Saskatchewan,Manufacturing  ,Men ,55 years and over,38.92,
2021,Saskatchewan,Manufacturing  ,Women ,55 years and over,28.69,
2021,Saskatchewan,Other services (except public administration)  ,Men ,55 years and over,24.56,
2021,Saskatchewan,Other services (except public administration)  ,Women ,55 years and over,29.5,
2021,Saskatchewan,"Professional, scientific and technical services  ",Men ,55 years and over,44.44,
2021,Saskatchewan,"Professional, scientific and technical services  ",Women ,55 years and over,29.5,
2021,Saskatchewan,Public administration  ,Men ,55 years and over,44.63,
2021,Saskatchewan,Public administration  ,Women ,55 years and over,34.28,
2021,Saskatchewan,Transportation and warehousing  ,Men ,55 years and over,28.93,
2021,Saskatchewan,Transportation and warehousing  ,Women ,55 years and over,24.25,
2021,Saskatchewan,Utilities  ,Men ,55 years and over,50.21,
2021,Saskatchewan,Utilities  ,Women ,55 years and over,,
2021,Saskatchewan,Wholesale and retail trade  ,Men ,55 years and over,27.91,
2021,Saskatchewan,Wholesale and retail trade  ,Women ,55 years and over,21.41,
2022,Alberta,Accommodation and food services  ,Men ,15 to 24 years,16.5,
2022,Alberta,Accommodation and food services  ,Women ,15 to 24 years,16.85,
2022,Alberta,Agriculture  ,Men ,15 to 24 years,20.82,
2022,Alberta,Agriculture  ,Women ,15 to 24 years,16.57,
2022,Alberta,"Business, building and other support services  ",Men ,15 to 24 years,18.07,
2022,Alberta,"Business, building and other support services  ",Women ,15 to 24 years,21.05,
2022,Alberta,Construction  ,Men ,15 to 24 years,23.04,
2022,Alberta,Construction  ,Women ,15 to 24 years,22.34,
2022,Alberta,Educational services  ,Men ,15 to 24 years,21.87,
2022,Alberta,Educational services  ,Women ,15 to 24 years,23.9,
2022,Alberta,"Finance, insurance, real estate, rental and leasing  ",Men ,15 to 24 years,23.84,
2022,Alberta,"Finance, insurance, real estate, rental and leasing  ",Women ,15 to 24 years,21.79,
2022,Alberta,"Forestry, fishing, mining, quarrying, oil and gas  ",Men ,15 to 24 years,28.39,
2022,Alberta,"Forestry, fishing, mining, quarrying, oil and gas  ",Women ,15 to 24 years,,
2022,Alberta,Health care and social assistance  ,Men ,15 to 24 years,20.9,
2022,Alberta,Health care and social assistance  ,Women ,15 to 24 years,23.3,
2022,Alberta,"Information, culture and recreation  ",Men ,15 to 24 years,19.09,
2022,Alberta,"Information, culture and recreation  ",Women ,15 to 24 years,17.62,
2022,Alberta,Manufacturing  ,Men ,15 to 24 years,24.9,
2022,Alberta,Manufacturing  ,Women ,15 to 24 years,20.53,
2022,Alberta,Other services (except public administration)  ,Men ,15 to 24 years,21.72,
2022,Alberta,Other services (except public administration)  ,Women ,15 to 24 years,18.23,
2022,Alberta,"Professional, scientific and technical services  ",Men ,15 to 24 years,23.21,
2022,Alberta,"Professional, scientific and technical services  ",Women ,15 to 24 years,20.74,
2022,Alberta,Public administration  ,Men ,15 to 24 years,23.5,
2022,Alberta,Public administration  ,Women ,15 to 24 years,22.34,
2022,Alberta,Transportation and warehousing  ,Men ,15 to 24 years,24.65,
2022,Alberta,Transportation and warehousing  ,Women ,15 to 24 years,18.85,
2022,Alberta,Utilities  ,Men ,15 to 24 years,,
2022,Alberta,Utilities  ,Women ,15 to 24 years,,
2022,Alberta,Wholesale and retail trade  ,Men ,15 to 24 years,17.08,
2022,Alberta,Wholesale and retail trade  ,Women ,15 to 24 years,16.4,
2022,Alberta,Accommodation and food services  ,Men ,25 to 54 years,21.71,
2022,Alberta,Accommodation and food services  ,Women ,25 to 54 years,18.81,
2022,Alberta,Agriculture  ,Men ,25 to 54 years,25.49,
2022,Alberta,Agriculture  ,Women ,25 to 54 years,21.53,
2022,Alberta,"Business, building and other support services  ",Men ,25 to 54 years,29.42,
2022,Alberta,"Business, building and other support services  ",Women ,25 to 54 years,23.97,
2022,Alberta,Construction  ,Men ,25 to 54 years,38.58,
2022,Alberta,Construction  ,Women ,25 to 54 years,32.51,
2022,Alberta,Educational services  ,Men ,25 to 54 years,41.97,
2022,Alberta,Educational services  ,Women ,25 to 54 years,35.28,
2022,Alberta,"Finance, insurance, real estate, rental and leasing  ",Men ,25 to 54 years,45.89,
2022,Alberta,"Finance, insurance, real estate, rental and leasing  ",Women ,25 to 54 years,35.93,
2022,Alberta,"Forestry, fishing, mining, quarrying, oil and gas  ",Men ,25 to 54 years,52.07,
2022,Alberta,"Forestry, fishing, mining, quarrying, oil and gas  ",Women ,25 to 54 years,46.67,
2022,Alberta,Health care and social assistance  ,Men ,25 to 54 years,35.14,
2022,Alberta,Health care and social assistance  ,Women ,25 to 54 years,32.91,
2022,Alberta,"Information, culture and recreation  ",Men ,25 to 54 years,39.31,
2022,Alberta,"Information, culture and recreation  ",Women ,25 to 54 years,31.94,
2022,Alberta,Manufacturing  ,Men ,25 to 54 years,38.69,
2022,Alberta,Manufacturing  ,Women ,25 to 54 years,29.18,
2022,Alberta,Other services (except public administration)  ,Men ,25 to 54 years,33.28,
2022,Alberta,Other services (except public administration)  ,Women ,25 to 54 years,25.77,
2022,Alberta,"Professional, scientific and technical services  ",Men ,25 to 54 years,47.55,
2022,Alberta,"Professional, scientific and technical services  ",Women ,25 to 54 years,37.53,
2022,Alberta,Public administration  ,Men ,25 to 54 years,46.88,
2022,Alberta,Public administration  ,Women ,25 to 54 years,41.25,
2022,Alberta,Transportation and warehousing  ,Men ,25 to 54 years,34.83,
2022,Alberta,Transportation and warehousing  ,Women ,25 to 54 years,29.41,
2022,Alberta,Utilities  ,Men ,25 to 54 years,55.59,
2022,Alberta,Utilities  ,Women ,25 to 54 years,45.14,
2022,Alberta,Wholesale and retail trade  ,Men ,25 to 54 years,32.36,
2022,Alberta,Wholesale and retail trade  ,Women ,25 to 54 years,25.5,
2022,Alberta,Accommodation and food services  ,Men ,55 years and over,21.22,
2022,Alberta,Accommodation and food services  ,Women ,55 years and over,18.09,
2022,Alberta,Agriculture  ,Men ,55 years and over,26.06,
2022,Alberta,Agriculture  ,Women ,55 years and over,,
2022,Alberta,"Business, building and other support services  ",Men ,55 years and over,24,
2022,Alberta,"Business, building and other support services  ",Women ,55 years and over,29.81,
2022,Alberta,Construction  ,Men ,55 years and over,39.98,
2022,Alberta,Construction  ,Women ,55 years and over,31.25,
2022,Alberta,Educational services  ,Men ,55 years and over,48.73,
2022,Alberta,Educational services  ,Women ,55 years and over,36.4,
2022,Alberta,"Finance, insurance, real estate, rental and leasing  ",Men ,55 years and over,37.99,
2022,Alberta,"Finance, insurance, real estate, rental and leasing  ",Women ,55 years and over,36.06,
2022,Alberta,"Forestry, fishing, mining, quarrying, oil and gas  ",Men ,55 years and over,51,
2022,Alberta,"Forestry, fishing, mining, quarrying, oil and gas  ",Women ,55 years and over,50.05,
2022,Alberta,Health care and social assistance  ,Men ,55 years and over,32.69,
2022,Alberta,Health care and social assistance  ,Women ,55 years and over,33.62,
2022,Alberta,"Information, culture and recreation  ",Men ,55 years and over,37.96,
2022,Alberta,"Information, culture and recreation  ",Women ,55 years and over,35.29,
2022,Alberta,Manufacturing  ,Men ,55 years and over,37.14,
2022,Alberta,Manufacturing  ,Women ,55 years and over,30.61,
2022,Alberta,Other services (except public administration)  ,Men ,55 years and over,31.96,
2022,Alberta,Other services (except public administration)  ,Women ,55 years and over,26.29,
2022,Alberta,"Professional, scientific and technical services  ",Men ,55 years and over,53.04,
2022,Alberta,"Professional, scientific and technical services  ",Women ,55 years and over,36.5,
2022,Alberta,Public administration  ,Men ,55 years and over,51.15,
2022,Alberta,Public administration  ,Women ,55 years and over,37.75,
2022,Alberta,Transportation and warehousing  ,Men ,55 years and over,31.19,
2022,Alberta,Transportation and warehousing  ,Women ,55 years and over,32.26,
2022,Alberta,Utilities  ,Men ,55 years and over,,
2022,Alberta,Utilities  ,Women ,55 years and over,,
2022,Alberta,Wholesale and retail trade  ,Men ,55 years and over,31.84,
2022,Alberta,Wholesale and retail trade  ,Women ,55 years and over,25.47,
2022,British Columbia,Accommodation and food services  ,Men ,15 to 24 years,17.6,
2022,British Columbia,Accommodation and food services  ,Women ,15 to 24 years,17.89,
2022,British Columbia,Agriculture  ,Men ,15 to 24 years,,
2022,British Columbia,Agriculture  ,Women ,15 to 24 years,17.22,
2022,British Columbia,"Business, building and other support services  ",Men ,15 to 24 years,22.53,
2022,British Columbia,"Business, building and other support services  ",Women ,15 to 24 years,20.04,
2022,British Columbia,Construction  ,Men ,15 to 24 years,24.19,
2022,British Columbia,Construction  ,Women ,15 to 24 years,21.53,
2022,British Columbia,Educational services  ,Men ,15 to 24 years,23.39,
2022,British Columbia,Educational services  ,Women ,15 to 24 years,21.41,
2022,British Columbia,"Finance, insurance, real estate, rental and leasing  ",Men ,15 to 24 years,24.91,
2022,British Columbia,"Finance, insurance, real estate, rental and leasing  ",Women ,15 to 24 years,22.48,
2022,British Columbia,"Forestry, fishing, mining, quarrying, oil and gas  ",Men ,15 to 24 years,29.04,
2022,British Columbia,"Forestry, fishing, mining, quarrying, oil and gas  ",Women ,15 to 24 years,,
2022,British Columbia,Health care and social assistance  ,Men ,15 to 24 years,22.63,
2022,British Columbia,Health care and social assistance  ,Women ,15 to 24 years,23.4,
2022,British Columbia,"Information, culture and recreation  ",Men ,15 to 24 years,19.12,
2022,British Columbia,"Information, culture and recreation  ",Women ,15 to 24 years,21.05,
2022,British Columbia,Manufacturing  ,Men ,15 to 24 years,23.91,
2022,British Columbia,Manufacturing  ,Women ,15 to 24 years,19.77,
2022,British Columbia,Other services (except public administration)  ,Men ,15 to 24 years,21.14,
2022,British Columbia,Other services (except public administration)  ,Women ,15 to 24 years,19.85,
2022,British Columbia,"Professional, scientific and technical services  ",Men ,15 to 24 years,28.98,
2022,British Columbia,"Professional, scientific and technical services  ",Women ,15 to 24 years,21.12,
2022,British Columbia,Public administration  ,Men ,15 to 24 years,25.24,
2022,British Columbia,Public administration  ,Women ,15 to 24 years,25.85,
2022,British Columbia,Transportation and warehousing  ,Men ,15 to 24 years,24.02,
2022,British Columbia,Transportation and warehousing  ,Women ,15 to 24 years,20.76,
2022,British Columbia,Utilities  ,Men ,15 to 24 years,,
2022,British Columbia,Utilities  ,Women ,15 to 24 years,,
2022,British Columbia,Wholesale and retail trade  ,Men ,15 to 24 years,18.28,
2022,British Columbia,Wholesale and retail trade  ,Women ,15 to 24 years,17.41,
2022,British Columbia,Accommodation and food services  ,Men ,25 to 54 years,22.68,
2022,British Columbia,Accommodation and food services  ,Women ,25 to 54 years,21.39,
2022,British Columbia,Agriculture  ,Men ,25 to 54 years,28.49,
2022,British Columbia,Agriculture  ,Women ,25 to 54 years,21.16,
2022,British Columbia,"Business, building and other support services  ",Men ,25 to 54 years,27.71,
2022,British Columbia,"Business, building and other support services  ",Women ,25 to 54 years,25.65,
2022,British Columbia,Construction  ,Men ,25 to 54 years,36.59,
2022,British Columbia,Construction  ,Women ,25 to 54 years,32.6,
2022,British Columbia,Educational services  ,Men ,25 to 54 years,39.59,
2022,British Columbia,Educational services  ,Women ,25 to 54 years,35.38,
2022,British Columbia,"Finance, insurance, real estate, rental and leasing  ",Men ,25 to 54 years,44.97,
2022,British Columbia,"Finance, insurance, real estate, rental and leasing  ",Women ,25 to 54 years,34.48,
2022,British Columbia,"Forestry, fishing, mining, quarrying, oil and gas  ",Men ,25 to 54 years,44.97,
2022,British Columbia,"Forestry, fishing, mining, quarrying, oil and gas  ",Women ,25 to 54 years,39.33,
2022,British Columbia,Health care and social assistance  ,Men ,25 to 54 years,34.94,
2022,British Columbia,Health care and social assistance  ,Women ,25 to 54 years,32.24,
2022,British Columbia,"Information, culture and recreation  ",Men ,25 to 54 years,38.97,
2022,British Columbia,"Information, culture and recreation  ",Women ,25 to 54 years,34.62,
2022,British Columbia,Manufacturing  ,Men ,25 to 54 years,37.25,
2022,British Columbia,Manufacturing  ,Women ,25 to 54 years,32.18,
2022,British Columbia,Other services (except public administration)  ,Men ,25 to 54 years,35.15,
2022,British Columbia,Other services (except public administration)  ,Women ,25 to 54 years,27.18,
2022,British Columbia,"Professional, scientific and technical services  ",Men ,25 to 54 years,50.87,
2022,British Columbia,"Professional, scientific and technical services  ",Women ,25 to 54 years,37.51,
2022,British Columbia,Public administration  ,Men ,25 to 54 years,43.6,
2022,British Columbia,Public administration  ,Women ,25 to 54 years,39.37,
2022,British Columbia,Transportation and warehousing  ,Men ,25 to 54 years,36.45,
2022,British Columbia,Transportation and warehousing  ,Women ,25 to 54 years,28.53,
2022,British Columbia,Utilities  ,Men ,25 to 54 years,49.44,
2022,British Columbia,Utilities  ,Women ,25 to 54 years,42.37,
2022,British Columbia,Wholesale and retail trade  ,Men ,25 to 54 years,33.07,
2022,British Columbia,Wholesale and retail trade  ,Women ,25 to 54 years,25.05,
2022,British Columbia,Accommodation and food services  ,Men ,55 years and over,23.3,
2022,British Columbia,Accommodation and food services  ,Women ,55 years and over,21.04,
2022,British Columbia,Agriculture  ,Men ,55 years and over,25.33,
2022,British Columbia,Agriculture  ,Women ,55 years and over,20.36,
2022,British Columbia,"Business, building and other support services  ",Men ,55 years and over,24.03,
2022,British Columbia,"Business, building and other support services  ",Women ,55 years and over,25,
2022,British Columbia,Construction  ,Men ,55 years and over,39.71,
2022,British Columbia,Construction  ,Women ,55 years and over,29.38,
2022,British Columbia,Educational services  ,Men ,55 years and over,46.39,
2022,British Columbia,Educational services  ,Women ,55 years and over,36.3,
2022,British Columbia,"Finance, insurance, real estate, rental and leasing  ",Men ,55 years and over,40.46,
2022,British Columbia,"Finance, insurance, real estate, rental and leasing  ",Women ,55 years and over,34.44,
2022,British Columbia,"Forestry, fishing, mining, quarrying, oil and gas  ",Men ,55 years and over,44.35,
2022,British Columbia,"Forestry, fishing, mining, quarrying, oil and gas  ",Women ,55 years and over,,
2022,British Columbia,Health care and social assistance  ,Men ,55 years and over,36.84,
2022,British Columbia,Health care and social assistance  ,Women ,55 years and over,30.92,
2022,British Columbia,"Information, culture and recreation  ",Men ,55 years and over,35.13,
2022,British Columbia,"Information, culture and recreation  ",Women ,55 years and over,27.98,
2022,British Columbia,Manufacturing  ,Men ,55 years and over,38.2,
2022,British Columbia,Manufacturing  ,Women ,55 years and over,25.38,
2022,British Columbia,Other services (except public administration)  ,Men ,55 years and over,32.1,
2022,British Columbia,Other services (except public administration)  ,Women ,55 years and over,26.19,
2022,British Columbia,"Professional, scientific and technical services  ",Men ,55 years and over,55.42,
2022,British Columbia,"Professional, scientific and technical services  ",Women ,55 years and over,39.33,
2022,British Columbia,Public administration  ,Men ,55 years and over,48.59,
2022,British Columbia,Public administration  ,Women ,55 years and over,39,
2022,British Columbia,Transportation and warehousing  ,Men ,55 years and over,35.29,
2022,British Columbia,Transportation and warehousing  ,Women ,55 years and over,30.05,
2022,British Columbia,Utilities  ,Men ,55 years and over,52.81,
2022,British Columbia,Utilities  ,Women ,55 years and over,39.09,
2022,British Columbia,Wholesale and retail trade  ,Men ,55 years and over,30.57,
2022,British Columbia,Wholesale and retail trade  ,Women ,55 years and over,21.61,
2022,Manitoba,Accommodation and food services  ,Men ,15 to 24 years,13.47,
2022,Manitoba,Accommodation and food services  ,Women ,15 to 24 years,14.81,
2022,Manitoba,Agriculture  ,Men ,15 to 24 years,17.27,
2022,Manitoba,Agriculture  ,Women ,15 to 24 years,16.2,
2022,Manitoba,"Business, building and other support services  ",Men ,15 to 24 years,16.57,
2022,Manitoba,"Business, building and other support services  ",Women ,15 to 24 years,15.27,
2022,Manitoba,Construction  ,Men ,15 to 24 years,21.9,
2022,Manitoba,Construction  ,Women ,15 to 24 years,18.43,
2022,Manitoba,Educational services  ,Men ,15 to 24 years,19.05,
2022,Manitoba,Educational services  ,Women ,15 to 24 years,18.55,
2022,Manitoba,"Finance, insurance, real estate, rental and leasing  ",Men ,15 to 24 years,19.39,
2022,Manitoba,"Finance, insurance, real estate, rental and leasing  ",Women ,15 to 24 years,18.73,
2022,Manitoba,"Forestry, fishing, mining, quarrying, oil and gas  ",Men ,15 to 24 years,,
2022,Manitoba,"Forestry, fishing, mining, quarrying, oil and gas  ",Women ,15 to 24 years,,
2022,Manitoba,Health care and social assistance  ,Men ,15 to 24 years,17.09,
2022,Manitoba,Health care and social assistance  ,Women ,15 to 24 years,18.01,
2022,Manitoba,"Information, culture and recreation  ",Men ,15 to 24 years,15.79,
2022,Manitoba,"Information, culture and recreation  ",Women ,15 to 24 years,15.15,
2022,Manitoba,Manufacturing  ,Men ,15 to 24 years,19.18,
2022,Manitoba,Manufacturing  ,Women ,15 to 24 years,17.68,
2022,Manitoba,Other services (except public administration)  ,Men ,15 to 24 years,17.14,
2022,Manitoba,Other services (except public administration)  ,Women ,15 to 24 years,14.66,
2022,Manitoba,"Professional, scientific and technical services  ",Men ,15 to 24 years,20.35,
2022,Manitoba,"Professional, scientific and technical services  ",Women ,15 to 24 years,20.15,
2022,Manitoba,Public administration  ,Men ,15 to 24 years,21.91,
2022,Manitoba,Public administration  ,Women ,15 to 24 years,23.06,
2022,Manitoba,Transportation and warehousing  ,Men ,15 to 24 years,20.31,
2022,Manitoba,Transportation and warehousing  ,Women ,15 to 24 years,17.82,
2022,Manitoba,Utilities  ,Men ,15 to 24 years,,
2022,Manitoba,Utilities  ,Women ,15 to 24 years,,
2022,Manitoba,Wholesale and retail trade  ,Men ,15 to 24 years,14.49,
2022,Manitoba,Wholesale and retail trade  ,Women ,15 to 24 years,13.94,
2022,Manitoba,Accommodation and food services  ,Men ,25 to 54 years,17.4,
2022,Manitoba,Accommodation and food services  ,Women ,25 to 54 years,16.89,
2022,Manitoba,Agriculture  ,Men ,25 to 54 years,21.23,
2022,Manitoba,Agriculture  ,Women ,25 to 54 years,22.89,
2022,Manitoba,"Business, building and other support services  ",Men ,25 to 54 years,22.92,
2022,Manitoba,"Business, building and other support services  ",Women ,25 to 54 years,21.56,
2022,Manitoba,Construction  ,Men ,25 to 54 years,32.01,
2022,Manitoba,Construction  ,Women ,25 to 54 years,27.55,
2022,Manitoba,Educational services  ,Men ,25 to 54 years,36.74,
2022,Manitoba,Educational services  ,Women ,25 to 54 years,34.21,
2022,Manitoba,"Finance, insurance, real estate, rental and leasing  ",Men ,25 to 54 years,39.43,
2022,Manitoba,"Finance, insurance, real estate, rental and leasing  ",Women ,25 to 54 years,30.94,
2022,Manitoba,"Forestry, fishing, mining, quarrying, oil and gas  ",Men ,25 to 54 years,44.35,
2022,Manitoba,"Forestry, fishing, mining, quarrying, oil and gas  ",Women ,25 to 54 years,31.91,
2022,Manitoba,Health care and social assistance  ,Men ,25 to 54 years,31.95,
2022,Manitoba,Health care and social assistance  ,Women ,25 to 54 years,29.3,
2022,Manitoba,"Information, culture and recreation  ",Men ,25 to 54 years,31.88,
2022,Manitoba,"Information, culture and recreation  ",Women ,25 to 54 years,26.96,
2022,Manitoba,Manufacturing  ,Men ,25 to 54 years,28.94,
2022,Manitoba,Manufacturing  ,Women ,25 to 54 years,23.74,
2022,Manitoba,Other services (except public administration)  ,Men ,25 to 54 years,30.12,
2022,Manitoba,Other services (except public administration)  ,Women ,25 to 54 years,25.43,
2022,Manitoba,"Professional, scientific and technical services  ",Men ,25 to 54 years,39.97,
2022,Manitoba,"Professional, scientific and technical services  ",Women ,25 to 54 years,29.49,
2022,Manitoba,Public administration  ,Men ,25 to 54 years,41.19,
2022,Manitoba,Public administration  ,Women ,25 to 54 years,36.07,
2022,Manitoba,Transportation and warehousing  ,Men ,25 to 54 years,32.41,
2022,Manitoba,Transportation and warehousing  ,Women ,25 to 54 years,28.31,
2022,Manitoba,Utilities  ,Men ,25 to 54 years,39.82,
2022,Manitoba,Utilities  ,Women ,25 to 54 years,45.84,
2022,Manitoba,Wholesale and retail trade  ,Men ,25 to 54 years,29.31,
2022,Manitoba,Wholesale and retail trade  ,Women ,25 to 54 years,24.21,
2022,Manitoba,Accommodation and food services  ,Men ,55 years and over,17.94,
2022,Manitoba,Accommodation and food services  ,Women ,55 years and over,16.03,
2022,Manitoba,Agriculture  ,Men ,55 years and over,23.47,
2022,Manitoba,Agriculture  ,Women ,55 years and over,,
2022,Manitoba,"Business, building and other support services  ",Men ,55 years and over,25.11,
2022,Manitoba,"Business, building and other support services  ",Women ,55 years and over,21.22,
2022,Manitoba,Construction  ,Men ,55 years and over,31.97,
2022,Manitoba,Construction  ,Women ,55 years and over,28.19,
2022,Manitoba,Educational services  ,Men ,55 years and over,33.77,
2022,Manitoba,Educational services  ,Women ,55 years and over,33.86,
2022,Manitoba,"Finance, insurance, real estate, rental and leasing  ",Men ,55 years and over,40.09,
2022,Manitoba,"Finance, insurance, real estate, rental and leasing  ",Women ,55 years and over,31.72,
2022,Manitoba,"Forestry, fishing, mining, quarrying, oil and gas  ",Men ,55 years and over,43.37,
2022,Manitoba,"Forestry, fishing, mining, quarrying, oil and gas  ",Women ,55 years and over,,
2022,Manitoba,Health care and social assistance  ,Men ,55 years and over,32.11,
2022,Manitoba,Health care and social assistance  ,Women ,55 years and over,27.56,
2022,Manitoba,"Information, culture and recreation  ",Men ,55 years and over,30.61,
2022,Manitoba,"Information, culture and recreation  ",Women ,55 years and over,28.15,
2022,Manitoba,Manufacturing  ,Men ,55 years and over,29.82,
2022,Manitoba,Manufacturing  ,Women ,55 years and over,23.54,
2022,Manitoba,Other services (except public administration)  ,Men ,55 years and over,31.06,
2022,Manitoba,Other services (except public administration)  ,Women ,55 years and over,25.03,
2022,Manitoba,"Professional, scientific and technical services  ",Men ,55 years and over,49.26,
2022,Manitoba,"Professional, scientific and technical services  ",Women ,55 years and over,31.36,
2022,Manitoba,Public administration  ,Men ,55 years and over,42.21,
2022,Manitoba,Public administration  ,Women ,55 years and over,32.54,
2022,Manitoba,Transportation and warehousing  ,Men ,55 years and over,28.71,
2022,Manitoba,Transportation and warehousing  ,Women ,55 years and over,26.44,
2022,Manitoba,Utilities  ,Men ,55 years and over,54.27,
2022,Manitoba,Utilities  ,Women ,55 years and over,,
2022,Manitoba,Wholesale and retail trade  ,Men ,55 years and over,26.79,
2022,Manitoba,Wholesale and retail trade  ,Women ,55 years and over,20.63,
2022,New Brunswick,Accommodation and food services  ,Men ,15 to 24 years,13.94,
2022,New Brunswick,Accommodation and food services  ,Women ,15 to 24 years,14.35,
2022,New Brunswick,Agriculture  ,Men ,15 to 24 years,17.54,
2022,New Brunswick,Agriculture  ,Women ,15 to 24 years,,
2022,New Brunswick,"Business, building and other support services  ",Men ,15 to 24 years,16.62,
2022,New Brunswick,"Business, building and other support services  ",Women ,15 to 24 years,16.92,
2022,New Brunswick,Construction  ,Men ,15 to 24 years,19.67,
2022,New Brunswick,Construction  ,Women ,15 to 24 years,,
2022,New Brunswick,Educational services  ,Men ,15 to 24 years,,
2022,New Brunswick,Educational services  ,Women ,15 to 24 years,20.11,
2022,New Brunswick,"Finance, insurance, real estate, rental and leasing  ",Men ,15 to 24 years,,
2022,New Brunswick,"Finance, insurance, real estate, rental and leasing  ",Women ,15 to 24 years,,
2022,New Brunswick,"Forestry, fishing, mining, quarrying, oil and gas  ",Men ,15 to 24 years,20.3,
2022,New Brunswick,"Forestry, fishing, mining, quarrying, oil and gas  ",Women ,15 to 24 years,,
2022,New Brunswick,Health care and social assistance  ,Men ,15 to 24 years,18.38,
2022,New Brunswick,Health care and social assistance  ,Women ,15 to 24 years,19.94,
2022,New Brunswick,"Information, culture and recreation  ",Men ,15 to 24 years,14.56,
2022,New Brunswick,"Information, culture and recreation  ",Women ,15 to 24 years,13.4,
2022,New Brunswick,Manufacturing  ,Men ,15 to 24 years,18.58,
2022,New Brunswick,Manufacturing  ,Women ,15 to 24 years,19,
2022,New Brunswick,Other services (except public administration)  ,Men ,15 to 24 years,15.81,
2022,New Brunswick,Other services (except public administration)  ,Women ,15 to 24 years,16.22,
2022,New Brunswick,"Professional, scientific and technical services  ",Men ,15 to 24 years,24.61,
2022,New Brunswick,"Professional, scientific and technical services  ",Women ,15 to 24 years,20.07,
2022,New Brunswick,Public administration  ,Men ,15 to 24 years,23.44,
2022,New Brunswick,Public administration  ,Women ,15 to 24 years,24.65,
2022,New Brunswick,Transportation and warehousing  ,Men ,15 to 24 years,27.58,
2022,New Brunswick,Transportation and warehousing  ,Women ,15 to 24 years,,
2022,New Brunswick,Utilities  ,Men ,15 to 24 years,,
2022,New Brunswick,Utilities  ,Women ,15 to 24 years,,
2022,New Brunswick,Wholesale and retail trade  ,Men ,15 to 24 years,14.48,
2022,New Brunswick,Wholesale and retail trade  ,Women ,15 to 24 years,14.27,
2022,New Brunswick,Accommodation and food services  ,Men ,25 to 54 years,17.64,
2022,New Brunswick,Accommodation and food services  ,Women ,25 to 54 years,16.4,
2022,New Brunswick,Agriculture  ,Men ,25 to 54 years,20.75,
2022,New Brunswick,Agriculture  ,Women ,25 to 54 years,21.34,
2022,New Brunswick,"Business, building and other support services  ",Men ,25 to 54 years,22.12,
2022,New Brunswick,"Business, building and other support services  ",Women ,25 to 54 years,23.7,
2022,New Brunswick,Construction  ,Men ,25 to 54 years,30.18,
2022,New Brunswick,Construction  ,Women ,25 to 54 years,29.55,
2022,New Brunswick,Educational services  ,Men ,25 to 54 years,35.95,
2022,New Brunswick,Educational services  ,Women ,25 to 54 years,34.3,
2022,New Brunswick,"Finance, insurance, real estate, rental and leasing  ",Men ,25 to 54 years,33.25,
2022,New Brunswick,"Finance, insurance, real estate, rental and leasing  ",Women ,25 to 54 years,27.8,
2022,New Brunswick,"Forestry, fishing, mining, quarrying, oil and gas  ",Men ,25 to 54 years,30.51,
2022,New Brunswick,"Forestry, fishing, mining, quarrying, oil and gas  ",Women ,25 to 54 years,24.52,
2022,New Brunswick,Health care and social assistance  ,Men ,25 to 54 years,29.46,
2022,New Brunswick,Health care and social assistance  ,Women ,25 to 54 years,29.26,
2022,New Brunswick,"Information, culture and recreation  ",Men ,25 to 54 years,29.84,
2022,New Brunswick,"Information, culture and recreation  ",Women ,25 to 54 years,26.65,
2022,New Brunswick,Manufacturing  ,Men ,25 to 54 years,29.74,
2022,New Brunswick,Manufacturing  ,Women ,25 to 54 years,25.85,
2022,New Brunswick,Other services (except public administration)  ,Men ,25 to 54 years,23.29,
2022,New Brunswick,Other services (except public administration)  ,Women ,25 to 54 years,23.02,
2022,New Brunswick,"Professional, scientific and technical services  ",Men ,25 to 54 years,44.9,
2022,New Brunswick,"Professional, scientific and technical services  ",Women ,25 to 54 years,32.02,
2022,New Brunswick,Public administration  ,Men ,25 to 54 years,40.37,
2022,New Brunswick,Public administration  ,Women ,25 to 54 years,36.98,
2022,New Brunswick,Transportation and warehousing  ,Men ,25 to 54 years,27.2,
2022,New Brunswick,Transportation and warehousing  ,Women ,25 to 54 years,26.24,
2022,New Brunswick,Utilities  ,Men ,25 to 54 years,43.35,
2022,New Brunswick,Utilities  ,Women ,25 to 54 years,40.62,
2022,New Brunswick,Wholesale and retail trade  ,Men ,25 to 54 years,24.29,
2022,New Brunswick,Wholesale and retail trade  ,Women ,25 to 54 years,19.51,
2022,New Brunswick,Accommodation and food services  ,Men ,55 years and over,19.96,
2022,New Brunswick,Accommodation and food services  ,Women ,55 years and over,15.57,
2022,New Brunswick,Agriculture  ,Men ,55 years and over,23.38,
2022,New Brunswick,Agriculture  ,Women ,55 years and over,,
2022,New Brunswick,"Business, building and other support services  ",Men ,55 years and over,20.79,
2022,New Brunswick,"Business, building and other support services  ",Women ,55 years and over,18.61,
2022,New Brunswick,Construction  ,Men ,55 years and over,27.9,
2022,New Brunswick,Construction  ,Women ,55 years and over,20.76,
2022,New Brunswick,Educational services  ,Men ,55 years and over,41.54,
2022,New Brunswick,Educational services  ,Women ,55 years and over,32.76,
2022,New Brunswick,"Finance, insurance, real estate, rental and leasing  ",Men ,55 years and over,35.12,
2022,New Brunswick,"Finance, insurance, real estate, rental and leasing  ",Women ,55 years and over,30.59,
2022,New Brunswick,"Forestry, fishing, mining, quarrying, oil and gas  ",Men ,55 years and over,26.39,
2022,New Brunswick,"Forestry, fishing, mining, quarrying, oil and gas  ",Women ,55 years and over,,
2022,New Brunswick,Health care and social assistance  ,Men ,55 years and over,31.15,
2022,New Brunswick,Health care and social assistance  ,Women ,55 years and over,27.66,
2022,New Brunswick,"Information, culture and recreation  ",Men ,55 years and over,29.05,
2022,New Brunswick,"Information, culture and recreation  ",Women ,55 years and over,28.21,
2022,New Brunswick,Manufacturing  ,Men ,55 years and over,29.19,
2022,New Brunswick,Manufacturing  ,Women ,55 years and over,20.68,
2022,New Brunswick,Other services (except public administration)  ,Men ,55 years and over,25.62,
2022,New Brunswick,Other services (except public administration)  ,Women ,55 years and over,19.76,
2022,New Brunswick,"Professional, scientific and technical services  ",Men ,55 years and over,44.96,
2022,New Brunswick,"Professional, scientific and technical services  ",Women ,55 years and over,27.59,
2022,New Brunswick,Public administration  ,Men ,55 years and over,36.87,
2022,New Brunswick,Public administration  ,Women ,55 years and over,33.56,
2022,New Brunswick,Transportation and warehousing  ,Men ,55 years and over,24.47,
2022,New Brunswick,Transportation and warehousing  ,Women ,55 years and over,24.85,
2022,New Brunswick,Utilities  ,Men ,55 years and over,44.39,
2022,New Brunswick,Utilities  ,Women ,55 years and over,,
2022,New Brunswick,Wholesale and retail trade  ,Men ,55 years and over,22.91,
2022,New Brunswick,Wholesale and retail trade  ,Women ,55 years and over,17.55,
2022,Newfoundland and Labrador,Accommodation and food services  ,Men ,15 to 24 years,14.02,
2022,Newfoundland and Labrador,Accommodation and food services  ,Women ,15 to 24 years,14,
2022,Newfoundland and Labrador,Agriculture  ,Men ,15 to 24 years,,
2022,Newfoundland and Labrador,Agriculture  ,Women ,15 to 24 years,,
2022,Newfoundland and Labrador,"Business, building and other support services  ",Men ,15 to 24 years,,
2022,Newfoundland and Labrador,"Business, building and other support services  ",Women ,15 to 24 years,,
2022,Newfoundland and Labrador,Construction  ,Men ,15 to 24 years,23.02,
2022,Newfoundland and Labrador,Construction  ,Women ,15 to 24 years,,
2022,Newfoundland and Labrador,Educational services  ,Men ,15 to 24 years,,
2022,Newfoundland and Labrador,Educational services  ,Women ,15 to 24 years,20.71,
2022,Newfoundland and Labrador,"Finance, insurance, real estate, rental and leasing  ",Men ,15 to 24 years,,
2022,Newfoundland and Labrador,"Finance, insurance, real estate, rental and leasing  ",Women ,15 to 24 years,,
2022,Newfoundland and Labrador,"Forestry, fishing, mining, quarrying, oil and gas  ",Men ,15 to 24 years,28.47,
2022,Newfoundland and Labrador,"Forestry, fishing, mining, quarrying, oil and gas  ",Women ,15 to 24 years,,
2022,Newfoundland and Labrador,Health care and social assistance  ,Men ,15 to 24 years,,
2022,Newfoundland and Labrador,Health care and social assistance  ,Women ,15 to 24 years,22.86,
2022,Newfoundland and Labrador,"Information, culture and recreation  ",Men ,15 to 24 years,15.9,
2022,Newfoundland and Labrador,"Information, culture and recreation  ",Women ,15 to 24 years,15.02,
2022,Newfoundland and Labrador,Manufacturing  ,Men ,15 to 24 years,,
2022,Newfoundland and Labrador,Manufacturing  ,Women ,15 to 24 years,,
2022,Newfoundland and Labrador,Other services (except public administration)  ,Men ,15 to 24 years,15.24,
2022,Newfoundland and Labrador,Other services (except public administration)  ,Women ,15 to 24 years,,
2022,Newfoundland and Labrador,"Professional, scientific and technical services  ",Men ,15 to 24 years,24.73,
2022,Newfoundland and Labrador,"Professional, scientific and technical services  ",Women ,15 to 24 years,,
2022,Newfoundland and Labrador,Public administration  ,Men ,15 to 24 years,21.88,
2022,Newfoundland and Labrador,Public administration  ,Women ,15 to 24 years,,
2022,Newfoundland and Labrador,Transportation and warehousing  ,Men ,15 to 24 years,18.58,
2022,Newfoundland and Labrador,Transportation and warehousing  ,Women ,15 to 24 years,,
2022,Newfoundland and Labrador,Utilities  ,Men ,15 to 24 years,,
2022,Newfoundland and Labrador,Utilities  ,Women ,15 to 24 years,,
2022,Newfoundland and Labrador,Wholesale and retail trade  ,Men ,15 to 24 years,14.49,
2022,Newfoundland and Labrador,Wholesale and retail trade  ,Women ,15 to 24 years,13.8,
2022,Newfoundland and Labrador,Accommodation and food services  ,Men ,25 to 54 years,20.34,
2022,Newfoundland and Labrador,Accommodation and food services  ,Women ,25 to 54 years,16.94,
2022,Newfoundland and Labrador,Agriculture  ,Men ,25 to 54 years,,
2022,Newfoundland and Labrador,Agriculture  ,Women ,25 to 54 years,,
2022,Newfoundland and Labrador,"Business, building and other support services  ",Men ,25 to 54 years,24.95,
2022,Newfoundland and Labrador,"Business, building and other support services  ",Women ,25 to 54 years,25.81,
2022,Newfoundland and Labrador,Construction  ,Men ,25 to 54 years,32.27,
2022,Newfoundland and Labrador,Construction  ,Women ,25 to 54 years,30.86,
2022,Newfoundland and Labrador,Educational services  ,Men ,25 to 54 years,42.09,
2022,Newfoundland and Labrador,Educational services  ,Women ,25 to 54 years,40.62,
2022,Newfoundland and Labrador,"Finance, insurance, real estate, rental and leasing  ",Men ,25 to 54 years,39.55,
2022,Newfoundland and Labrador,"Finance, insurance, real estate, rental and leasing  ",Women ,25 to 54 years,27.74,
2022,Newfoundland and Labrador,"Forestry, fishing, mining, quarrying, oil and gas  ",Men ,25 to 54 years,44.07,
2022,Newfoundland and Labrador,"Forestry, fishing, mining, quarrying, oil and gas  ",Women ,25 to 54 years,44.89,
2022,Newfoundland and Labrador,Health care and social assistance  ,Men ,25 to 54 years,31.35,
2022,Newfoundland and Labrador,Health care and social assistance  ,Women ,25 to 54 years,29.86,
2022,Newfoundland and Labrador,"Information, culture and recreation  ",Men ,25 to 54 years,33.78,
2022,Newfoundland and Labrador,"Information, culture and recreation  ",Women ,25 to 54 years,25.71,
2022,Newfoundland and Labrador,Manufacturing  ,Men ,25 to 54 years,32.82,
2022,Newfoundland and Labrador,Manufacturing  ,Women ,25 to 54 years,26.65,
2022,Newfoundland and Labrador,Other services (except public administration)  ,Men ,25 to 54 years,28.24,
2022,Newfoundland and Labrador,Other services (except public administration)  ,Women ,25 to 54 years,23.61,
2022,Newfoundland and Labrador,"Professional, scientific and technical services  ",Men ,25 to 54 years,43.71,
2022,Newfoundland and Labrador,"Professional, scientific and technical services  ",Women ,25 to 54 years,37.69,
2022,Newfoundland and Labrador,Public administration  ,Men ,25 to 54 years,39.07,
2022,Newfoundland and Labrador,Public administration  ,Women ,25 to 54 years,35.51,
2022,Newfoundland and Labrador,Transportation and warehousing  ,Men ,25 to 54 years,30.16,
2022,Newfoundland and Labrador,Transportation and warehousing  ,Women ,25 to 54 years,27.96,
2022,Newfoundland and Labrador,Utilities  ,Men ,25 to 54 years,43.52,
2022,Newfoundland and Labrador,Utilities  ,Women ,25 to 54 years,,
2022,Newfoundland and Labrador,Wholesale and retail trade  ,Men ,25 to 54 years,25.96,
2022,Newfoundland and Labrador,Wholesale and retail trade  ,Women ,25 to 54 years,19.23,
2022,Newfoundland and Labrador,Accommodation and food services  ,Men ,55 years and over,,
2022,Newfoundland and Labrador,Accommodation and food services  ,Women ,55 years and over,16.95,
2022,Newfoundland and Labrador,Agriculture  ,Men ,55 years and over,,
2022,Newfoundland and Labrador,Agriculture  ,Women ,55 years and over,,
2022,Newfoundland and Labrador,"Business, building and other support services  ",Men ,55 years and over,26.29,
2022,Newfoundland and Labrador,"Business, building and other support services  ",Women ,55 years and over,20.04,
2022,Newfoundland and Labrador,Construction  ,Men ,55 years and over,30.17,
2022,Newfoundland and Labrador,Construction  ,Women ,55 years and over,24.92,
2022,Newfoundland and Labrador,Educational services  ,Men ,55 years and over,44.06,
2022,Newfoundland and Labrador,Educational services  ,Women ,55 years and over,40.41,
2022,Newfoundland and Labrador,"Finance, insurance, real estate, rental and leasing  ",Men ,55 years and over,,
2022,Newfoundland and Labrador,"Finance, insurance, real estate, rental and leasing  ",Women ,55 years and over,34.4,
2022,Newfoundland and Labrador,"Forestry, fishing, mining, quarrying, oil and gas  ",Men ,55 years and over,40.56,
2022,Newfoundland and Labrador,"Forestry, fishing, mining, quarrying, oil and gas  ",Women ,55 years and over,,
2022,Newfoundland and Labrador,Health care and social assistance  ,Men ,55 years and over,30.68,
2022,Newfoundland and Labrador,Health care and social assistance  ,Women ,55 years and over,23.85,
2022,Newfoundland and Labrador,"Information, culture and recreation  ",Men ,55 years and over,34.97,
2022,Newfoundland and Labrador,"Information, culture and recreation  ",Women ,55 years and over,,
2022,Newfoundland and Labrador,Manufacturing  ,Men ,55 years and over,28.77,
2022,Newfoundland and Labrador,Manufacturing  ,Women ,55 years and over,19.5,
2022,Newfoundland and Labrador,Other services (except public administration)  ,Men ,55 years and over,29.08,
2022,Newfoundland and Labrador,Other services (except public administration)  ,Women ,55 years and over,19.94,
2022,Newfoundland and Labrador,"Professional, scientific and technical services  ",Men ,55 years and over,47.87,
2022,Newfoundland and Labrador,"Professional, scientific and technical services  ",Women ,55 years and over,29.1,
2022,Newfoundland and Labrador,Public administration  ,Men ,55 years and over,38.52,
2022,Newfoundland and Labrador,Public administration  ,Women ,55 years and over,33.94,
2022,Newfoundland and Labrador,Transportation and warehousing  ,Men ,55 years and over,26.84,
2022,Newfoundland and Labrador,Transportation and warehousing  ,Women ,55 years and over,24.41,
2022,Newfoundland and Labrador,Utilities  ,Men ,55 years and over,,
2022,Newfoundland and Labrador,Utilities  ,Women ,55 years and over,,
2022,Newfoundland and Labrador,Wholesale and retail trade  ,Men ,55 years and over,21.64,
2022,Newfoundland and Labrador,Wholesale and retail trade  ,Women ,55 years and over,19.65,
2022,Nova Scotia,Accommodation and food services  ,Men ,15 to 24 years,14.58,
2022,Nova Scotia,Accommodation and food services  ,Women ,15 to 24 years,15.19,
2022,Nova Scotia,Agriculture  ,Men ,15 to 24 years,15.73,
2022,Nova Scotia,Agriculture  ,Women ,15 to 24 years,,
2022,Nova Scotia,"Business, building and other support services  ",Men ,15 to 24 years,16.81,
2022,Nova Scotia,"Business, building and other support services  ",Women ,15 to 24 years,15.95,
2022,Nova Scotia,Construction  ,Men ,15 to 24 years,20.28,
2022,Nova Scotia,Construction  ,Women ,15 to 24 years,17.02,
2022,Nova Scotia,Educational services  ,Men ,15 to 24 years,25.99,
2022,Nova Scotia,Educational services  ,Women ,15 to 24 years,19.16,
2022,Nova Scotia,"Finance, insurance, real estate, rental and leasing  ",Men ,15 to 24 years,20.57,
2022,Nova Scotia,"Finance, insurance, real estate, rental and leasing  ",Women ,15 to 24 years,18.64,
2022,Nova Scotia,"Forestry, fishing, mining, quarrying, oil and gas  ",Men ,15 to 24 years,22.33,
2022,Nova Scotia,"Forestry, fishing, mining, quarrying, oil and gas  ",Women ,15 to 24 years,,
2022,Nova Scotia,Health care and social assistance  ,Men ,15 to 24 years,17.9,
2022,Nova Scotia,Health care and social assistance  ,Women ,15 to 24 years,21.15,
2022,Nova Scotia,"Information, culture and recreation  ",Men ,15 to 24 years,14.1,
2022,Nova Scotia,"Information, culture and recreation  ",Women ,15 to 24 years,17.35,
2022,Nova Scotia,Manufacturing  ,Men ,15 to 24 years,21.22,
2022,Nova Scotia,Manufacturing  ,Women ,15 to 24 years,18.16,
2022,Nova Scotia,Other services (except public administration)  ,Men ,15 to 24 years,18.93,
2022,Nova Scotia,Other services (except public administration)  ,Women ,15 to 24 years,15.58,
2022,Nova Scotia,"Professional, scientific and technical services  ",Men ,15 to 24 years,20.57,
2022,Nova Scotia,"Professional, scientific and technical services  ",Women ,15 to 24 years,20.42,
2022,Nova Scotia,Public administration  ,Men ,15 to 24 years,26.94,
2022,Nova Scotia,Public administration  ,Women ,15 to 24 years,21.05,
2022,Nova Scotia,Transportation and warehousing  ,Men ,15 to 24 years,21.03,
2022,Nova Scotia,Transportation and warehousing  ,Women ,15 to 24 years,,
2022,Nova Scotia,Utilities  ,Men ,15 to 24 years,,
2022,Nova Scotia,Utilities  ,Women ,15 to 24 years,,
2022,Nova Scotia,Wholesale and retail trade  ,Men ,15 to 24 years,15.36,
2022,Nova Scotia,Wholesale and retail trade  ,Women ,15 to 24 years,13.96,
2022,Nova Scotia,Accommodation and food services  ,Men ,25 to 54 years,17.71,
2022,Nova Scotia,Accommodation and food services  ,Women ,25 to 54 years,17.25,
2022,Nova Scotia,Agriculture  ,Men ,25 to 54 years,21.03,
2022,Nova Scotia,Agriculture  ,Women ,25 to 54 years,18.37,
2022,Nova Scotia,"Business, building and other support services  ",Men ,25 to 54 years,21.83,
2022,Nova Scotia,"Business, building and other support services  ",Women ,25 to 54 years,22.4,
2022,Nova Scotia,Construction  ,Men ,25 to 54 years,29.55,
2022,Nova Scotia,Construction  ,Women ,25 to 54 years,25.31,
2022,Nova Scotia,Educational services  ,Men ,25 to 54 years,35.62,
2022,Nova Scotia,Educational services  ,Women ,25 to 54 years,32.42,
2022,Nova Scotia,"Finance, insurance, real estate, rental and leasing  ",Men ,25 to 54 years,34.33,
2022,Nova Scotia,"Finance, insurance, real estate, rental and leasing  ",Women ,25 to 54 years,30.41,
2022,Nova Scotia,"Forestry, fishing, mining, quarrying, oil and gas  ",Men ,25 to 54 years,34.25,
2022,Nova Scotia,"Forestry, fishing, mining, quarrying, oil and gas  ",Women ,25 to 54 years,,
2022,Nova Scotia,Health care and social assistance  ,Men ,25 to 54 years,28.05,
2022,Nova Scotia,Health care and social assistance  ,Women ,25 to 54 years,29.09,
2022,Nova Scotia,"Information, culture and recreation  ",Men ,25 to 54 years,32.56,
2022,Nova Scotia,"Information, culture and recreation  ",Women ,25 to 54 years,25.54,
2022,Nova Scotia,Manufacturing  ,Men ,25 to 54 years,28.63,
2022,Nova Scotia,Manufacturing  ,Women ,25 to 54 years,24.71,
2022,Nova Scotia,Other services (except public administration)  ,Men ,25 to 54 years,26.1,
2022,Nova Scotia,Other services (except public administration)  ,Women ,25 to 54 years,24.11,
2022,Nova Scotia,"Professional, scientific and technical services  ",Men ,25 to 54 years,40.92,
2022,Nova Scotia,"Professional, scientific and technical services  ",Women ,25 to 54 years,34.43,
2022,Nova Scotia,Public administration  ,Men ,25 to 54 years,38.87,
2022,Nova Scotia,Public administration  ,Women ,25 to 54 years,37.51,
2022,Nova Scotia,Transportation and warehousing  ,Men ,25 to 54 years,30.16,
2022,Nova Scotia,Transportation and warehousing  ,Women ,25 to 54 years,28.2,
2022,Nova Scotia,Utilities  ,Men ,25 to 54 years,38.84,
2022,Nova Scotia,Utilities  ,Women ,25 to 54 years,36.55,
2022,Nova Scotia,Wholesale and retail trade  ,Men ,25 to 54 years,24.23,
2022,Nova Scotia,Wholesale and retail trade  ,Women ,25 to 54 years,21,
2022,Nova Scotia,Accommodation and food services  ,Men ,55 years and over,22.36,
2022,Nova Scotia,Accommodation and food services  ,Women ,55 years and over,14.99,
2022,Nova Scotia,Agriculture  ,Men ,55 years and over,,
2022,Nova Scotia,Agriculture  ,Women ,55 years and over,,
2022,Nova Scotia,"Business, building and other support services  ",Men ,55 years and over,19.93,
2022,Nova Scotia,"Business, building and other support services  ",Women ,55 years and over,18.97,
2022,Nova Scotia,Construction  ,Men ,55 years and over,28.23,
2022,Nova Scotia,Construction  ,Women ,55 years and over,22.44,
2022,Nova Scotia,Educational services  ,Men ,55 years and over,37.2,
2022,Nova Scotia,Educational services  ,Women ,55 years and over,32.71,
2022,Nova Scotia,"Finance, insurance, real estate, rental and leasing  ",Men ,55 years and over,29.16,
2022,Nova Scotia,"Finance, insurance, real estate, rental and leasing  ",Women ,55 years and over,28.39,
2022,Nova Scotia,"Forestry, fishing, mining, quarrying, oil and gas  ",Men ,55 years and over,27.37,
2022,Nova Scotia,"Forestry, fishing, mining, quarrying, oil and gas  ",Women ,55 years and over,,
2022,Nova Scotia,Health care and social assistance  ,Men ,55 years and over,32.81,
2022,Nova Scotia,Health care and social assistance  ,Women ,55 years and over,28.66,
2022,Nova Scotia,"Information, culture and recreation  ",Men ,55 years and over,32.33,
2022,Nova Scotia,"Information, culture and recreation  ",Women ,55 years and over,28.84,
2022,Nova Scotia,Manufacturing  ,Men ,55 years and over,27.92,
2022,Nova Scotia,Manufacturing  ,Women ,55 years and over,24.86,
2022,Nova Scotia,Other services (except public administration)  ,Men ,55 years and over,26.72,
2022,Nova Scotia,Other services (except public administration)  ,Women ,55 years and over,30.47,
2022,Nova Scotia,"Professional, scientific and technical services  ",Men ,55 years and over,50.46,
2022,Nova Scotia,"Professional, scientific and technical services  ",Women ,55 years and over,27.92,
2022,Nova Scotia,Public administration  ,Men ,55 years and over,42.58,
2022,Nova Scotia,Public administration  ,Women ,55 years and over,36.29,
2022,Nova Scotia,Transportation and warehousing  ,Men ,55 years and over,25.95,
2022,Nova Scotia,Transportation and warehousing  ,Women ,55 years and over,25.42,
2022,Nova Scotia,Utilities  ,Men ,55 years and over,48.53,
2022,Nova Scotia,Utilities  ,Women ,55 years and over,,
2022,Nova Scotia,Wholesale and retail trade  ,Men ,55 years and over,22.4,
2022,Nova Scotia,Wholesale and retail trade  ,Women ,55 years and over,19.77,
2022,Ontario,Accommodation and food services  ,Men ,15 to 24 years,16.13,
2022,Ontario,Accommodation and food services  ,Women ,15 to 24 years,16.54,
2022,Ontario,Agriculture  ,Men ,15 to 24 years,16.66,
2022,Ontario,Agriculture  ,Women ,15 to 24 years,16.53,
2022,Ontario,"Business, building and other support services  ",Men ,15 to 24 years,19.78,
2022,Ontario,"Business, building and other support services  ",Women ,15 to 24 years,18.02,
2022,Ontario,Construction  ,Men ,15 to 24 years,23.19,
2022,Ontario,Construction  ,Women ,15 to 24 years,23.74,
2022,Ontario,Educational services  ,Men ,15 to 24 years,22.53,
2022,Ontario,Educational services  ,Women ,15 to 24 years,20.63,
2022,Ontario,"Finance, insurance, real estate, rental and leasing  ",Men ,15 to 24 years,24.03,
2022,Ontario,"Finance, insurance, real estate, rental and leasing  ",Women ,15 to 24 years,22.39,
2022,Ontario,"Forestry, fishing, mining, quarrying, oil and gas  ",Men ,15 to 24 years,29.04,
2022,Ontario,"Forestry, fishing, mining, quarrying, oil and gas  ",Women ,15 to 24 years,,
2022,Ontario,Health care and social assistance  ,Men ,15 to 24 years,22.53,
2022,Ontario,Health care and social assistance  ,Women ,15 to 24 years,22.86,
2022,Ontario,"Information, culture and recreation  ",Men ,15 to 24 years,17.85,
2022,Ontario,"Information, culture and recreation  ",Women ,15 to 24 years,17.62,
2022,Ontario,Manufacturing  ,Men ,15 to 24 years,21.81,
2022,Ontario,Manufacturing  ,Women ,15 to 24 years,20.92,
2022,Ontario,Other services (except public administration)  ,Men ,15 to 24 years,19.09,
2022,Ontario,Other services (except public administration)  ,Women ,15 to 24 years,18.95,
2022,Ontario,"Professional, scientific and technical services  ",Men ,15 to 24 years,27.52,
2022,Ontario,"Professional, scientific and technical services  ",Women ,15 to 24 years,23.37,
2022,Ontario,Public administration  ,Men ,15 to 24 years,24.66,
2022,Ontario,Public administration  ,Women ,15 to 24 years,24.05,
2022,Ontario,Transportation and warehousing  ,Men ,15 to 24 years,20.17,
2022,Ontario,Transportation and warehousing  ,Women ,15 to 24 years,20.45,
2022,Ontario,Utilities  ,Men ,15 to 24 years,33.86,
2022,Ontario,Utilities  ,Women ,15 to 24 years,,
2022,Ontario,Wholesale and retail trade  ,Men ,15 to 24 years,16.7,
2022,Ontario,Wholesale and retail trade  ,Women ,15 to 24 years,16.02,
2022,Ontario,Accommodation and food services  ,Men ,25 to 54 years,23.28,
2022,Ontario,Accommodation and food services  ,Women ,25 to 54 years,19.68,
2022,Ontario,Agriculture  ,Men ,25 to 54 years,23.53,
2022,Ontario,Agriculture  ,Women ,25 to 54 years,21.53,
2022,Ontario,"Business, building and other support services  ",Men ,25 to 54 years,26.95,
2022,Ontario,"Business, building and other support services  ",Women ,25 to 54 years,25.67,
2022,Ontario,Construction  ,Men ,25 to 54 years,36.19,
2022,Ontario,Construction  ,Women ,25 to 54 years,29.58,
2022,Ontario,Educational services  ,Men ,25 to 54 years,43.79,
2022,Ontario,Educational services  ,Women ,25 to 54 years,39.03,
2022,Ontario,"Finance, insurance, real estate, rental and leasing  ",Men ,25 to 54 years,47.02,
2022,Ontario,"Finance, insurance, real estate, rental and leasing  ",Women ,25 to 54 years,38.6,
2022,Ontario,"Forestry, fishing, mining, quarrying, oil and gas  ",Men ,25 to 54 years,41.25,
2022,Ontario,"Forestry, fishing, mining, quarrying, oil and gas  ",Women ,25 to 54 years,41.95,
2022,Ontario,Health care and social assistance  ,Men ,25 to 54 years,34.24,
2022,Ontario,Health care and social assistance  ,Women ,25 to 54 years,31.99,
2022,Ontario,"Information, culture and recreation  ",Men ,25 to 54 years,39.2,
2022,Ontario,"Information, culture and recreation  ",Women ,25 to 54 years,34.23,
2022,Ontario,Manufacturing  ,Men ,25 to 54 years,33.18,
2022,Ontario,Manufacturing  ,Women ,25 to 54 years,29.26,
2022,Ontario,Other services (except public administration)  ,Men ,25 to 54 years,31.77,
2022,Ontario,Other services (except public administration)  ,Women ,25 to 54 years,27.26,
2022,Ontario,"Professional, scientific and technical services  ",Men ,25 to 54 years,49.5,
2022,Ontario,"Professional, scientific and technical services  ",Women ,25 to 54 years,38.63,
2022,Ontario,Public administration  ,Men ,25 to 54 years,44.38,
2022,Ontario,Public administration  ,Women ,25 to 54 years,41.59,
2022,Ontario,Transportation and warehousing  ,Men ,25 to 54 years,32.81,
2022,Ontario,Transportation and warehousing  ,Women ,25 to 54 years,27.25,
2022,Ontario,Utilities  ,Men ,25 to 54 years,49.64,
2022,Ontario,Utilities  ,Women ,25 to 54 years,46.93,
2022,Ontario,Wholesale and retail trade  ,Men ,25 to 54 years,33.2,
2022,Ontario,Wholesale and retail trade  ,Women ,25 to 54 years,25.5,
2022,Ontario,Accommodation and food services  ,Men ,55 years and over,22.31,
2022,Ontario,Accommodation and food services  ,Women ,55 years and over,18.47,
2022,Ontario,Agriculture  ,Men ,55 years and over,26.14,
2022,Ontario,Agriculture  ,Women ,55 years and over,21.1,
2022,Ontario,"Business, building and other support services  ",Men ,55 years and over,26.21,
2022,Ontario,"Business, building and other support services  ",Women ,55 years and over,25.18,
2022,Ontario,Construction  ,Men ,55 years and over,38.49,
2022,Ontario,Construction  ,Women ,55 years and over,31.56,
2022,Ontario,Educational services  ,Men ,55 years and over,50.57,
2022,Ontario,Educational services  ,Women ,55 years and over,39.86,
2022,Ontario,"Finance, insurance, real estate, rental and leasing  ",Men ,55 years and over,44.6,
2022,Ontario,"Finance, insurance, real estate, rental and leasing  ",Women ,55 years and over,37.61,
2022,Ontario,"Forestry, fishing, mining, quarrying, oil and gas  ",Men ,55 years and over,43.16,
2022,Ontario,"Forestry, fishing, mining, quarrying, oil and gas  ",Women ,55 years and over,,
2022,Ontario,Health care and social assistance  ,Men ,55 years and over,35.42,
2022,Ontario,Health care and social assistance  ,Women ,55 years and over,30.8,
2022,Ontario,"Information, culture and recreation  ",Men ,55 years and over,40.13,
2022,Ontario,"Information, culture and recreation  ",Women ,55 years and over,34,
2022,Ontario,Manufacturing  ,Men ,55 years and over,33.25,
2022,Ontario,Manufacturing  ,Women ,55 years and over,25.75,
2022,Ontario,Other services (except public administration)  ,Men ,55 years and over,32.29,
2022,Ontario,Other services (except public administration)  ,Women ,55 years and over,27.51,
2022,Ontario,"Professional, scientific and technical services  ",Men ,55 years and over,57.71,
2022,Ontario,"Professional, scientific and technical services  ",Women ,55 years and over,40.46,
2022,Ontario,Public administration  ,Men ,55 years and over,49.34,
2022,Ontario,Public administration  ,Women ,55 years and over,42.59,
2022,Ontario,Transportation and warehousing  ,Men ,55 years and over,30.16,
2022,Ontario,Transportation and warehousing  ,Women ,55 years and over,27.06,
2022,Ontario,Utilities  ,Men ,55 years and over,55.49,
2022,Ontario,Utilities  ,Women ,55 years and over,49.04,
2022,Ontario,Wholesale and retail trade  ,Men ,55 years and over,30.13,
2022,Ontario,Wholesale and retail trade  ,Women ,55 years and over,22.76,
2022,Prince Edward Island,Accommodation and food services  ,Men ,15 to 24 years,15.13,
2022,Prince Edward Island,Accommodation and food services  ,Women ,15 to 24 years,15.33,
2022,Prince Edward Island,Agriculture  ,Men ,15 to 24 years,16.06,
2022,Prince Edward Island,Agriculture  ,Women ,15 to 24 years,,
2022,Prince Edward Island,"Business, building and other support services  ",Men ,15 to 24 years,15.78,
2022,Prince Edward Island,"Business, building and other support services  ",Women ,15 to 24 years,,
2022,Prince Edward Island,Construction  ,Men ,15 to 24 years,19.49,
2022,Prince Edward Island,Construction  ,Women ,15 to 24 years,,
2022,Prince Edward Island,Educational services  ,Men ,15 to 24 years,,
2022,Prince Edward Island,Educational services  ,Women ,15 to 24 years,17.81,
2022,Prince Edward Island,"Finance, insurance, real estate, rental and leasing  ",Men ,15 to 24 years,,
2022,Prince Edward Island,"Finance, insurance, real estate, rental and leasing  ",Women ,15 to 24 years,,
2022,Prince Edward Island,"Forestry, fishing, mining, quarrying, oil and gas  ",Men ,15 to 24 years,,
2022,Prince Edward Island,"Forestry, fishing, mining, quarrying, oil and gas  ",Women ,15 to 24 years,,
2022,Prince Edward Island,Health care and social assistance  ,Men ,15 to 24 years,,
2022,Prince Edward Island,Health care and social assistance  ,Women ,15 to 24 years,21.84,
2022,Prince Edward Island,"Information, culture and recreation  ",Men ,15 to 24 years,17.83,
2022,Prince Edward Island,"Information, culture and recreation  ",Women ,15 to 24 years,15.06,
2022,Prince Edward Island,Manufacturing  ,Men ,15 to 24 years,19.13,
2022,Prince Edward Island,Manufacturing  ,Women ,15 to 24 years,15.95,
2022,Prince Edward Island,Other services (except public administration)  ,Men ,15 to 24 years,16.96,
2022,Prince Edward Island,Other services (except public administration)  ,Women ,15 to 24 years,,
2022,Prince Edward Island,"Professional, scientific and technical services  ",Men ,15 to 24 years,,
2022,Prince Edward Island,"Professional, scientific and technical services  ",Women ,15 to 24 years,19.34,
2022,Prince Edward Island,Public administration  ,Men ,15 to 24 years,22.59,
2022,Prince Edward Island,Public administration  ,Women ,15 to 24 years,20.92,
2022,Prince Edward Island,Transportation and warehousing  ,Men ,15 to 24 years,,
2022,Prince Edward Island,Transportation and warehousing  ,Women ,15 to 24 years,,
2022,Prince Edward Island,Utilities  ,Men ,15 to 24 years,,
2022,Prince Edward Island,Utilities  ,Women ,15 to 24 years,,
2022,Prince Edward Island,Wholesale and retail trade  ,Men ,15 to 24 years,14.47,
2022,Prince Edward Island,Wholesale and retail trade  ,Women ,15 to 24 years,14.21,
2022,Prince Edward Island,Accommodation and food services  ,Men ,25 to 54 years,18.89,
2022,Prince Edward Island,Accommodation and food services  ,Women ,25 to 54 years,18.65,
2022,Prince Edward Island,Agriculture  ,Men ,25 to 54 years,25.21,
2022,Prince Edward Island,Agriculture  ,Women ,25 to 54 years,20.32,
2022,Prince Edward Island,"Business, building and other support services  ",Men ,25 to 54 years,21.8,
2022,Prince Edward Island,"Business, building and other support services  ",Women ,25 to 54 years,17.24,
2022,Prince Edward Island,Construction  ,Men ,25 to 54 years,26.39,
2022,Prince Edward Island,Construction  ,Women ,25 to 54 years,19.23,
2022,Prince Edward Island,Educational services  ,Men ,25 to 54 years,35.01,
2022,Prince Edward Island,Educational services  ,Women ,25 to 54 years,34.1,
2022,Prince Edward Island,"Finance, insurance, real estate, rental and leasing  ",Men ,25 to 54 years,37.83,
2022,Prince Edward Island,"Finance, insurance, real estate, rental and leasing  ",Women ,25 to 54 years,27.22,
2022,Prince Edward Island,"Forestry, fishing, mining, quarrying, oil and gas  ",Men ,25 to 54 years,25.5,
2022,Prince Edward Island,"Forestry, fishing, mining, quarrying, oil and gas  ",Women ,25 to 54 years,,
2022,Prince Edward Island,Health care and social assistance  ,Men ,25 to 54 years,33.15,
2022,Prince Edward Island,Health care and social assistance  ,Women ,25 to 54 years,31.66,
2022,Prince Edward Island,"Information, culture and recreation  ",Men ,25 to 54 years,28.93,
2022,Prince Edward Island,"Information, culture and recreation  ",Women ,25 to 54 years,23.22,
2022,Prince Edward Island,Manufacturing  ,Men ,25 to 54 years,26.44,
2022,Prince Edward Island,Manufacturing  ,Women ,25 to 54 years,25.28,
2022,Prince Edward Island,Other services (except public administration)  ,Men ,25 to 54 years,26.55,
2022,Prince Edward Island,Other services (except public administration)  ,Women ,25 to 54 years,24.23,
2022,Prince Edward Island,"Professional, scientific and technical services  ",Men ,25 to 54 years,37.67,
2022,Prince Edward Island,"Professional, scientific and technical services  ",Women ,25 to 54 years,29.26,
2022,Prince Edward Island,Public administration  ,Men ,25 to 54 years,39.77,
2022,Prince Edward Island,Public administration  ,Women ,25 to 54 years,34.97,
2022,Prince Edward Island,Transportation and warehousing  ,Men ,25 to 54 years,28.74,
2022,Prince Edward Island,Transportation and warehousing  ,Women ,25 to 54 years,28.46,
2022,Prince Edward Island,Utilities  ,Men ,25 to 54 years,,
2022,Prince Edward Island,Utilities  ,Women ,25 to 54 years,,
2022,Prince Edward Island,Wholesale and retail trade  ,Men ,25 to 54 years,23.86,
2022,Prince Edward Island,Wholesale and retail trade  ,Women ,25 to 54 years,20.21,
2022,Prince Edward Island,Accommodation and food services  ,Men ,55 years and over,,
2022,Prince Edward Island,Accommodation and food services  ,Women ,55 years and over,17.97,
2022,Prince Edward Island,Agriculture  ,Men ,55 years and over,20.9,
2022,Prince Edward Island,Agriculture  ,Women ,55 years and over,22.64,
2022,Prince Edward Island,"Business, building and other support services  ",Men ,55 years and over,21.1,
2022,Prince Edward Island,"Business, building and other support services  ",Women ,55 years and over,20.33,
2022,Prince Edward Island,Construction  ,Men ,55 years and over,25.69,
2022,Prince Edward Island,Construction  ,Women ,55 years and over,21.19,
2022,Prince Edward Island,Educational services  ,Men ,55 years and over,40.88,
2022,Prince Edward Island,Educational services  ,Women ,55 years and over,31.95,
2022,Prince Edward Island,"Finance, insurance, real estate, rental and leasing  ",Men ,55 years and over,,
2022,Prince Edward Island,"Finance, insurance, real estate, rental and leasing  ",Women ,55 years and over,23.35,
2022,Prince Edward Island,"Forestry, fishing, mining, quarrying, oil and gas  ",Men ,55 years and over,31.16,
2022,Prince Edward Island,"Forestry, fishing, mining, quarrying, oil and gas  ",Women ,55 years and over,,
2022,Prince Edward Island,Health care and social assistance  ,Men ,55 years and over,35.18,
2022,Prince Edward Island,Health care and social assistance  ,Women ,55 years and over,27.69,
2022,Prince Edward Island,"Information, culture and recreation  ",Men ,55 years and over,28.73,
2022,Prince Edward Island,"Information, culture and recreation  ",Women ,55 years and over,18.78,
2022,Prince Edward Island,Manufacturing  ,Men ,55 years and over,25.03,
2022,Prince Edward Island,Manufacturing  ,Women ,55 years and over,19.45,
2022,Prince Edward Island,Other services (except public administration)  ,Men ,55 years and over,31.79,
2022,Prince Edward Island,Other services (except public administration)  ,Women ,55 years and over,,
2022,Prince Edward Island,"Professional, scientific and technical services  ",Men ,55 years and over,,
2022,Prince Edward Island,"Professional, scientific and technical services  ",Women ,55 years and over,29.35,
2022,Prince Edward Island,Public administration  ,Men ,55 years and over,38.73,
2022,Prince Edward Island,Public administration  ,Women ,55 years and over,35.34,
2022,Prince Edward Island,Transportation and warehousing  ,Men ,55 years and over,25.12,
2022,Prince Edward Island,Transportation and warehousing  ,Women ,55 years and over,21.85,
2022,Prince Edward Island,Utilities  ,Men ,55 years and over,,
2022,Prince Edward Island,Utilities  ,Women ,55 years and over,,
2022,Prince Edward Island,Wholesale and retail trade  ,Men ,55 years and over,24.35,
2022,Prince Edward Island,Wholesale and retail trade  ,Women ,55 years and over,17.16,
2022,Quebec,Accommodation and food services  ,Men ,15 to 24 years,15.92,
2022,Quebec,Accommodation and food services  ,Women ,15 to 24 years,16.49,
2022,Quebec,Agriculture  ,Men ,15 to 24 years,17.34,
2022,Quebec,Agriculture  ,Women ,15 to 24 years,17.01,
2022,Quebec,"Business, building and other support services  ",Men ,15 to 24 years,19.31,
2022,Quebec,"Business, building and other support services  ",Women ,15 to 24 years,19.07,
2022,Quebec,Construction  ,Men ,15 to 24 years,27.95,
2022,Quebec,Construction  ,Women ,15 to 24 years,21.88,
2022,Quebec,Educational services  ,Men ,15 to 24 years,23.33,
2022,Quebec,Educational services  ,Women ,15 to 24 years,23.14,
2022,Quebec,"Finance, insurance, real estate, rental and leasing  ",Men ,15 to 24 years,22.42,
2022,Quebec,"Finance, insurance, real estate, rental and leasing  ",Women ,15 to 24 years,22.08,
2022,Quebec,"Forestry, fishing, mining, quarrying, oil and gas  ",Men ,15 to 24 years,33.93,
2022,Quebec,"Forestry, fishing, mining, quarrying, oil and gas  ",Women ,15 to 24 years,,
2022,Quebec,Health care and social assistance  ,Men ,15 to 24 years,21.63,
2022,Quebec,Health care and social assistance  ,Women ,15 to 24 years,22.52,
2022,Quebec,"Information, culture and recreation  ",Men ,15 to 24 years,19.13,
2022,Quebec,"Information, culture and recreation  ",Women ,15 to 24 years,17.59,
2022,Quebec,Manufacturing  ,Men ,15 to 24 years,22.05,
2022,Quebec,Manufacturing  ,Women ,15 to 24 years,19.85,
2022,Quebec,Other services (except public administration)  ,Men ,15 to 24 years,18.79,
2022,Quebec,Other services (except public administration)  ,Women ,15 to 24 years,17.34,
2022,Quebec,"Professional, scientific and technical services  ",Men ,15 to 24 years,22.12,
2022,Quebec,"Professional, scientific and technical services  ",Women ,15 to 24 years,22.18,
2022,Quebec,Public administration  ,Men ,15 to 24 years,22.02,
2022,Quebec,Public administration  ,Women ,15 to 24 years,22.56,
2022,Quebec,Transportation and warehousing  ,Men ,15 to 24 years,21.2,
2022,Quebec,Transportation and warehousing  ,Women ,15 to 24 years,17.75,
2022,Quebec,Utilities  ,Men ,15 to 24 years,,
2022,Quebec,Utilities  ,Women ,15 to 24 years,,
2022,Quebec,Wholesale and retail trade  ,Men ,15 to 24 years,16.29,
2022,Quebec,Wholesale and retail trade  ,Women ,15 to 24 years,15.44,
2022,Quebec,Accommodation and food services  ,Men ,25 to 54 years,21,
2022,Quebec,Accommodation and food services  ,Women ,25 to 54 years,20,
2022,Quebec,Agriculture  ,Men ,25 to 54 years,23.19,
2022,Quebec,Agriculture  ,Women ,25 to 54 years,21.43,
2022,Quebec,"Business, building and other support services  ",Men ,25 to 54 years,26.73,
2022,Quebec,"Business, building and other support services  ",Women ,25 to 54 years,26.78,
2022,Quebec,Construction  ,Men ,25 to 54 years,36.66,
2022,Quebec,Construction  ,Women ,25 to 54 years,28.73,
2022,Quebec,Educational services  ,Men ,25 to 54 years,40.8,
2022,Quebec,Educational services  ,Women ,25 to 54 years,36.49,
2022,Quebec,"Finance, insurance, real estate, rental and leasing  ",Men ,25 to 54 years,42.3,
2022,Quebec,"Finance, insurance, real estate, rental and leasing  ",Women ,25 to 54 years,35.24,
2022,Quebec,"Forestry, fishing, mining, quarrying, oil and gas  ",Men ,25 to 54 years,41.28,
2022,Quebec,"Forestry, fishing, mining, quarrying, oil and gas  ",Women ,25 to 54 years,43.6,
2022,Quebec,Health care and social assistance  ,Men ,25 to 54 years,30.48,
2022,Quebec,Health care and social assistance  ,Women ,25 to 54 years,30.37,
2022,Quebec,"Information, culture and recreation  ",Men ,25 to 54 years,35.37,
2022,Quebec,"Information, culture and recreation  ",Women ,25 to 54 years,32.94,
2022,Quebec,Manufacturing  ,Men ,25 to 54 years,32.27,
2022,Quebec,Manufacturing  ,Women ,25 to 54 years,29.91,
2022,Quebec,Other services (except public administration)  ,Men ,25 to 54 years,28.28,
2022,Quebec,Other services (except public administration)  ,Women ,25 to 54 years,26.34,
2022,Quebec,"Professional, scientific and technical services  ",Men ,25 to 54 years,42.35,
2022,Quebec,"Professional, scientific and technical services  ",Women ,25 to 54 years,35.54,
2022,Quebec,Public administration  ,Men ,25 to 54 years,41.61,
2022,Quebec,Public administration  ,Women ,25 to 54 years,39.23,
2022,Quebec,Transportation and warehousing  ,Men ,25 to 54 years,30.95,
2022,Quebec,Transportation and warehousing  ,Women ,25 to 54 years,30.49,
2022,Quebec,Utilities  ,Men ,25 to 54 years,50.91,
2022,Quebec,Utilities  ,Women ,25 to 54 years,48.04,
2022,Quebec,Wholesale and retail trade  ,Men ,25 to 54 years,29.96,
2022,Quebec,Wholesale and retail trade  ,Women ,25 to 54 years,26.29,
2022,Quebec,Accommodation and food services  ,Men ,55 years and over,20.04,
2022,Quebec,Accommodation and food services  ,Women ,55 years and over,18.21,
2022,Quebec,Agriculture  ,Men ,55 years and over,21.52,
2022,Quebec,Agriculture  ,Women ,55 years and over,18.95,
2022,Quebec,"Business, building and other support services  ",Men ,55 years and over,26.29,
2022,Quebec,"Business, building and other support services  ",Women ,55 years and over,21.35,
2022,Quebec,Construction  ,Men ,55 years and over,34.92,
2022,Quebec,Construction  ,Women ,55 years and over,26.69,
2022,Quebec,Educational services  ,Men ,55 years and over,43.33,
2022,Quebec,Educational services  ,Women ,55 years and over,37.18,
2022,Quebec,"Finance, insurance, real estate, rental and leasing  ",Men ,55 years and over,41.87,
2022,Quebec,"Finance, insurance, real estate, rental and leasing  ",Women ,55 years and over,35.32,
2022,Quebec,"Forestry, fishing, mining, quarrying, oil and gas  ",Men ,55 years and over,42.57,
2022,Quebec,"Forestry, fishing, mining, quarrying, oil and gas  ",Women ,55 years and over,,
2022,Quebec,Health care and social assistance  ,Men ,55 years and over,34.93,
2022,Quebec,Health care and social assistance  ,Women ,55 years and over,28.28,
2022,Quebec,"Information, culture and recreation  ",Men ,55 years and over,34.22,
2022,Quebec,"Information, culture and recreation  ",Women ,55 years and over,27.96,
2022,Quebec,Manufacturing  ,Men ,55 years and over,31.57,
2022,Quebec,Manufacturing  ,Women ,55 years and over,25.48,
2022,Quebec,Other services (except public administration)  ,Men ,55 years and over,30.5,
2022,Quebec,Other services (except public administration)  ,Women ,55 years and over,24.44,
2022,Quebec,"Professional, scientific and technical services  ",Men ,55 years and over,49.18,
2022,Quebec,"Professional, scientific and technical services  ",Women ,55 years and over,32.77,
2022,Quebec,Public administration  ,Men ,55 years and over,45.04,
2022,Quebec,Public administration  ,Women ,55 years and over,37.32,
2022,Quebec,Transportation and warehousing  ,Men ,55 years and over,28.56,
2022,Quebec,Transportation and warehousing  ,Women ,55 years and over,27.2,
2022,Quebec,Utilities  ,Men ,55 years and over,42.77,
2022,Quebec,Utilities  ,Women ,55 years and over,50.31,
2022,Quebec,Wholesale and retail trade  ,Men ,55 years and over,26.89,
2022,Quebec,Wholesale and retail trade  ,Women ,55 years and over,22.38,
2022,Saskatchewan,Accommodation and food services  ,Men ,15 to 24 years,14.32,
2022,Saskatchewan,Accommodation and food services  ,Women ,15 to 24 years,13.72,
2022,Saskatchewan,Agriculture  ,Men ,15 to 24 years,19.27,
2022,Saskatchewan,Agriculture  ,Women ,15 to 24 years,16.78,
2022,Saskatchewan,"Business, building and other support services  ",Men ,15 to 24 years,18.96,
2022,Saskatchewan,"Business, building and other support services  ",Women ,15 to 24 years,17.58,
2022,Saskatchewan,Construction  ,Men ,15 to 24 years,22.15,
2022,Saskatchewan,Construction  ,Women ,15 to 24 years,21.26,
2022,Saskatchewan,Educational services  ,Men ,15 to 24 years,20.42,
2022,Saskatchewan,Educational services  ,Women ,15 to 24 years,23.33,
2022,Saskatchewan,"Finance, insurance, real estate, rental and leasing  ",Men ,15 to 24 years,23.77,
2022,Saskatchewan,"Finance, insurance, real estate, rental and leasing  ",Women ,15 to 24 years,21.53,
2022,Saskatchewan,"Forestry, fishing, mining, quarrying, oil and gas  ",Men ,15 to 24 years,28.99,
2022,Saskatchewan,"Forestry, fishing, mining, quarrying, oil and gas  ",Women ,15 to 24 years,,
2022,Saskatchewan,Health care and social assistance  ,Men ,15 to 24 years,19.29,
2022,Saskatchewan,Health care and social assistance  ,Women ,15 to 24 years,22.59,
2022,Saskatchewan,"Information, culture and recreation  ",Men ,15 to 24 years,15.69,
2022,Saskatchewan,"Information, culture and recreation  ",Women ,15 to 24 years,16.29,
2022,Saskatchewan,Manufacturing  ,Men ,15 to 24 years,21.46,
2022,Saskatchewan,Manufacturing  ,Women ,15 to 24 years,21.91,
2022,Saskatchewan,Other services (except public administration)  ,Men ,15 to 24 years,19.31,
2022,Saskatchewan,Other services (except public administration)  ,Women ,15 to 24 years,18.33,
2022,Saskatchewan,"Professional, scientific and technical services  ",Men ,15 to 24 years,24.5,
2022,Saskatchewan,"Professional, scientific and technical services  ",Women ,15 to 24 years,23.08,
2022,Saskatchewan,Public administration  ,Men ,15 to 24 years,23.31,
2022,Saskatchewan,Public administration  ,Women ,15 to 24 years,20.03,
2022,Saskatchewan,Transportation and warehousing  ,Men ,15 to 24 years,23.06,
2022,Saskatchewan,Transportation and warehousing  ,Women ,15 to 24 years,,
2022,Saskatchewan,Utilities  ,Men ,15 to 24 years,,
2022,Saskatchewan,Utilities  ,Women ,15 to 24 years,,
2022,Saskatchewan,Wholesale and retail trade  ,Men ,15 to 24 years,15.93,
2022,Saskatchewan,Wholesale and retail trade  ,Women ,15 to 24 years,14.02,
2022,Saskatchewan,Accommodation and food services  ,Men ,25 to 54 years,17.74,
2022,Saskatchewan,Accommodation and food services  ,Women ,25 to 54 years,17.18,
2022,Saskatchewan,Agriculture  ,Men ,25 to 54 years,26.91,
2022,Saskatchewan,Agriculture  ,Women ,25 to 54 years,22.48,
2022,Saskatchewan,"Business, building and other support services  ",Men ,25 to 54 years,25.73,
2022,Saskatchewan,"Business, building and other support services  ",Women ,25 to 54 years,22.72,
2022,Saskatchewan,Construction  ,Men ,25 to 54 years,34.52,
2022,Saskatchewan,Construction  ,Women ,25 to 54 years,30.72,
2022,Saskatchewan,Educational services  ,Men ,25 to 54 years,38.92,
2022,Saskatchewan,Educational services  ,Women ,25 to 54 years,35.65,
2022,Saskatchewan,"Finance, insurance, real estate, rental and leasing  ",Men ,25 to 54 years,39.93,
2022,Saskatchewan,"Finance, insurance, real estate, rental and leasing  ",Women ,25 to 54 years,33.58,
2022,Saskatchewan,"Forestry, fishing, mining, quarrying, oil and gas  ",Men ,25 to 54 years,46.59,
2022,Saskatchewan,"Forestry, fishing, mining, quarrying, oil and gas  ",Women ,25 to 54 years,42.95,
2022,Saskatchewan,Health care and social assistance  ,Men ,25 to 54 years,34.73,
2022,Saskatchewan,Health care and social assistance  ,Women ,25 to 54 years,32.17,
2022,Saskatchewan,"Information, culture and recreation  ",Men ,25 to 54 years,32.06,
2022,Saskatchewan,"Information, culture and recreation  ",Women ,25 to 54 years,26.41,
2022,Saskatchewan,Manufacturing  ,Men ,25 to 54 years,34.62,
2022,Saskatchewan,Manufacturing  ,Women ,25 to 54 years,30.07,
2022,Saskatchewan,Other services (except public administration)  ,Men ,25 to 54 years,29.5,
2022,Saskatchewan,Other services (except public administration)  ,Women ,25 to 54 years,23.42,
2022,Saskatchewan,"Professional, scientific and technical services  ",Men ,25 to 54 years,42.37,
2022,Saskatchewan,"Professional, scientific and technical services  ",Women ,25 to 54 years,33.78,
2022,Saskatchewan,Public administration  ,Men ,25 to 54 years,41.35,
2022,Saskatchewan,Public administration  ,Women ,25 to 54 years,37.98,
2022,Saskatchewan,Transportation and warehousing  ,Men ,25 to 54 years,32.86,
2022,Saskatchewan,Transportation and warehousing  ,Women ,25 to 54 years,29.87,
2022,Saskatchewan,Utilities  ,Men ,25 to 54 years,45.37,
2022,Saskatchewan,Utilities  ,Women ,25 to 54 years,45.07,
2022,Saskatchewan,Wholesale and retail trade  ,Men ,25 to 54 years,29.8,
2022,Saskatchewan,Wholesale and retail trade  ,Women ,25 to 54 years,22.39,
2022,Saskatchewan,Accommodation and food services  ,Men ,55 years and over,20.9,
2022,Saskatchewan,Accommodation and food services  ,Women ,55 years and over,17.02,
2022,Saskatchewan,Agriculture  ,Men ,55 years and over,27.15,
2022,Saskatchewan,Agriculture  ,Women ,55 years and over,19.4,
2022,Saskatchewan,"Business, building and other support services  ",Men ,55 years and over,18.33,
2022,Saskatchewan,"Business, building and other support services  ",Women ,55 years and over,21.04,
2022,Saskatchewan,Construction  ,Men ,55 years and over,34.47,
2022,Saskatchewan,Construction  ,Women ,55 years and over,30.81,
2022,Saskatchewan,Educational services  ,Men ,55 years and over,48.13,
2022,Saskatchewan,Educational services  ,Women ,55 years and over,35.62,
2022,Saskatchewan,"Finance, insurance, real estate, rental and leasing  ",Men ,55 years and over,36.38,
2022,Saskatchewan,"Finance, insurance, real estate, rental and leasing  ",Women ,55 years and over,34.1,
2022,Saskatchewan,"Forestry, fishing, mining, quarrying, oil and gas  ",Men ,55 years and over,43.92,
2022,Saskatchewan,"Forestry, fishing, mining, quarrying, oil and gas  ",Women ,55 years and over,,
2022,Saskatchewan,Health care and social assistance  ,Men ,55 years and over,33.9,
2022,Saskatchewan,Health care and social assistance  ,Women ,55 years and over,29.5,
2022,Saskatchewan,"Information, culture and recreation  ",Men ,55 years and over,31.82,
2022,Saskatchewan,"Information, culture and recreation  ",Women ,55 years and over,27.71,
2022,Saskatchewan,Manufacturing  ,Men ,55 years and over,38.62,
2022,Saskatchewan,Manufacturing  ,Women ,55 years and over,25.01,
2022,Saskatchewan,Other services (except public administration)  ,Men ,55 years and over,31.06,
2022,Saskatchewan,Other services (except public administration)  ,Women ,55 years and over,28.07,
2022,Saskatchewan,"Professional, scientific and technical services  ",Men ,55 years and over,48.31,
2022,Saskatchewan,"Professional, scientific and technical services  ",Women ,55 years and over,31.6,
2022,Saskatchewan,Public administration  ,Men ,55 years and over,43.54,
2022,Saskatchewan,Public administration  ,Women ,55 years and over,37.44,
2022,Saskatchewan,Transportation and warehousing  ,Men ,55 years and over,31.86,
2022,Saskatchewan,Transportation and warehousing  ,Women ,55 years and over,25.74,
2022,Saskatchewan,Utilities  ,Men ,55 years and over,37.11,
2022,Saskatchewan,Utilities  ,Women ,55 years and over,,
2022,Saskatchewan,Wholesale and retail trade  ,Men ,55 years and over,30.83,
2022,Saskatchewan,Wholesale and retail trade  ,Women ,55 years and over,20.22,
2023,Alberta,Accommodation and food services  ,Men ,15 to 24 years,17.36,
2023,Alberta,Accommodation and food services  ,Women ,15 to 24 years,17.46,
2023,Alberta,Agriculture  ,Men ,15 to 24 years,20.9,
2023,Alberta,Agriculture  ,Women ,15 to 24 years,,
2023,Alberta,"Business, building and other support services  ",Men ,15 to 24 years,20.17,
2023,Alberta,"Business, building and other support services  ",Women ,15 to 24 years,,
2023,Alberta,Construction  ,Men ,15 to 24 years,24.94,
2023,Alberta,Construction  ,Women ,15 to 24 years,27.27,
2023,Alberta,Educational services  ,Men ,15 to 24 years,26.93,
2023,Alberta,Educational services  ,Women ,15 to 24 years,21.7,
2023,Alberta,"Finance, insurance, real estate, rental and leasing  ",Men ,15 to 24 years,20.89,
2023,Alberta,"Finance, insurance, real estate, rental and leasing  ",Women ,15 to 24 years,22.9,
2023,Alberta,"Forestry, fishing, mining, quarrying, oil and gas  ",Men ,15 to 24 years,32.89,
2023,Alberta,"Forestry, fishing, mining, quarrying, oil and gas  ",Women ,15 to 24 years,,
2023,Alberta,Health care and social assistance  ,Men ,15 to 24 years,24.54,
2023,Alberta,Health care and social assistance  ,Women ,15 to 24 years,23.16,
2023,Alberta,"Information, culture and recreation  ",Men ,15 to 24 years,19.94,
2023,Alberta,"Information, culture and recreation  ",Women ,15 to 24 years,17.6,
2023,Alberta,Manufacturing  ,Men ,15 to 24 years,22.78,
2023,Alberta,Manufacturing  ,Women ,15 to 24 years,21.49,
2023,Alberta,Other services (except public administration)  ,Men ,15 to 24 years,20.53,
2023,Alberta,Other services (except public administration)  ,Women ,15 to 24 years,18.59,
2023,Alberta,"Professional, scientific and technical services  ",Men ,15 to 24 years,24.74,
2023,Alberta,"Professional, scientific and technical services  ",Women ,15 to 24 years,23.66,
2023,Alberta,Public administration  ,Men ,15 to 24 years,25.69,
2023,Alberta,Public administration  ,Women ,15 to 24 years,22.71,
2023,Alberta,Transportation and warehousing  ,Men ,15 to 24 years,23.45,
2023,Alberta,Transportation and warehousing  ,Women ,15 to 24 years,24.27,
2023,Alberta,Utilities  ,Men ,15 to 24 years,,
2023,Alberta,Utilities  ,Women ,15 to 24 years,,
2023,Alberta,Wholesale and retail trade  ,Men ,15 to 24 years,17.77,
2023,Alberta,Wholesale and retail trade  ,Women ,15 to 24 years,17.16,
2023,Alberta,Accommodation and food services  ,Men ,25 to 54 years,22.64,
2023,Alberta,Accommodation and food services  ,Women ,25 to 54 years,18.98,
2023,Alberta,Agriculture  ,Men ,25 to 54 years,25.29,
2023,Alberta,Agriculture  ,Women ,25 to 54 years,23.58,
2023,Alberta,"Business, building and other support services  ",Men ,25 to 54 years,30.69,
2023,Alberta,"Business, building and other support services  ",Women ,25 to 54 years,23.9,
2023,Alberta,Construction  ,Men ,25 to 54 years,39.87,
2023,Alberta,Construction  ,Women ,25 to 54 years,33.27,
2023,Alberta,Educational services  ,Men ,25 to 54 years,42.88,
2023,Alberta,Educational services  ,Women ,25 to 54 years,37.52,
2023,Alberta,"Finance, insurance, real estate, rental and leasing  ",Men ,25 to 54 years,47.09,
2023,Alberta,"Finance, insurance, real estate, rental and leasing  ",Women ,25 to 54 years,35.49,
2023,Alberta,"Forestry, fishing, mining, quarrying, oil and gas  ",Men ,25 to 54 years,54.33,
2023,Alberta,"Forestry, fishing, mining, quarrying, oil and gas  ",Women ,25 to 54 years,48.05,
2023,Alberta,Health care and social assistance  ,Men ,25 to 54 years,37.55,
2023,Alberta,Health care and social assistance  ,Women ,25 to 54 years,34.75,
2023,Alberta,"Information, culture and recreation  ",Men ,25 to 54 years,33.67,
2023,Alberta,"Information, culture and recreation  ",Women ,25 to 54 years,31.48,
2023,Alberta,Manufacturing  ,Men ,25 to 54 years,37.25,
2023,Alberta,Manufacturing  ,Women ,25 to 54 years,31.87,
2023,Alberta,Other services (except public administration)  ,Men ,25 to 54 years,34.77,
2023,Alberta,Other services (except public administration)  ,Women ,25 to 54 years,27.82,
2023,Alberta,"Professional, scientific and technical services  ",Men ,25 to 54 years,52.05,
2023,Alberta,"Professional, scientific and technical services  ",Women ,25 to 54 years,39.38,
2023,Alberta,Public administration  ,Men ,25 to 54 years,47.39,
2023,Alberta,Public administration  ,Women ,25 to 54 years,43.82,
2023,Alberta,Transportation and warehousing  ,Men ,25 to 54 years,38.17,
2023,Alberta,Transportation and warehousing  ,Women ,25 to 54 years,30.18,
2023,Alberta,Utilities  ,Men ,25 to 54 years,51.57,
2023,Alberta,Utilities  ,Women ,25 to 54 years,43.7,
2023,Alberta,Wholesale and retail trade  ,Men ,25 to 54 years,33.45,
2023,Alberta,Wholesale and retail trade  ,Women ,25 to 54 years,25.37,
2023,Alberta,Accommodation and food services  ,Men ,55 years and over,22.01,
2023,Alberta,Accommodation and food services  ,Women ,55 years and over,20.85,
2023,Alberta,Agriculture  ,Men ,55 years and over,,
2023,Alberta,Agriculture  ,Women ,55 years and over,,
2023,Alberta,"Business, building and other support services  ",Men ,55 years and over,29.98,
2023,Alberta,"Business, building and other support services  ",Women ,55 years and over,25.59,
2023,Alberta,Construction  ,Men ,55 years and over,39.66,
2023,Alberta,Construction  ,Women ,55 years and over,30.41,
2023,Alberta,Educational services  ,Men ,55 years and over,51.59,
2023,Alberta,Educational services  ,Women ,55 years and over,36.98,
2023,Alberta,"Finance, insurance, real estate, rental and leasing  ",Men ,55 years and over,42.14,
2023,Alberta,"Finance, insurance, real estate, rental and leasing  ",Women ,55 years and over,39.8,
2023,Alberta,"Forestry, fishing, mining, quarrying, oil and gas  ",Men ,55 years and over,59.02,
2023,Alberta,"Forestry, fishing, mining, quarrying, oil and gas  ",Women ,55 years and over,43.63,
2023,Alberta,Health care and social assistance  ,Men ,55 years and over,33.1,
2023,Alberta,Health care and social assistance  ,Women ,55 years and over,33.01,
2023,Alberta,"Information, culture and recreation  ",Men ,55 years and over,30.85,
2023,Alberta,"Information, culture and recreation  ",Women ,55 years and over,27.27,
2023,Alberta,Manufacturing  ,Men ,55 years and over,41.61,
2023,Alberta,Manufacturing  ,Women ,55 years and over,33.67,
2023,Alberta,Other services (except public administration)  ,Men ,55 years and over,34.59,
2023,Alberta,Other services (except public administration)  ,Women ,55 years and over,33.21,
2023,Alberta,"Professional, scientific and technical services  ",Men ,55 years and over,56.46,
2023,Alberta,"Professional, scientific and technical services  ",Women ,55 years and over,36.55,
2023,Alberta,Public administration  ,Men ,55 years and over,48.62,
2023,Alberta,Public administration  ,Women ,55 years and over,42.23,
2023,Alberta,Transportation and warehousing  ,Men ,55 years and over,36.01,
2023,Alberta,Transportation and warehousing  ,Women ,55 years and over,30.03,
2023,Alberta,Utilities  ,Men ,55 years and over,57.73,
2023,Alberta,Utilities  ,Women ,55 years and over,,
2023,Alberta,Wholesale and retail trade  ,Men ,55 years and over,34.8,
2023,Alberta,Wholesale and retail trade  ,Women ,55 years and over,24.26,
2023,British Columbia,Accommodation and food services  ,Men ,15 to 24 years,18.54,
2023,British Columbia,Accommodation and food services  ,Women ,15 to 24 years,18.58,
2023,British Columbia,Agriculture  ,Men ,15 to 24 years,,
2023,British Columbia,Agriculture  ,Women ,15 to 24 years,19.37,
2023,British Columbia,"Business, building and other support services  ",Men ,15 to 24 years,22.05,
2023,British Columbia,"Business, building and other support services  ",Women ,15 to 24 years,20.96,
2023,British Columbia,Construction  ,Men ,15 to 24 years,24.96,
2023,British Columbia,Construction  ,Women ,15 to 24 years,24.05,
2023,British Columbia,Educational services  ,Men ,15 to 24 years,25.07,
2023,British Columbia,Educational services  ,Women ,15 to 24 years,24.61,
2023,British Columbia,"Finance, insurance, real estate, rental and leasing  ",Men ,15 to 24 years,27.03,
2023,British Columbia,"Finance, insurance, real estate, rental and leasing  ",Women ,15 to 24 years,27.11,
2023,British Columbia,"Forestry, fishing, mining, quarrying, oil and gas  ",Men ,15 to 24 years,31.77,
2023,British Columbia,"Forestry, fishing, mining, quarrying, oil and gas  ",Women ,15 to 24 years,,
2023,British Columbia,Health care and social assistance  ,Men ,15 to 24 years,23.25,
2023,British Columbia,Health care and social assistance  ,Women ,15 to 24 years,23.6,
2023,British Columbia,"Information, culture and recreation  ",Men ,15 to 24 years,20.49,
2023,British Columbia,"Information, culture and recreation  ",Women ,15 to 24 years,20.97,
2023,British Columbia,Manufacturing  ,Men ,15 to 24 years,24.38,
2023,British Columbia,Manufacturing  ,Women ,15 to 24 years,19.72,
2023,British Columbia,Other services (except public administration)  ,Men ,15 to 24 years,21.79,
2023,British Columbia,Other services (except public administration)  ,Women ,15 to 24 years,21.63,
2023,British Columbia,"Professional, scientific and technical services  ",Men ,15 to 24 years,28.28,
2023,British Columbia,"Professional, scientific and technical services  ",Women ,15 to 24 years,22.65,
2023,British Columbia,Public administration  ,Men ,15 to 24 years,27.35,
2023,British Columbia,Public administration  ,Women ,15 to 24 years,27.87,
2023,British Columbia,Transportation and warehousing  ,Men ,15 to 24 years,27.37,
2023,British Columbia,Transportation and warehousing  ,Women ,15 to 24 years,23.39,
2023,British Columbia,Utilities  ,Men ,15 to 24 years,,
2023,British Columbia,Utilities  ,Women ,15 to 24 years,,
2023,British Columbia,Wholesale and retail trade  ,Men ,15 to 24 years,18.81,
2023,British Columbia,Wholesale and retail trade  ,Women ,15 to 24 years,18.31,
2023,British Columbia,Accommodation and food services  ,Men ,25 to 54 years,26.02,
2023,British Columbia,Accommodation and food services  ,Women ,25 to 54 years,22.04,
2023,British Columbia,Agriculture  ,Men ,25 to 54 years,29.83,
2023,British Columbia,Agriculture  ,Women ,25 to 54 years,19.37,
2023,British Columbia,"Business, building and other support services  ",Men ,25 to 54 years,30.62,
2023,British Columbia,"Business, building and other support services  ",Women ,25 to 54 years,28.06,
2023,British Columbia,Construction  ,Men ,25 to 54 years,39.01,
2023,British Columbia,Construction  ,Women ,25 to 54 years,34.02,
2023,British Columbia,Educational services  ,Men ,25 to 54 years,41.55,
2023,British Columbia,Educational services  ,Women ,25 to 54 years,38.3,
2023,British Columbia,"Finance, insurance, real estate, rental and leasing  ",Men ,25 to 54 years,45.17,
2023,British Columbia,"Finance, insurance, real estate, rental and leasing  ",Women ,25 to 54 years,38.41,
2023,British Columbia,"Forestry, fishing, mining, quarrying, oil and gas  ",Men ,25 to 54 years,48.57,
2023,British Columbia,"Forestry, fishing, mining, quarrying, oil and gas  ",Women ,25 to 54 years,38.24,
2023,British Columbia,Health care and social assistance  ,Men ,25 to 54 years,38.21,
2023,British Columbia,Health care and social assistance  ,Women ,25 to 54 years,34.7,
2023,British Columbia,"Information, culture and recreation  ",Men ,25 to 54 years,41.87,
2023,British Columbia,"Information, culture and recreation  ",Women ,25 to 54 years,34.5,
2023,British Columbia,Manufacturing  ,Men ,25 to 54 years,38.07,
2023,British Columbia,Manufacturing  ,Women ,25 to 54 years,31.57,
2023,British Columbia,Other services (except public administration)  ,Men ,25 to 54 years,35.24,
2023,British Columbia,Other services (except public administration)  ,Women ,25 to 54 years,27.88,
2023,British Columbia,"Professional, scientific and technical services  ",Men ,25 to 54 years,54.71,
2023,British Columbia,"Professional, scientific and technical services  ",Women ,25 to 54 years,40.79,
2023,British Columbia,Public administration  ,Men ,25 to 54 years,44.86,
2023,British Columbia,Public administration  ,Women ,25 to 54 years,40.33,
2023,British Columbia,Transportation and warehousing  ,Men ,25 to 54 years,39.15,
2023,British Columbia,Transportation and warehousing  ,Women ,25 to 54 years,34.29,
2023,British Columbia,Utilities  ,Men ,25 to 54 years,43.34,
2023,British Columbia,Utilities  ,Women ,25 to 54 years,41.28,
2023,British Columbia,Wholesale and retail trade  ,Men ,25 to 54 years,34.73,
2023,British Columbia,Wholesale and retail trade  ,Women ,25 to 54 years,27.5,
2023,British Columbia,Accommodation and food services  ,Men ,55 years and over,28.07,
2023,British Columbia,Accommodation and food services  ,Women ,55 years and over,21.98,
2023,British Columbia,Agriculture  ,Men ,55 years and over,24.84,
2023,British Columbia,Agriculture  ,Women ,55 years and over,18.34,
2023,British Columbia,"Business, building and other support services  ",Men ,55 years and over,24.54,
2023,British Columbia,"Business, building and other support services  ",Women ,55 years and over,24.7,
2023,British Columbia,Construction  ,Men ,55 years and over,42.61,
2023,British Columbia,Construction  ,Women ,55 years and over,38.06,
2023,British Columbia,Educational services  ,Men ,55 years and over,45.71,
2023,British Columbia,Educational services  ,Women ,55 years and over,39.88,
2023,British Columbia,"Finance, insurance, real estate, rental and leasing  ",Men ,55 years and over,54.46,
2023,British Columbia,"Finance, insurance, real estate, rental and leasing  ",Women ,55 years and over,37.34,
2023,British Columbia,"Forestry, fishing, mining, quarrying, oil and gas  ",Men ,55 years and over,43.62,
2023,British Columbia,"Forestry, fishing, mining, quarrying, oil and gas  ",Women ,55 years and over,,
2023,British Columbia,Health care and social assistance  ,Men ,55 years and over,37.66,
2023,British Columbia,Health care and social assistance  ,Women ,55 years and over,33.59,
2023,British Columbia,"Information, culture and recreation  ",Men ,55 years and over,37.44,
2023,British Columbia,"Information, culture and recreation  ",Women ,55 years and over,31.42,
2023,British Columbia,Manufacturing  ,Men ,55 years and over,40.12,
2023,British Columbia,Manufacturing  ,Women ,55 years and over,26.17,
2023,British Columbia,Other services (except public administration)  ,Men ,55 years and over,36.45,
2023,British Columbia,Other services (except public administration)  ,Women ,55 years and over,30.16,
2023,British Columbia,"Professional, scientific and technical services  ",Men ,55 years and over,59.78,
2023,British Columbia,"Professional, scientific and technical services  ",Women ,55 years and over,36.95,
2023,British Columbia,Public administration  ,Men ,55 years and over,50.74,
2023,British Columbia,Public administration  ,Women ,55 years and over,39.15,
2023,British Columbia,Transportation and warehousing  ,Men ,55 years and over,36.04,
2023,British Columbia,Transportation and warehousing  ,Women ,55 years and over,35.76,
2023,British Columbia,Utilities  ,Men ,55 years and over,47.75,
2023,British Columbia,Utilities  ,Women ,55 years and over,48.81,
2023,British Columbia,Wholesale and retail trade  ,Men ,55 years and over,33.95,
2023,British Columbia,Wholesale and retail trade  ,Women ,55 years and over,23.87,
2023,Manitoba,Accommodation and food services  ,Men ,15 to 24 years,15.61,
2023,Manitoba,Accommodation and food services  ,Women ,15 to 24 years,15.76,
2023,Manitoba,Agriculture  ,Men ,15 to 24 years,17.53,
2023,Manitoba,Agriculture  ,Women ,15 to 24 years,17.29,
2023,Manitoba,"Business, building and other support services  ",Men ,15 to 24 years,18.12,
2023,Manitoba,"Business, building and other support services  ",Women ,15 to 24 years,16.87,
2023,Manitoba,Construction  ,Men ,15 to 24 years,22.27,
2023,Manitoba,Construction  ,Women ,15 to 24 years,19.73,
2023,Manitoba,Educational services  ,Men ,15 to 24 years,19.28,
2023,Manitoba,Educational services  ,Women ,15 to 24 years,20.5,
2023,Manitoba,"Finance, insurance, real estate, rental and leasing  ",Men ,15 to 24 years,20.08,
2023,Manitoba,"Finance, insurance, real estate, rental and leasing  ",Women ,15 to 24 years,19.19,
2023,Manitoba,"Forestry, fishing, mining, quarrying, oil and gas  ",Men ,15 to 24 years,25.32,
2023,Manitoba,"Forestry, fishing, mining, quarrying, oil and gas  ",Women ,15 to 24 years,,
2023,Manitoba,Health care and social assistance  ,Men ,15 to 24 years,18.98,
2023,Manitoba,Health care and social assistance  ,Women ,15 to 24 years,19.36,
2023,Manitoba,"Information, culture and recreation  ",Men ,15 to 24 years,17.26,
2023,Manitoba,"Information, culture and recreation  ",Women ,15 to 24 years,16.93,
2023,Manitoba,Manufacturing  ,Men ,15 to 24 years,21.26,
2023,Manitoba,Manufacturing  ,Women ,15 to 24 years,19.17,
2023,Manitoba,Other services (except public administration)  ,Men ,15 to 24 years,18.25,
2023,Manitoba,Other services (except public administration)  ,Women ,15 to 24 years,15.82,
2023,Manitoba,"Professional, scientific and technical services  ",Men ,15 to 24 years,22.38,
2023,Manitoba,"Professional, scientific and technical services  ",Women ,15 to 24 years,20.45,
2023,Manitoba,Public administration  ,Men ,15 to 24 years,22.28,
2023,Manitoba,Public administration  ,Women ,15 to 24 years,24.27,
2023,Manitoba,Transportation and warehousing  ,Men ,15 to 24 years,21.22,
2023,Manitoba,Transportation and warehousing  ,Women ,15 to 24 years,19.34,
2023,Manitoba,Utilities  ,Men ,15 to 24 years,,
2023,Manitoba,Utilities  ,Women ,15 to 24 years,,
2023,Manitoba,Wholesale and retail trade  ,Men ,15 to 24 years,16.3,
2023,Manitoba,Wholesale and retail trade  ,Women ,15 to 24 years,15.67,
2023,Manitoba,Accommodation and food services  ,Men ,25 to 54 years,20.15,
2023,Manitoba,Accommodation and food services  ,Women ,25 to 54 years,18.58,
2023,Manitoba,Agriculture  ,Men ,25 to 54 years,22.74,
2023,Manitoba,Agriculture  ,Women ,25 to 54 years,25.1,
2023,Manitoba,"Business, building and other support services  ",Men ,25 to 54 years,23.43,
2023,Manitoba,"Business, building and other support services  ",Women ,25 to 54 years,20.46,
2023,Manitoba,Construction  ,Men ,25 to 54 years,33.37,
2023,Manitoba,Construction  ,Women ,25 to 54 years,26.81,
2023,Manitoba,Educational services  ,Men ,25 to 54 years,40.74,
2023,Manitoba,Educational services  ,Women ,25 to 54 years,34.41,
2023,Manitoba,"Finance, insurance, real estate, rental and leasing  ",Men ,25 to 54 years,40.69,
2023,Manitoba,"Finance, insurance, real estate, rental and leasing  ",Women ,25 to 54 years,31.56,
2023,Manitoba,"Forestry, fishing, mining, quarrying, oil and gas  ",Men ,25 to 54 years,38.7,
2023,Manitoba,"Forestry, fishing, mining, quarrying, oil and gas  ",Women ,25 to 54 years,36.28,
2023,Manitoba,Health care and social assistance  ,Men ,25 to 54 years,32.52,
2023,Manitoba,Health care and social assistance  ,Women ,25 to 54 years,30.81,
2023,Manitoba,"Information, culture and recreation  ",Men ,25 to 54 years,33.84,
2023,Manitoba,"Information, culture and recreation  ",Women ,25 to 54 years,28.34,
2023,Manitoba,Manufacturing  ,Men ,25 to 54 years,30.42,
2023,Manitoba,Manufacturing  ,Women ,25 to 54 years,26.54,
2023,Manitoba,Other services (except public administration)  ,Men ,25 to 54 years,29.26,
2023,Manitoba,Other services (except public administration)  ,Women ,25 to 54 years,26.32,
2023,Manitoba,"Professional, scientific and technical services  ",Men ,25 to 54 years,41.72,
2023,Manitoba,"Professional, scientific and technical services  ",Women ,25 to 54 years,32.73,
2023,Manitoba,Public administration  ,Men ,25 to 54 years,40.99,
2023,Manitoba,Public administration  ,Women ,25 to 54 years,37.35,
2023,Manitoba,Transportation and warehousing  ,Men ,25 to 54 years,30.82,
2023,Manitoba,Transportation and warehousing  ,Women ,25 to 54 years,28.15,
2023,Manitoba,Utilities  ,Men ,25 to 54 years,45.11,
2023,Manitoba,Utilities  ,Women ,25 to 54 years,42.08,
2023,Manitoba,Wholesale and retail trade  ,Men ,25 to 54 years,30.01,
2023,Manitoba,Wholesale and retail trade  ,Women ,25 to 54 years,24.58,
2023,Manitoba,Accommodation and food services  ,Men ,55 years and over,22.2,
2023,Manitoba,Accommodation and food services  ,Women ,55 years and over,17.14,
2023,Manitoba,Agriculture  ,Men ,55 years and over,26.68,
2023,Manitoba,Agriculture  ,Women ,55 years and over,,
2023,Manitoba,"Business, building and other support services  ",Men ,55 years and over,22.92,
2023,Manitoba,"Business, building and other support services  ",Women ,55 years and over,19.3,
2023,Manitoba,Construction  ,Men ,55 years and over,31.84,
2023,Manitoba,Construction  ,Women ,55 years and over,30.14,
2023,Manitoba,Educational services  ,Men ,55 years and over,35.41,
2023,Manitoba,Educational services  ,Women ,55 years and over,33.43,
2023,Manitoba,"Finance, insurance, real estate, rental and leasing  ",Men ,55 years and over,38.17,
2023,Manitoba,"Finance, insurance, real estate, rental and leasing  ",Women ,55 years and over,29.08,
2023,Manitoba,"Forestry, fishing, mining, quarrying, oil and gas  ",Men ,55 years and over,41.83,
2023,Manitoba,"Forestry, fishing, mining, quarrying, oil and gas  ",Women ,55 years and over,,
2023,Manitoba,Health care and social assistance  ,Men ,55 years and over,30.26,
2023,Manitoba,Health care and social assistance  ,Women ,55 years and over,29.05,
2023,Manitoba,"Information, culture and recreation  ",Men ,55 years and over,35.28,
2023,Manitoba,"Information, culture and recreation  ",Women ,55 years and over,29.62,
2023,Manitoba,Manufacturing  ,Men ,55 years and over,32.31,
2023,Manitoba,Manufacturing  ,Women ,55 years and over,24.44,
2023,Manitoba,Other services (except public administration)  ,Men ,55 years and over,30.24,
2023,Manitoba,Other services (except public administration)  ,Women ,55 years and over,25.05,
2023,Manitoba,"Professional, scientific and technical services  ",Men ,55 years and over,56.06,
2023,Manitoba,"Professional, scientific and technical services  ",Women ,55 years and over,37.92,
2023,Manitoba,Public administration  ,Men ,55 years and over,42.08,
2023,Manitoba,Public administration  ,Women ,55 years and over,35.37,
2023,Manitoba,Transportation and warehousing  ,Men ,55 years and over,30.61,
2023,Manitoba,Transportation and warehousing  ,Women ,55 years and over,28.72,
2023,Manitoba,Utilities  ,Men ,55 years and over,48.6,
2023,Manitoba,Utilities  ,Women ,55 years and over,,
2023,Manitoba,Wholesale and retail trade  ,Men ,55 years and over,30.14,
2023,Manitoba,Wholesale and retail trade  ,Women ,55 years and over,22.46,
2023,New Brunswick,Accommodation and food services  ,Men ,15 to 24 years,15.59,
2023,New Brunswick,Accommodation and food services  ,Women ,15 to 24 years,15.88,
2023,New Brunswick,Agriculture  ,Men ,15 to 24 years,,
2023,New Brunswick,Agriculture  ,Women ,15 to 24 years,,
2023,New Brunswick,"Business, building and other support services  ",Men ,15 to 24 years,16.96,
2023,New Brunswick,"Business, building and other support services  ",Women ,15 to 24 years,18.03,
2023,New Brunswick,Construction  ,Men ,15 to 24 years,21.7,
2023,New Brunswick,Construction  ,Women ,15 to 24 years,22.75,
2023,New Brunswick,Educational services  ,Men ,15 to 24 years,18.7,
2023,New Brunswick,Educational services  ,Women ,15 to 24 years,20.22,
2023,New Brunswick,"Finance, insurance, real estate, rental and leasing  ",Men ,15 to 24 years,,
2023,New Brunswick,"Finance, insurance, real estate, rental and leasing  ",Women ,15 to 24 years,,
2023,New Brunswick,"Forestry, fishing, mining, quarrying, oil and gas  ",Men ,15 to 24 years,,
2023,New Brunswick,"Forestry, fishing, mining, quarrying, oil and gas  ",Women ,15 to 24 years,,
2023,New Brunswick,Health care and social assistance  ,Men ,15 to 24 years,22.75,
2023,New Brunswick,Health care and social assistance  ,Women ,15 to 24 years,21.51,
2023,New Brunswick,"Information, culture and recreation  ",Men ,15 to 24 years,18.28,
2023,New Brunswick,"Information, culture and recreation  ",Women ,15 to 24 years,16.95,
2023,New Brunswick,Manufacturing  ,Men ,15 to 24 years,20.87,
2023,New Brunswick,Manufacturing  ,Women ,15 to 24 years,,
2023,New Brunswick,Other services (except public administration)  ,Men ,15 to 24 years,18.83,
2023,New Brunswick,Other services (except public administration)  ,Women ,15 to 24 years,18.58,
2023,New Brunswick,"Professional, scientific and technical services  ",Men ,15 to 24 years,,
2023,New Brunswick,"Professional, scientific and technical services  ",Women ,15 to 24 years,23.67,
2023,New Brunswick,Public administration  ,Men ,15 to 24 years,24.78,
2023,New Brunswick,Public administration  ,Women ,15 to 24 years,25.31,
2023,New Brunswick,Transportation and warehousing  ,Men ,15 to 24 years,19.95,
2023,New Brunswick,Transportation and warehousing  ,Women ,15 to 24 years,,
2023,New Brunswick,Utilities  ,Men ,15 to 24 years,,
2023,New Brunswick,Utilities  ,Women ,15 to 24 years,,
2023,New Brunswick,Wholesale and retail trade  ,Men ,15 to 24 years,15.81,
2023,New Brunswick,Wholesale and retail trade  ,Women ,15 to 24 years,15.93,
2023,New Brunswick,Accommodation and food services  ,Men ,25 to 54 years,18.36,
2023,New Brunswick,Accommodation and food services  ,Women ,25 to 54 years,18.41,
2023,New Brunswick,Agriculture  ,Men ,25 to 54 years,21.86,
2023,New Brunswick,Agriculture  ,Women ,25 to 54 years,22.67,
2023,New Brunswick,"Business, building and other support services  ",Men ,25 to 54 years,24.31,
2023,New Brunswick,"Business, building and other support services  ",Women ,25 to 54 years,21.95,
2023,New Brunswick,Construction  ,Men ,25 to 54 years,29.14,
2023,New Brunswick,Construction  ,Women ,25 to 54 years,27.3,
2023,New Brunswick,Educational services  ,Men ,25 to 54 years,35.87,
2023,New Brunswick,Educational services  ,Women ,25 to 54 years,34.61,
2023,New Brunswick,"Finance, insurance, real estate, rental and leasing  ",Men ,25 to 54 years,38.47,
2023,New Brunswick,"Finance, insurance, real estate, rental and leasing  ",Women ,25 to 54 years,30.97,
2023,New Brunswick,"Forestry, fishing, mining, quarrying, oil and gas  ",Men ,25 to 54 years,36.7,
2023,New Brunswick,"Forestry, fishing, mining, quarrying, oil and gas  ",Women ,25 to 54 years,35.39,
2023,New Brunswick,Health care and social assistance  ,Men ,25 to 54 years,30.49,
2023,New Brunswick,Health care and social assistance  ,Women ,25 to 54 years,29.96,
2023,New Brunswick,"Information, culture and recreation  ",Men ,25 to 54 years,30.78,
2023,New Brunswick,"Information, culture and recreation  ",Women ,25 to 54 years,26.63,
2023,New Brunswick,Manufacturing  ,Men ,25 to 54 years,30.88,
2023,New Brunswick,Manufacturing  ,Women ,25 to 54 years,26.45,
2023,New Brunswick,Other services (except public administration)  ,Men ,25 to 54 years,29.52,
2023,New Brunswick,Other services (except public administration)  ,Women ,25 to 54 years,24.56,
2023,New Brunswick,"Professional, scientific and technical services  ",Men ,25 to 54 years,42.56,
2023,New Brunswick,"Professional, scientific and technical services  ",Women ,25 to 54 years,32.4,
2023,New Brunswick,Public administration  ,Men ,25 to 54 years,39.93,
2023,New Brunswick,Public administration  ,Women ,25 to 54 years,37.79,
2023,New Brunswick,Transportation and warehousing  ,Men ,25 to 54 years,28.22,
2023,New Brunswick,Transportation and warehousing  ,Women ,25 to 54 years,28.73,
2023,New Brunswick,Utilities  ,Men ,25 to 54 years,45.53,
2023,New Brunswick,Utilities  ,Women ,25 to 54 years,44.55,
2023,New Brunswick,Wholesale and retail trade  ,Men ,25 to 54 years,25.48,
2023,New Brunswick,Wholesale and retail trade  ,Women ,25 to 54 years,22.45,
2023,New Brunswick,Accommodation and food services  ,Men ,55 years and over,19.35,
2023,New Brunswick,Accommodation and food services  ,Women ,55 years and over,18.04,
2023,New Brunswick,Agriculture  ,Men ,55 years and over,28.76,
2023,New Brunswick,Agriculture  ,Women ,55 years and over,,
2023,New Brunswick,"Business, building and other support services  ",Men ,55 years and over,19.66,
2023,New Brunswick,"Business, building and other support services  ",Women ,55 years and over,20.12,
2023,New Brunswick,Construction  ,Men ,55 years and over,28.08,
2023,New Brunswick,Construction  ,Women ,55 years and over,21.9,
2023,New Brunswick,Educational services  ,Men ,55 years and over,37.64,
2023,New Brunswick,Educational services  ,Women ,55 years and over,32.68,
2023,New Brunswick,"Finance, insurance, real estate, rental and leasing  ",Men ,55 years and over,28.89,
2023,New Brunswick,"Finance, insurance, real estate, rental and leasing  ",Women ,55 years and over,33.61,
2023,New Brunswick,"Forestry, fishing, mining, quarrying, oil and gas  ",Men ,55 years and over,33.87,
2023,New Brunswick,"Forestry, fishing, mining, quarrying, oil and gas  ",Women ,55 years and over,,
2023,New Brunswick,Health care and social assistance  ,Men ,55 years and over,28.34,
2023,New Brunswick,Health care and social assistance  ,Women ,55 years and over,29.42,
2023,New Brunswick,"Information, culture and recreation  ",Men ,55 years and over,29.51,
2023,New Brunswick,"Information, culture and recreation  ",Women ,55 years and over,33.07,
2023,New Brunswick,Manufacturing  ,Men ,55 years and over,29.76,
2023,New Brunswick,Manufacturing  ,Women ,55 years and over,22.93,
2023,New Brunswick,Other services (except public administration)  ,Men ,55 years and over,26.52,
2023,New Brunswick,Other services (except public administration)  ,Women ,55 years and over,21.89,
2023,New Brunswick,"Professional, scientific and technical services  ",Men ,55 years and over,50.64,
2023,New Brunswick,"Professional, scientific and technical services  ",Women ,55 years and over,36.41,
2023,New Brunswick,Public administration  ,Men ,55 years and over,40.97,
2023,New Brunswick,Public administration  ,Women ,55 years and over,34.58,
2023,New Brunswick,Transportation and warehousing  ,Men ,55 years and over,28.31,
2023,New Brunswick,Transportation and warehousing  ,Women ,55 years and over,23.73,
2023,New Brunswick,Utilities  ,Men ,55 years and over,53.31,
2023,New Brunswick,Utilities  ,Women ,55 years and over,,
2023,New Brunswick,Wholesale and retail trade  ,Men ,55 years and over,27.2,
2023,New Brunswick,Wholesale and retail trade  ,Women ,55 years and over,19.59,
2023,Newfoundland and Labrador,Accommodation and food services  ,Men ,15 to 24 years,15.09,
2023,Newfoundland and Labrador,Accommodation and food services  ,Women ,15 to 24 years,15.63,
2023,Newfoundland and Labrador,Agriculture  ,Men ,15 to 24 years,,
2023,Newfoundland and Labrador,Agriculture  ,Women ,15 to 24 years,,
2023,Newfoundland and Labrador,"Business, building and other support services  ",Men ,15 to 24 years,,
2023,Newfoundland and Labrador,"Business, building and other support services  ",Women ,15 to 24 years,,
2023,Newfoundland and Labrador,Construction  ,Men ,15 to 24 years,24.58,
2023,Newfoundland and Labrador,Construction  ,Women ,15 to 24 years,,
2023,Newfoundland and Labrador,Educational services  ,Men ,15 to 24 years,,
2023,Newfoundland and Labrador,Educational services  ,Women ,15 to 24 years,19.88,
2023,Newfoundland and Labrador,"Finance, insurance, real estate, rental and leasing  ",Men ,15 to 24 years,,
2023,Newfoundland and Labrador,"Finance, insurance, real estate, rental and leasing  ",Women ,15 to 24 years,,
2023,Newfoundland and Labrador,"Forestry, fishing, mining, quarrying, oil and gas  ",Men ,15 to 24 years,36.9,
2023,Newfoundland and Labrador,"Forestry, fishing, mining, quarrying, oil and gas  ",Women ,15 to 24 years,,
2023,Newfoundland and Labrador,Health care and social assistance  ,Men ,15 to 24 years,20.34,
2023,Newfoundland and Labrador,Health care and social assistance  ,Women ,15 to 24 years,22.85,
2023,Newfoundland and Labrador,"Information, culture and recreation  ",Men ,15 to 24 years,16.67,
2023,Newfoundland and Labrador,"Information, culture and recreation  ",Women ,15 to 24 years,16.25,
2023,Newfoundland and Labrador,Manufacturing  ,Men ,15 to 24 years,20.34,
2023,Newfoundland and Labrador,Manufacturing  ,Women ,15 to 24 years,,
2023,Newfoundland and Labrador,Other services (except public administration)  ,Men ,15 to 24 years,,
2023,Newfoundland and Labrador,Other services (except public administration)  ,Women ,15 to 24 years,,
2023,Newfoundland and Labrador,"Professional, scientific and technical services  ",Men ,15 to 24 years,25.98,
2023,Newfoundland and Labrador,"Professional, scientific and technical services  ",Women ,15 to 24 years,,
2023,Newfoundland and Labrador,Public administration  ,Men ,15 to 24 years,,
2023,Newfoundland and Labrador,Public administration  ,Women ,15 to 24 years,,
2023,Newfoundland and Labrador,Transportation and warehousing  ,Men ,15 to 24 years,21.68,
2023,Newfoundland and Labrador,Transportation and warehousing  ,Women ,15 to 24 years,,
2023,Newfoundland and Labrador,Utilities  ,Men ,15 to 24 years,,
2023,Newfoundland and Labrador,Utilities  ,Women ,15 to 24 years,,
2023,Newfoundland and Labrador,Wholesale and retail trade  ,Men ,15 to 24 years,15.91,
2023,Newfoundland and Labrador,Wholesale and retail trade  ,Women ,15 to 24 years,15.17,
2023,Newfoundland and Labrador,Accommodation and food services  ,Men ,25 to 54 years,17.54,
2023,Newfoundland and Labrador,Accommodation and food services  ,Women ,25 to 54 years,18.13,
2023,Newfoundland and Labrador,Agriculture  ,Men ,25 to 54 years,24.51,
2023,Newfoundland and Labrador,Agriculture  ,Women ,25 to 54 years,,
2023,Newfoundland and Labrador,"Business, building and other support services  ",Men ,25 to 54 years,30.58,
2023,Newfoundland and Labrador,"Business, building and other support services  ",Women ,25 to 54 years,24.47,
2023,Newfoundland and Labrador,Construction  ,Men ,25 to 54 years,35.03,
2023,Newfoundland and Labrador,Construction  ,Women ,25 to 54 years,32.58,
2023,Newfoundland and Labrador,Educational services  ,Men ,25 to 54 years,41.19,
2023,Newfoundland and Labrador,Educational services  ,Women ,25 to 54 years,41.3,
2023,Newfoundland and Labrador,"Finance, insurance, real estate, rental and leasing  ",Men ,25 to 54 years,38.79,
2023,Newfoundland and Labrador,"Finance, insurance, real estate, rental and leasing  ",Women ,25 to 54 years,31.65,
2023,Newfoundland and Labrador,"Forestry, fishing, mining, quarrying, oil and gas  ",Men ,25 to 54 years,46.47,
2023,Newfoundland and Labrador,"Forestry, fishing, mining, quarrying, oil and gas  ",Women ,25 to 54 years,49.32,
2023,Newfoundland and Labrador,Health care and social assistance  ,Men ,25 to 54 years,33.58,
2023,Newfoundland and Labrador,Health care and social assistance  ,Women ,25 to 54 years,30.21,
2023,Newfoundland and Labrador,"Information, culture and recreation  ",Men ,25 to 54 years,33.35,
2023,Newfoundland and Labrador,"Information, culture and recreation  ",Women ,25 to 54 years,25.74,
2023,Newfoundland and Labrador,Manufacturing  ,Men ,25 to 54 years,36.78,
2023,Newfoundland and Labrador,Manufacturing  ,Women ,25 to 54 years,29.85,
2023,Newfoundland and Labrador,Other services (except public administration)  ,Men ,25 to 54 years,29.02,
2023,Newfoundland and Labrador,Other services (except public administration)  ,Women ,25 to 54 years,26.86,
2023,Newfoundland and Labrador,"Professional, scientific and technical services  ",Men ,25 to 54 years,46.41,
2023,Newfoundland and Labrador,"Professional, scientific and technical services  ",Women ,25 to 54 years,34.17,
2023,Newfoundland and Labrador,Public administration  ,Men ,25 to 54 years,39.37,
2023,Newfoundland and Labrador,Public administration  ,Women ,25 to 54 years,37.98,
2023,Newfoundland and Labrador,Transportation and warehousing  ,Men ,25 to 54 years,31.89,
2023,Newfoundland and Labrador,Transportation and warehousing  ,Women ,25 to 54 years,26.04,
2023,Newfoundland and Labrador,Utilities  ,Men ,25 to 54 years,49.45,
2023,Newfoundland and Labrador,Utilities  ,Women ,25 to 54 years,41,
2023,Newfoundland and Labrador,Wholesale and retail trade  ,Men ,25 to 54 years,25.21,
2023,Newfoundland and Labrador,Wholesale and retail trade  ,Women ,25 to 54 years,21.96,
2023,Newfoundland and Labrador,Accommodation and food services  ,Men ,55 years and over,20.28,
2023,Newfoundland and Labrador,Accommodation and food services  ,Women ,55 years and over,18.05,
2023,Newfoundland and Labrador,Agriculture  ,Men ,55 years and over,,
2023,Newfoundland and Labrador,Agriculture  ,Women ,55 years and over,,
2023,Newfoundland and Labrador,"Business, building and other support services  ",Men ,55 years and over,27.78,
2023,Newfoundland and Labrador,"Business, building and other support services  ",Women ,55 years and over,20.46,
2023,Newfoundland and Labrador,Construction  ,Men ,55 years and over,32.91,
2023,Newfoundland and Labrador,Construction  ,Women ,55 years and over,25.59,
2023,Newfoundland and Labrador,Educational services  ,Men ,55 years and over,47.12,
2023,Newfoundland and Labrador,Educational services  ,Women ,55 years and over,45.91,
2023,Newfoundland and Labrador,"Finance, insurance, real estate, rental and leasing  ",Men ,55 years and over,,
2023,Newfoundland and Labrador,"Finance, insurance, real estate, rental and leasing  ",Women ,55 years and over,32.8,
2023,Newfoundland and Labrador,"Forestry, fishing, mining, quarrying, oil and gas  ",Men ,55 years and over,48.81,
2023,Newfoundland and Labrador,"Forestry, fishing, mining, quarrying, oil and gas  ",Women ,55 years and over,,
2023,Newfoundland and Labrador,Health care and social assistance  ,Men ,55 years and over,31.63,
2023,Newfoundland and Labrador,Health care and social assistance  ,Women ,55 years and over,26.44,
2023,Newfoundland and Labrador,"Information, culture and recreation  ",Men ,55 years and over,36.01,
2023,Newfoundland and Labrador,"Information, culture and recreation  ",Women ,55 years and over,27.21,
2023,Newfoundland and Labrador,Manufacturing  ,Men ,55 years and over,28.92,
2023,Newfoundland and Labrador,Manufacturing  ,Women ,55 years and over,24.93,
2023,Newfoundland and Labrador,Other services (except public administration)  ,Men ,55 years and over,27.07,
2023,Newfoundland and Labrador,Other services (except public administration)  ,Women ,55 years and over,21.82,
2023,Newfoundland and Labrador,"Professional, scientific and technical services  ",Men ,55 years and over,52.17,
2023,Newfoundland and Labrador,"Professional, scientific and technical services  ",Women ,55 years and over,30.92,
2023,Newfoundland and Labrador,Public administration  ,Men ,55 years and over,40.08,
2023,Newfoundland and Labrador,Public administration  ,Women ,55 years and over,37.54,
2023,Newfoundland and Labrador,Transportation and warehousing  ,Men ,55 years and over,27.39,
2023,Newfoundland and Labrador,Transportation and warehousing  ,Women ,55 years and over,26.18,
2023,Newfoundland and Labrador,Utilities  ,Men ,55 years and over,,
2023,Newfoundland and Labrador,Utilities  ,Women ,55 years and over,,
2023,Newfoundland and Labrador,Wholesale and retail trade  ,Men ,55 years and over,24.93,
2023,Newfoundland and Labrador,Wholesale and retail trade  ,Women ,55 years and over,19.19,
2023,Nova Scotia,Accommodation and food services  ,Men ,15 to 24 years,15.66,
2023,Nova Scotia,Accommodation and food services  ,Women ,15 to 24 years,15.52,
2023,Nova Scotia,Agriculture  ,Men ,15 to 24 years,17.8,
2023,Nova Scotia,Agriculture  ,Women ,15 to 24 years,,
2023,Nova Scotia,"Business, building and other support services  ",Men ,15 to 24 years,18.73,
2023,Nova Scotia,"Business, building and other support services  ",Women ,15 to 24 years,,
2023,Nova Scotia,Construction  ,Men ,15 to 24 years,21.69,
2023,Nova Scotia,Construction  ,Women ,15 to 24 years,,
2023,Nova Scotia,Educational services  ,Men ,15 to 24 years,15.25,
2023,Nova Scotia,Educational services  ,Women ,15 to 24 years,18.18,
2023,Nova Scotia,"Finance, insurance, real estate, rental and leasing  ",Men ,15 to 24 years,23.49,
2023,Nova Scotia,"Finance, insurance, real estate, rental and leasing  ",Women ,15 to 24 years,19.79,
2023,Nova Scotia,"Forestry, fishing, mining, quarrying, oil and gas  ",Men ,15 to 24 years,23.54,
2023,Nova Scotia,"Forestry, fishing, mining, quarrying, oil and gas  ",Women ,15 to 24 years,,
2023,Nova Scotia,Health care and social assistance  ,Men ,15 to 24 years,19.74,
2023,Nova Scotia,Health care and social assistance  ,Women ,15 to 24 years,22.73,
2023,Nova Scotia,"Information, culture and recreation  ",Men ,15 to 24 years,16.08,
2023,Nova Scotia,"Information, culture and recreation  ",Women ,15 to 24 years,17.72,
2023,Nova Scotia,Manufacturing  ,Men ,15 to 24 years,21.21,
2023,Nova Scotia,Manufacturing  ,Women ,15 to 24 years,18.97,
2023,Nova Scotia,Other services (except public administration)  ,Men ,15 to 24 years,20.91,
2023,Nova Scotia,Other services (except public administration)  ,Women ,15 to 24 years,19.04,
2023,Nova Scotia,"Professional, scientific and technical services  ",Men ,15 to 24 years,26.36,
2023,Nova Scotia,"Professional, scientific and technical services  ",Women ,15 to 24 years,20.86,
2023,Nova Scotia,Public administration  ,Men ,15 to 24 years,24.38,
2023,Nova Scotia,Public administration  ,Women ,15 to 24 years,26.19,
2023,Nova Scotia,Transportation and warehousing  ,Men ,15 to 24 years,21.13,
2023,Nova Scotia,Transportation and warehousing  ,Women ,15 to 24 years,,
2023,Nova Scotia,Utilities  ,Men ,15 to 24 years,,
2023,Nova Scotia,Utilities  ,Women ,15 to 24 years,,
2023,Nova Scotia,Wholesale and retail trade  ,Men ,15 to 24 years,15.72,
2023,Nova Scotia,Wholesale and retail trade  ,Women ,15 to 24 years,15.37,
2023,Nova Scotia,Accommodation and food services  ,Men ,25 to 54 years,19.07,
2023,Nova Scotia,Accommodation and food services  ,Women ,25 to 54 years,18.4,
2023,Nova Scotia,Agriculture  ,Men ,25 to 54 years,29.73,
2023,Nova Scotia,Agriculture  ,Women ,25 to 54 years,21.97,
2023,Nova Scotia,"Business, building and other support services  ",Men ,25 to 54 years,22.48,
2023,Nova Scotia,"Business, building and other support services  ",Women ,25 to 54 years,22.02,
2023,Nova Scotia,Construction  ,Men ,25 to 54 years,31.04,
2023,Nova Scotia,Construction  ,Women ,25 to 54 years,25.76,
2023,Nova Scotia,Educational services  ,Men ,25 to 54 years,36.77,
2023,Nova Scotia,Educational services  ,Women ,25 to 54 years,33.78,
2023,Nova Scotia,"Finance, insurance, real estate, rental and leasing  ",Men ,25 to 54 years,39.99,
2023,Nova Scotia,"Finance, insurance, real estate, rental and leasing  ",Women ,25 to 54 years,29.92,
2023,Nova Scotia,"Forestry, fishing, mining, quarrying, oil and gas  ",Men ,25 to 54 years,36.02,
2023,Nova Scotia,"Forestry, fishing, mining, quarrying, oil and gas  ",Women ,25 to 54 years,,
2023,Nova Scotia,Health care and social assistance  ,Men ,25 to 54 years,30.08,
2023,Nova Scotia,Health care and social assistance  ,Women ,25 to 54 years,30.33,
2023,Nova Scotia,"Information, culture and recreation  ",Men ,25 to 54 years,34.38,
2023,Nova Scotia,"Information, culture and recreation  ",Women ,25 to 54 years,29.91,
2023,Nova Scotia,Manufacturing  ,Men ,25 to 54 years,32.88,
2023,Nova Scotia,Manufacturing  ,Women ,25 to 54 years,26.8,
2023,Nova Scotia,Other services (except public administration)  ,Men ,25 to 54 years,27.98,
2023,Nova Scotia,Other services (except public administration)  ,Women ,25 to 54 years,23.46,
2023,Nova Scotia,"Professional, scientific and technical services  ",Men ,25 to 54 years,44.92,
2023,Nova Scotia,"Professional, scientific and technical services  ",Women ,25 to 54 years,34.56,
2023,Nova Scotia,Public administration  ,Men ,25 to 54 years,41.81,
2023,Nova Scotia,Public administration  ,Women ,25 to 54 years,39.04,
2023,Nova Scotia,Transportation and warehousing  ,Men ,25 to 54 years,29.42,
2023,Nova Scotia,Transportation and warehousing  ,Women ,25 to 54 years,27.54,
2023,Nova Scotia,Utilities  ,Men ,25 to 54 years,40.69,
2023,Nova Scotia,Utilities  ,Women ,25 to 54 years,,
2023,Nova Scotia,Wholesale and retail trade  ,Men ,25 to 54 years,25.99,
2023,Nova Scotia,Wholesale and retail trade  ,Women ,25 to 54 years,23.35,
2023,Nova Scotia,Accommodation and food services  ,Men ,55 years and over,20.47,
2023,Nova Scotia,Accommodation and food services  ,Women ,55 years and over,22.92,
2023,Nova Scotia,Agriculture  ,Men ,55 years and over,,
2023,Nova Scotia,Agriculture  ,Women ,55 years and over,,
2023,Nova Scotia,"Business, building and other support services  ",Men ,55 years and over,22.86,
2023,Nova Scotia,"Business, building and other support services  ",Women ,55 years and over,19.75,
2023,Nova Scotia,Construction  ,Men ,55 years and over,30.69,
2023,Nova Scotia,Construction  ,Women ,55 years and over,28.18,
2023,Nova Scotia,Educational services  ,Men ,55 years and over,40.11,
2023,Nova Scotia,Educational services  ,Women ,55 years and over,31.69,
2023,Nova Scotia,"Finance, insurance, real estate, rental and leasing  ",Men ,55 years and over,34.37,
2023,Nova Scotia,"Finance, insurance, real estate, rental and leasing  ",Women ,55 years and over,27.8,
2023,Nova Scotia,"Forestry, fishing, mining, quarrying, oil and gas  ",Men ,55 years and over,30.1,
2023,Nova Scotia,"Forestry, fishing, mining, quarrying, oil and gas  ",Women ,55 years and over,,
2023,Nova Scotia,Health care and social assistance  ,Men ,55 years and over,28.6,
2023,Nova Scotia,Health care and social assistance  ,Women ,55 years and over,27.6,
2023,Nova Scotia,"Information, culture and recreation  ",Men ,55 years and over,28.03,
2023,Nova Scotia,"Information, culture and recreation  ",Women ,55 years and over,38.36,
2023,Nova Scotia,Manufacturing  ,Men ,55 years and over,30.12,
2023,Nova Scotia,Manufacturing  ,Women ,55 years and over,24.76,
2023,Nova Scotia,Other services (except public administration)  ,Men ,55 years and over,26.99,
2023,Nova Scotia,Other services (except public administration)  ,Women ,55 years and over,24.51,
2023,Nova Scotia,"Professional, scientific and technical services  ",Men ,55 years and over,48,
2023,Nova Scotia,"Professional, scientific and technical services  ",Women ,55 years and over,30.82,
2023,Nova Scotia,Public administration  ,Men ,55 years and over,43.67,
2023,Nova Scotia,Public administration  ,Women ,55 years and over,36.87,
2023,Nova Scotia,Transportation and warehousing  ,Men ,55 years and over,28.82,
2023,Nova Scotia,Transportation and warehousing  ,Women ,55 years and over,26.24,
2023,Nova Scotia,Utilities  ,Men ,55 years and over,,
2023,Nova Scotia,Utilities  ,Women ,55 years and over,,
2023,Nova Scotia,Wholesale and retail trade  ,Men ,55 years and over,25.88,
2023,Nova Scotia,Wholesale and retail trade  ,Women ,55 years and over,19.92,
2023,Ontario,Accommodation and food services  ,Men ,15 to 24 years,16.88,
2023,Ontario,Accommodation and food services  ,Women ,15 to 24 years,17.07,
2023,Ontario,Agriculture  ,Men ,15 to 24 years,17.72,
2023,Ontario,Agriculture  ,Women ,15 to 24 years,18.08,
2023,Ontario,"Business, building and other support services  ",Men ,15 to 24 years,20.78,
2023,Ontario,"Business, building and other support services  ",Women ,15 to 24 years,19.33,
2023,Ontario,Construction  ,Men ,15 to 24 years,24.44,
2023,Ontario,Construction  ,Women ,15 to 24 years,24.15,
2023,Ontario,Educational services  ,Men ,15 to 24 years,22.8,
2023,Ontario,Educational services  ,Women ,15 to 24 years,21.67,
2023,Ontario,"Finance, insurance, real estate, rental and leasing  ",Men ,15 to 24 years,24.48,
2023,Ontario,"Finance, insurance, real estate, rental and leasing  ",Women ,15 to 24 years,25.73,
2023,Ontario,"Forestry, fishing, mining, quarrying, oil and gas  ",Men ,15 to 24 years,32.02,
2023,Ontario,"Forestry, fishing, mining, quarrying, oil and gas  ",Women ,15 to 24 years,,
2023,Ontario,Health care and social assistance  ,Men ,15 to 24 years,22.94,
2023,Ontario,Health care and social assistance  ,Women ,15 to 24 years,23.14,
2023,Ontario,"Information, culture and recreation  ",Men ,15 to 24 years,19.36,
2023,Ontario,"Information, culture and recreation  ",Women ,15 to 24 years,17.9,
2023,Ontario,Manufacturing  ,Men ,15 to 24 years,24.04,
2023,Ontario,Manufacturing  ,Women ,15 to 24 years,23.36,
2023,Ontario,Other services (except public administration)  ,Men ,15 to 24 years,21.12,
2023,Ontario,Other services (except public administration)  ,Women ,15 to 24 years,19.32,
2023,Ontario,"Professional, scientific and technical services  ",Men ,15 to 24 years,28.23,
2023,Ontario,"Professional, scientific and technical services  ",Women ,15 to 24 years,24.21,
2023,Ontario,Public administration  ,Men ,15 to 24 years,25.21,
2023,Ontario,Public administration  ,Women ,15 to 24 years,24.98,
2023,Ontario,Transportation and warehousing  ,Men ,15 to 24 years,23.67,
2023,Ontario,Transportation and warehousing  ,Women ,15 to 24 years,21.76,
2023,Ontario,Utilities  ,Men ,15 to 24 years,28.79,
2023,Ontario,Utilities  ,Women ,15 to 24 years,,
2023,Ontario,Wholesale and retail trade  ,Men ,15 to 24 years,17.26,
2023,Ontario,Wholesale and retail trade  ,Women ,15 to 24 years,16.69,
2023,Ontario,Accommodation and food services  ,Men ,25 to 54 years,23.26,
2023,Ontario,Accommodation and food services  ,Women ,25 to 54 years,21.18,
2023,Ontario,Agriculture  ,Men ,25 to 54 years,29.67,
2023,Ontario,Agriculture  ,Women ,25 to 54 years,24.4,
2023,Ontario,"Business, building and other support services  ",Men ,25 to 54 years,29.23,
2023,Ontario,"Business, building and other support services  ",Women ,25 to 54 years,26.61,
2023,Ontario,Construction  ,Men ,25 to 54 years,38.71,
2023,Ontario,Construction  ,Women ,25 to 54 years,33.18,
2023,Ontario,Educational services  ,Men ,25 to 54 years,42.47,
2023,Ontario,Educational services  ,Women ,25 to 54 years,39.9,
2023,Ontario,"Finance, insurance, real estate, rental and leasing  ",Men ,25 to 54 years,50.06,
2023,Ontario,"Finance, insurance, real estate, rental and leasing  ",Women ,25 to 54 years,40.28,
2023,Ontario,"Forestry, fishing, mining, quarrying, oil and gas  ",Men ,25 to 54 years,46.25,
2023,Ontario,"Forestry, fishing, mining, quarrying, oil and gas  ",Women ,25 to 54 years,37.91,
2023,Ontario,Health care and social assistance  ,Men ,25 to 54 years,35.68,
2023,Ontario,Health care and social assistance  ,Women ,25 to 54 years,32.8,
2023,Ontario,"Information, culture and recreation  ",Men ,25 to 54 years,39.29,
2023,Ontario,"Information, culture and recreation  ",Women ,25 to 54 years,35.32,
2023,Ontario,Manufacturing  ,Men ,25 to 54 years,35.22,
2023,Ontario,Manufacturing  ,Women ,25 to 54 years,32.26,
2023,Ontario,Other services (except public administration)  ,Men ,25 to 54 years,32.23,
2023,Ontario,Other services (except public administration)  ,Women ,25 to 54 years,30.63,
2023,Ontario,"Professional, scientific and technical services  ",Men ,25 to 54 years,52.52,
2023,Ontario,"Professional, scientific and technical services  ",Women ,25 to 54 years,41.79,
2023,Ontario,Public administration  ,Men ,25 to 54 years,47.04,
2023,Ontario,Public administration  ,Women ,25 to 54 years,43.89,
2023,Ontario,Transportation and warehousing  ,Men ,25 to 54 years,33.98,
2023,Ontario,Transportation and warehousing  ,Women ,25 to 54 years,29.55,
2023,Ontario,Utilities  ,Men ,25 to 54 years,52.77,
2023,Ontario,Utilities  ,Women ,25 to 54 years,46.69,
2023,Ontario,Wholesale and retail trade  ,Men ,25 to 54 years,33.99,
2023,Ontario,Wholesale and retail trade  ,Women ,25 to 54 years,27.4,
2023,Ontario,Accommodation and food services  ,Men ,55 years and over,22.3,
2023,Ontario,Accommodation and food services  ,Women ,55 years and over,19.17,
2023,Ontario,Agriculture  ,Men ,55 years and over,30.11,
2023,Ontario,Agriculture  ,Women ,55 years and over,27.56,
2023,Ontario,"Business, building and other support services  ",Men ,55 years and over,28.5,
2023,Ontario,"Business, building and other support services  ",Women ,55 years and over,24.11,
2023,Ontario,Construction  ,Men ,55 years and over,39.26,
2023,Ontario,Construction  ,Women ,55 years and over,31.74,
2023,Ontario,Educational services  ,Men ,55 years and over,55.54,
2023,Ontario,Educational services  ,Women ,55 years and over,40.79,
2023,Ontario,"Finance, insurance, real estate, rental and leasing  ",Men ,55 years and over,48.48,
2023,Ontario,"Finance, insurance, real estate, rental and leasing  ",Women ,55 years and over,38.38,
2023,Ontario,"Forestry, fishing, mining, quarrying, oil and gas  ",Men ,55 years and over,50.16,
2023,Ontario,"Forestry, fishing, mining, quarrying, oil and gas  ",Women ,55 years and over,,
2023,Ontario,Health care and social assistance  ,Men ,55 years and over,36.13,
2023,Ontario,Health care and social assistance  ,Women ,55 years and over,33.68,
2023,Ontario,"Information, culture and recreation  ",Men ,55 years and over,34.76,
2023,Ontario,"Information, culture and recreation  ",Women ,55 years and over,31.31,
2023,Ontario,Manufacturing  ,Men ,55 years and over,35.56,
2023,Ontario,Manufacturing  ,Women ,55 years and over,29.16,
2023,Ontario,Other services (except public administration)  ,Men ,55 years and over,32.34,
2023,Ontario,Other services (except public administration)  ,Women ,55 years and over,25.6,
2023,Ontario,"Professional, scientific and technical services  ",Men ,55 years and over,59.5,
2023,Ontario,"Professional, scientific and technical services  ",Women ,55 years and over,42.4,
2023,Ontario,Public administration  ,Men ,55 years and over,52.33,
2023,Ontario,Public administration  ,Women ,55 years and over,44.81,
2023,Ontario,Transportation and warehousing  ,Men ,55 years and over,32.15,
2023,Ontario,Transportation and warehousing  ,Women ,55 years and over,29.1,
2023,Ontario,Utilities  ,Men ,55 years and over,56.57,
2023,Ontario,Utilities  ,Women ,55 years and over,47.27,
2023,Ontario,Wholesale and retail trade  ,Men ,55 years and over,31.52,
2023,Ontario,Wholesale and retail trade  ,Women ,55 years and over,24.3,
2023,Prince Edward Island,Accommodation and food services  ,Men ,15 to 24 years,16.02,
2023,Prince Edward Island,Accommodation and food services  ,Women ,15 to 24 years,16.34,
2023,Prince Edward Island,Agriculture  ,Men ,15 to 24 years,17.44,
2023,Prince Edward Island,Agriculture  ,Women ,15 to 24 years,17.11,
2023,Prince Edward Island,"Business, building and other support services  ",Men ,15 to 24 years,17.16,
2023,Prince Edward Island,"Business, building and other support services  ",Women ,15 to 24 years,15.18,
2023,Prince Edward Island,Construction  ,Men ,15 to 24 years,21.55,
2023,Prince Edward Island,Construction  ,Women ,15 to 24 years,,
2023,Prince Edward Island,Educational services  ,Men ,15 to 24 years,,
2023,Prince Edward Island,Educational services  ,Women ,15 to 24 years,19.77,
2023,Prince Edward Island,"Finance, insurance, real estate, rental and leasing  ",Men ,15 to 24 years,,
2023,Prince Edward Island,"Finance, insurance, real estate, rental and leasing  ",Women ,15 to 24 years,,
2023,Prince Edward Island,"Forestry, fishing, mining, quarrying, oil and gas  ",Men ,15 to 24 years,,
2023,Prince Edward Island,"Forestry, fishing, mining, quarrying, oil and gas  ",Women ,15 to 24 years,,
2023,Prince Edward Island,Health care and social assistance  ,Men ,15 to 24 years,20.89,
2023,Prince Edward Island,Health care and social assistance  ,Women ,15 to 24 years,22.11,
2023,Prince Edward Island,"Information, culture and recreation  ",Men ,15 to 24 years,18.95,
2023,Prince Edward Island,"Information, culture and recreation  ",Women ,15 to 24 years,17.95,
2023,Prince Edward Island,Manufacturing  ,Men ,15 to 24 years,20.13,
2023,Prince Edward Island,Manufacturing  ,Women ,15 to 24 years,18.22,
2023,Prince Edward Island,Other services (except public administration)  ,Men ,15 to 24 years,20.08,
2023,Prince Edward Island,Other services (except public administration)  ,Women ,15 to 24 years,18.33,
2023,Prince Edward Island,"Professional, scientific and technical services  ",Men ,15 to 24 years,23.53,
2023,Prince Edward Island,"Professional, scientific and technical services  ",Women ,15 to 24 years,18.9,
2023,Prince Edward Island,Public administration  ,Men ,15 to 24 years,22.11,
2023,Prince Edward Island,Public administration  ,Women ,15 to 24 years,41.68,
2023,Prince Edward Island,Transportation and warehousing  ,Men ,15 to 24 years,21.28,
2023,Prince Edward Island,Transportation and warehousing  ,Women ,15 to 24 years,,
2023,Prince Edward Island,Utilities  ,Men ,15 to 24 years,,
2023,Prince Edward Island,Utilities  ,Women ,15 to 24 years,,
2023,Prince Edward Island,Wholesale and retail trade  ,Men ,15 to 24 years,16.02,
2023,Prince Edward Island,Wholesale and retail trade  ,Women ,15 to 24 years,15.76,
2023,Prince Edward Island,Accommodation and food services  ,Men ,25 to 54 years,19.83,
2023,Prince Edward Island,Accommodation and food services  ,Women ,25 to 54 years,20.16,
2023,Prince Edward Island,Agriculture  ,Men ,25 to 54 years,23,
2023,Prince Edward Island,Agriculture  ,Women ,25 to 54 years,20.54,
2023,Prince Edward Island,"Business, building and other support services  ",Men ,25 to 54 years,22.35,
2023,Prince Edward Island,"Business, building and other support services  ",Women ,25 to 54 years,19.61,
2023,Prince Edward Island,Construction  ,Men ,25 to 54 years,28.04,
2023,Prince Edward Island,Construction  ,Women ,25 to 54 years,23.6,
2023,Prince Edward Island,Educational services  ,Men ,25 to 54 years,34.12,
2023,Prince Edward Island,Educational services  ,Women ,25 to 54 years,35.13,
2023,Prince Edward Island,"Finance, insurance, real estate, rental and leasing  ",Men ,25 to 54 years,35.39,
2023,Prince Edward Island,"Finance, insurance, real estate, rental and leasing  ",Women ,25 to 54 years,32.54,
2023,Prince Edward Island,"Forestry, fishing, mining, quarrying, oil and gas  ",Men ,25 to 54 years,31.79,
2023,Prince Edward Island,"Forestry, fishing, mining, quarrying, oil and gas  ",Women ,25 to 54 years,,
2023,Prince Edward Island,Health care and social assistance  ,Men ,25 to 54 years,29.25,
2023,Prince Edward Island,Health care and social assistance  ,Women ,25 to 54 years,31.9,
2023,Prince Edward Island,"Information, culture and recreation  ",Men ,25 to 54 years,25.3,
2023,Prince Edward Island,"Information, culture and recreation  ",Women ,25 to 54 years,25.45,
2023,Prince Edward Island,Manufacturing  ,Men ,25 to 54 years,28.51,
2023,Prince Edward Island,Manufacturing  ,Women ,25 to 54 years,28.58,
2023,Prince Edward Island,Other services (except public administration)  ,Men ,25 to 54 years,26.52,
2023,Prince Edward Island,Other services (except public administration)  ,Women ,25 to 54 years,25.86,
2023,Prince Edward Island,"Professional, scientific and technical services  ",Men ,25 to 54 years,37.77,
2023,Prince Edward Island,"Professional, scientific and technical services  ",Women ,25 to 54 years,28.61,
2023,Prince Edward Island,Public administration  ,Men ,25 to 54 years,40.67,
2023,Prince Edward Island,Public administration  ,Women ,25 to 54 years,37.16,
2023,Prince Edward Island,Transportation and warehousing  ,Men ,25 to 54 years,27.27,
2023,Prince Edward Island,Transportation and warehousing  ,Women ,25 to 54 years,27.64,
2023,Prince Edward Island,Utilities  ,Men ,25 to 54 years,47.18,
2023,Prince Edward Island,Utilities  ,Women ,25 to 54 years,,
2023,Prince Edward Island,Wholesale and retail trade  ,Men ,25 to 54 years,28.03,
2023,Prince Edward Island,Wholesale and retail trade  ,Women ,25 to 54 years,19.69,
2023,Prince Edward Island,Accommodation and food services  ,Men ,55 years and over,21.23,
2023,Prince Edward Island,Accommodation and food services  ,Women ,55 years and over,19.06,
2023,Prince Edward Island,Agriculture  ,Men ,55 years and over,23.55,
2023,Prince Edward Island,Agriculture  ,Women ,55 years and over,17.51,
2023,Prince Edward Island,"Business, building and other support services  ",Men ,55 years and over,21.48,
2023,Prince Edward Island,"Business, building and other support services  ",Women ,55 years and over,,
2023,Prince Edward Island,Construction  ,Men ,55 years and over,25.4,
2023,Prince Edward Island,Construction  ,Women ,55 years and over,,
2023,Prince Edward Island,Educational services  ,Men ,55 years and over,36.49,
2023,Prince Edward Island,Educational services  ,Women ,55 years and over,35.83,
2023,Prince Edward Island,"Finance, insurance, real estate, rental and leasing  ",Men ,55 years and over,31.58,
2023,Prince Edward Island,"Finance, insurance, real estate, rental and leasing  ",Women ,55 years and over,25.69,
2023,Prince Edward Island,"Forestry, fishing, mining, quarrying, oil and gas  ",Men ,55 years and over,,
2023,Prince Edward Island,"Forestry, fishing, mining, quarrying, oil and gas  ",Women ,55 years and over,,
2023,Prince Edward Island,Health care and social assistance  ,Men ,55 years and over,31.26,
2023,Prince Edward Island,Health care and social assistance  ,Women ,55 years and over,27.45,
2023,Prince Edward Island,"Information, culture and recreation  ",Men ,55 years and over,26.23,
2023,Prince Edward Island,"Information, culture and recreation  ",Women ,55 years and over,25.83,
2023,Prince Edward Island,Manufacturing  ,Men ,55 years and over,27.67,
2023,Prince Edward Island,Manufacturing  ,Women ,55 years and over,20.21,
2023,Prince Edward Island,Other services (except public administration)  ,Men ,55 years and over,26.28,
2023,Prince Edward Island,Other services (except public administration)  ,Women ,55 years and over,26.72,
2023,Prince Edward Island,"Professional, scientific and technical services  ",Men ,55 years and over,41.46,
2023,Prince Edward Island,"Professional, scientific and technical services  ",Women ,55 years and over,33.42,
2023,Prince Edward Island,Public administration  ,Men ,55 years and over,37.78,
2023,Prince Edward Island,Public administration  ,Women ,55 years and over,36.09,
2023,Prince Edward Island,Transportation and warehousing  ,Men ,55 years and over,24.07,
2023,Prince Edward Island,Transportation and warehousing  ,Women ,55 years and over,22.27,
2023,Prince Edward Island,Utilities  ,Men ,55 years and over,,
2023,Prince Edward Island,Utilities  ,Women ,55 years and over,,
2023,Prince Edward Island,Wholesale and retail trade  ,Men ,55 years and over,26.42,
2023,Prince Edward Island,Wholesale and retail trade  ,Women ,55 years and over,19.08,
2023,Quebec,Accommodation and food services  ,Men ,15 to 24 years,17.4,
2023,Quebec,Accommodation and food services  ,Women ,15 to 24 years,18.1,
2023,Quebec,Agriculture  ,Men ,15 to 24 years,17.14,
2023,Quebec,Agriculture  ,Women ,15 to 24 years,,
2023,Quebec,"Business, building and other support services  ",Men ,15 to 24 years,19.54,
2023,Quebec,"Business, building and other support services  ",Women ,15 to 24 years,21.19,
2023,Quebec,Construction  ,Men ,15 to 24 years,27.7,
2023,Quebec,Construction  ,Women ,15 to 24 years,22.58,
2023,Quebec,Educational services  ,Men ,15 to 24 years,23.49,
2023,Quebec,Educational services  ,Women ,15 to 24 years,24.91,
2023,Quebec,"Finance, insurance, real estate, rental and leasing  ",Men ,15 to 24 years,27.21,
2023,Quebec,"Finance, insurance, real estate, rental and leasing  ",Women ,15 to 24 years,23.99,
2023,Quebec,"Forestry, fishing, mining, quarrying, oil and gas  ",Men ,15 to 24 years,30.23,
2023,Quebec,"Forestry, fishing, mining, quarrying, oil and gas  ",Women ,15 to 24 years,,
2023,Quebec,Health care and social assistance  ,Men ,15 to 24 years,22.91,
2023,Quebec,Health care and social assistance  ,Women ,15 to 24 years,22.37,
2023,Quebec,"Information, culture and recreation  ",Men ,15 to 24 years,19.06,
2023,Quebec,"Information, culture and recreation  ",Women ,15 to 24 years,18.55,
2023,Quebec,Manufacturing  ,Men ,15 to 24 years,22.38,
2023,Quebec,Manufacturing  ,Women ,15 to 24 years,22.17,
2023,Quebec,Other services (except public administration)  ,Men ,15 to 24 years,21,
2023,Quebec,Other services (except public administration)  ,Women ,15 to 24 years,19.65,
2023,Quebec,"Professional, scientific and technical services  ",Men ,15 to 24 years,25.37,
2023,Quebec,"Professional, scientific and technical services  ",Women ,15 to 24 years,23.99,
2023,Quebec,Public administration  ,Men ,15 to 24 years,23.14,
2023,Quebec,Public administration  ,Women ,15 to 24 years,26.55,
2023,Quebec,Transportation and warehousing  ,Men ,15 to 24 years,21.52,
2023,Quebec,Transportation and warehousing  ,Women ,15 to 24 years,20.26,
2023,Quebec,Utilities  ,Men ,15 to 24 years,,
2023,Quebec,Utilities  ,Women ,15 to 24 years,,
2023,Quebec,Wholesale and retail trade  ,Men ,15 to 24 years,17.33,
2023,Quebec,Wholesale and retail trade  ,Women ,15 to 24 years,16.62,
2023,Quebec,Accommodation and food services  ,Men ,25 to 54 years,24.64,
2023,Quebec,Accommodation and food services  ,Women ,25 to 54 years,21.72,
2023,Quebec,Agriculture  ,Men ,25 to 54 years,22.67,
2023,Quebec,Agriculture  ,Women ,25 to 54 years,21.91,
2023,Quebec,"Business, building and other support services  ",Men ,25 to 54 years,27.54,
2023,Quebec,"Business, building and other support services  ",Women ,25 to 54 years,25.72,
2023,Quebec,Construction  ,Men ,25 to 54 years,37.84,
2023,Quebec,Construction  ,Women ,25 to 54 years,33.34,
2023,Quebec,Educational services  ,Men ,25 to 54 years,40.36,
2023,Quebec,Educational services  ,Women ,25 to 54 years,39.34,
2023,Quebec,"Finance, insurance, real estate, rental and leasing  ",Men ,25 to 54 years,44.98,
2023,Quebec,"Finance, insurance, real estate, rental and leasing  ",Women ,25 to 54 years,37.91,
2023,Quebec,"Forestry, fishing, mining, quarrying, oil and gas  ",Men ,25 to 54 years,42.91,
2023,Quebec,"Forestry, fishing, mining, quarrying, oil and gas  ",Women ,25 to 54 years,47.99,
2023,Quebec,Health care and social assistance  ,Men ,25 to 54 years,31.53,
2023,Quebec,Health care and social assistance  ,Women ,25 to 54 years,31.8,
2023,Quebec,"Information, culture and recreation  ",Men ,25 to 54 years,36.53,
2023,Quebec,"Information, culture and recreation  ",Women ,25 to 54 years,33.47,
2023,Quebec,Manufacturing  ,Men ,25 to 54 years,34.96,
2023,Quebec,Manufacturing  ,Women ,25 to 54 years,30.83,
2023,Quebec,Other services (except public administration)  ,Men ,25 to 54 years,30.51,
2023,Quebec,Other services (except public administration)  ,Women ,25 to 54 years,28.92,
2023,Quebec,"Professional, scientific and technical services  ",Men ,25 to 54 years,46.14,
2023,Quebec,"Professional, scientific and technical services  ",Women ,25 to 54 years,35.3,
2023,Quebec,Public administration  ,Men ,25 to 54 years,43.18,
2023,Quebec,Public administration  ,Women ,25 to 54 years,41.47,
2023,Quebec,Transportation and warehousing  ,Men ,25 to 54 years,31.47,
2023,Quebec,Transportation and warehousing  ,Women ,25 to 54 years,32.39,
2023,Quebec,Utilities  ,Men ,25 to 54 years,51.38,
2023,Quebec,Utilities  ,Women ,25 to 54 years,52.34,
2023,Quebec,Wholesale and retail trade  ,Men ,25 to 54 years,31.21,
2023,Quebec,Wholesale and retail trade  ,Women ,25 to 54 years,27.36,
2023,Quebec,Accommodation and food services  ,Men ,55 years and over,23.66,
2023,Quebec,Accommodation and food services  ,Women ,55 years and over,20.38,
2023,Quebec,Agriculture  ,Men ,55 years and over,21.94,
2023,Quebec,Agriculture  ,Women ,55 years and over,21.58,
2023,Quebec,"Business, building and other support services  ",Men ,55 years and over,26.51,
2023,Quebec,"Business, building and other support services  ",Women ,55 years and over,22.98,
2023,Quebec,Construction  ,Men ,55 years and over,35.71,
2023,Quebec,Construction  ,Women ,55 years and over,28.74,
2023,Quebec,Educational services  ,Men ,55 years and over,44.85,
2023,Quebec,Educational services  ,Women ,55 years and over,39.26,
2023,Quebec,"Finance, insurance, real estate, rental and leasing  ",Men ,55 years and over,38.23,
2023,Quebec,"Finance, insurance, real estate, rental and leasing  ",Women ,55 years and over,38.08,
2023,Quebec,"Forestry, fishing, mining, quarrying, oil and gas  ",Men ,55 years and over,41,
2023,Quebec,"Forestry, fishing, mining, quarrying, oil and gas  ",Women ,55 years and over,,
2023,Quebec,Health care and social assistance  ,Men ,55 years and over,30.28,
2023,Quebec,Health care and social assistance  ,Women ,55 years and over,28.29,
2023,Quebec,"Information, culture and recreation  ",Men ,55 years and over,35.78,
2023,Quebec,"Information, culture and recreation  ",Women ,55 years and over,29.33,
2023,Quebec,Manufacturing  ,Men ,55 years and over,36.07,
2023,Quebec,Manufacturing  ,Women ,55 years and over,28.1,
2023,Quebec,Other services (except public administration)  ,Men ,55 years and over,33.32,
2023,Quebec,Other services (except public administration)  ,Women ,55 years and over,25.19,
2023,Quebec,"Professional, scientific and technical services  ",Men ,55 years and over,48.05,
2023,Quebec,"Professional, scientific and technical services  ",Women ,55 years and over,38.9,
2023,Quebec,Public administration  ,Men ,55 years and over,44.43,
2023,Quebec,Public administration  ,Women ,55 years and over,38.28,
2023,Quebec,Transportation and warehousing  ,Men ,55 years and over,28.53,
2023,Quebec,Transportation and warehousing  ,Women ,55 years and over,27.84,
2023,Quebec,Utilities  ,Men ,55 years and over,56.42,
2023,Quebec,Utilities  ,Women ,55 years and over,,
2023,Quebec,Wholesale and retail trade  ,Men ,55 years and over,28.14,
2023,Quebec,Wholesale and retail trade  ,Women ,55 years and over,23.7,
2023,Saskatchewan,Accommodation and food services  ,Men ,15 to 24 years,14.84,
2023,Saskatchewan,Accommodation and food services  ,Women ,15 to 24 years,15.2,
2023,Saskatchewan,Agriculture  ,Men ,15 to 24 years,22.57,
2023,Saskatchewan,Agriculture  ,Women ,15 to 24 years,,
2023,Saskatchewan,"Business, building and other support services  ",Men ,15 to 24 years,18.65,
2023,Saskatchewan,"Business, building and other support services  ",Women ,15 to 24 years,18.88,
2023,Saskatchewan,Construction  ,Men ,15 to 24 years,21.81,
2023,Saskatchewan,Construction  ,Women ,15 to 24 years,,
2023,Saskatchewan,Educational services  ,Men ,15 to 24 years,19.84,
2023,Saskatchewan,Educational services  ,Women ,15 to 24 years,23.21,
2023,Saskatchewan,"Finance, insurance, real estate, rental and leasing  ",Men ,15 to 24 years,22.73,
2023,Saskatchewan,"Finance, insurance, real estate, rental and leasing  ",Women ,15 to 24 years,21.63,
2023,Saskatchewan,"Forestry, fishing, mining, quarrying, oil and gas  ",Men ,15 to 24 years,28.78,
2023,Saskatchewan,"Forestry, fishing, mining, quarrying, oil and gas  ",Women ,15 to 24 years,,
2023,Saskatchewan,Health care and social assistance  ,Men ,15 to 24 years,19.16,
2023,Saskatchewan,Health care and social assistance  ,Women ,15 to 24 years,23.1,
2023,Saskatchewan,"Information, culture and recreation  ",Men ,15 to 24 years,16.8,
2023,Saskatchewan,"Information, culture and recreation  ",Women ,15 to 24 years,16.87,
2023,Saskatchewan,Manufacturing  ,Men ,15 to 24 years,23.5,
2023,Saskatchewan,Manufacturing  ,Women ,15 to 24 years,23.41,
2023,Saskatchewan,Other services (except public administration)  ,Men ,15 to 24 years,21.17,
2023,Saskatchewan,Other services (except public administration)  ,Women ,15 to 24 years,19.41,
2023,Saskatchewan,"Professional, scientific and technical services  ",Men ,15 to 24 years,24.92,
2023,Saskatchewan,"Professional, scientific and technical services  ",Women ,15 to 24 years,24.57,
2023,Saskatchewan,Public administration  ,Men ,15 to 24 years,22.58,
2023,Saskatchewan,Public administration  ,Women ,15 to 24 years,22.94,
2023,Saskatchewan,Transportation and warehousing  ,Men ,15 to 24 years,21.89,
2023,Saskatchewan,Transportation and warehousing  ,Women ,15 to 24 years,,
2023,Saskatchewan,Utilities  ,Men ,15 to 24 years,,
2023,Saskatchewan,Utilities  ,Women ,15 to 24 years,,
2023,Saskatchewan,Wholesale and retail trade  ,Men ,15 to 24 years,16.12,
2023,Saskatchewan,Wholesale and retail trade  ,Women ,15 to 24 years,14.68,
2023,Saskatchewan,Accommodation and food services  ,Men ,25 to 54 years,17.99,
2023,Saskatchewan,Accommodation and food services  ,Women ,25 to 54 years,16.67,
2023,Saskatchewan,Agriculture  ,Men ,25 to 54 years,28.65,
2023,Saskatchewan,Agriculture  ,Women ,25 to 54 years,27.25,
2023,Saskatchewan,"Business, building and other support services  ",Men ,25 to 54 years,28.74,
2023,Saskatchewan,"Business, building and other support services  ",Women ,25 to 54 years,21.26,
2023,Saskatchewan,Construction  ,Men ,25 to 54 years,36.37,
2023,Saskatchewan,Construction  ,Women ,25 to 54 years,27.46,
2023,Saskatchewan,Educational services  ,Men ,25 to 54 years,39.85,
2023,Saskatchewan,Educational services  ,Women ,25 to 54 years,36.49,
2023,Saskatchewan,"Finance, insurance, real estate, rental and leasing  ",Men ,25 to 54 years,43.09,
2023,Saskatchewan,"Finance, insurance, real estate, rental and leasing  ",Women ,25 to 54 years,34.15,
2023,Saskatchewan,"Forestry, fishing, mining, quarrying, oil and gas  ",Men ,25 to 54 years,49.54,
2023,Saskatchewan,"Forestry, fishing, mining, quarrying, oil and gas  ",Women ,25 to 54 years,45.18,
2023,Saskatchewan,Health care and social assistance  ,Men ,25 to 54 years,34.2,
2023,Saskatchewan,Health care and social assistance  ,Women ,25 to 54 years,32.71,
2023,Saskatchewan,"Information, culture and recreation  ",Men ,25 to 54 years,34.2,
2023,Saskatchewan,"Information, culture and recreation  ",Women ,25 to 54 years,30.03,
2023,Saskatchewan,Manufacturing  ,Men ,25 to 54 years,35.17,
2023,Saskatchewan,Manufacturing  ,Women ,25 to 54 years,26.96,
2023,Saskatchewan,Other services (except public administration)  ,Men ,25 to 54 years,30.75,
2023,Saskatchewan,Other services (except public administration)  ,Women ,25 to 54 years,25.59,
2023,Saskatchewan,"Professional, scientific and technical services  ",Men ,25 to 54 years,46.56,
2023,Saskatchewan,"Professional, scientific and technical services  ",Women ,25 to 54 years,36.21,
2023,Saskatchewan,Public administration  ,Men ,25 to 54 years,42.46,
2023,Saskatchewan,Public administration  ,Women ,25 to 54 years,39.06,
2023,Saskatchewan,Transportation and warehousing  ,Men ,25 to 54 years,33.34,
2023,Saskatchewan,Transportation and warehousing  ,Women ,25 to 54 years,26.31,
2023,Saskatchewan,Utilities  ,Men ,25 to 54 years,45.85,
2023,Saskatchewan,Utilities  ,Women ,25 to 54 years,42.61,
2023,Saskatchewan,Wholesale and retail trade  ,Men ,25 to 54 years,29.74,
2023,Saskatchewan,Wholesale and retail trade  ,Women ,25 to 54 years,25.18,
2023,Saskatchewan,Accommodation and food services  ,Men ,55 years and over,20.42,
2023,Saskatchewan,Accommodation and food services  ,Women ,55 years and over,16.35,
2023,Saskatchewan,Agriculture  ,Men ,55 years and over,34.68,
2023,Saskatchewan,Agriculture  ,Women ,55 years and over,20.73,
2023,Saskatchewan,"Business, building and other support services  ",Men ,55 years and over,23.07,
2023,Saskatchewan,"Business, building and other support services  ",Women ,55 years and over,23.49,
2023,Saskatchewan,Construction  ,Men ,55 years and over,33.16,
2023,Saskatchewan,Construction  ,Women ,55 years and over,25.54,
2023,Saskatchewan,Educational services  ,Men ,55 years and over,46.87,
2023,Saskatchewan,Educational services  ,Women ,55 years and over,36.01,
2023,Saskatchewan,"Finance, insurance, real estate, rental and leasing  ",Men ,55 years and over,46.53,
2023,Saskatchewan,"Finance, insurance, real estate, rental and leasing  ",Women ,55 years and over,33.4,
2023,Saskatchewan,"Forestry, fishing, mining, quarrying, oil and gas  ",Men ,55 years and over,50.78,
2023,Saskatchewan,"Forestry, fishing, mining, quarrying, oil and gas  ",Women ,55 years and over,,
2023,Saskatchewan,Health care and social assistance  ,Men ,55 years and over,31.74,
2023,Saskatchewan,Health care and social assistance  ,Women ,55 years and over,32.06,
2023,Saskatchewan,"Information, culture and recreation  ",Men ,55 years and over,36.01,
2023,Saskatchewan,"Information, culture and recreation  ",Women ,55 years and over,29.33,
2023,Saskatchewan,Manufacturing  ,Men ,55 years and over,36.69,
2023,Saskatchewan,Manufacturing  ,Women ,55 years and over,24.16,
2023,Saskatchewan,Other services (except public administration)  ,Men ,55 years and over,32.47,
2023,Saskatchewan,Other services (except public administration)  ,Women ,55 years and over,25.55,
2023,Saskatchewan,"Professional, scientific and technical services  ",Men ,55 years and over,42.22,
2023,Saskatchewan,"Professional, scientific and technical services  ",Women ,55 years and over,37.11,
2023,Saskatchewan,Public administration  ,Men ,55 years and over,46.5,
2023,Saskatchewan,Public administration  ,Women ,55 years and over,38.32,
2023,Saskatchewan,Transportation and warehousing  ,Men ,55 years and over,30.68,
2023,Saskatchewan,Transportation and warehousing  ,Women ,55 years and over,26.16,
2023,Saskatchewan,Utilities  ,Men ,55 years and over,50.26,
2023,Saskatchewan,Utilities  ,Women ,55 years and over,,
2023,Saskatchewan,Wholesale and retail trade  ,Men ,55 years and over,31.47,
2023,Saskatchewan,Wholesale and retail trade  ,Women ,55 years and over,22.2,
2024,Alberta,Accommodation and food services  ,Men ,15 to 24 years,16.22,
2024,Alberta,Accommodation and food services  ,Women ,15 to 24 years,17.57,
2024,Alberta,Agriculture  ,Men ,15 to 24 years,21.51,
2024,Alberta,Agriculture  ,Women ,15 to 24 years,,
2024,Alberta,"Business, building and other support services  ",Men ,15 to 24 years,20.2,
2024,Alberta,"Business, building and other support services  ",Women ,15 to 24 years,,
2024,Alberta,Construction  ,Men ,15 to 24 years,24.23,
2024,Alberta,Construction  ,Women ,15 to 24 years,24.65,
2024,Alberta,Educational services  ,Men ,15 to 24 years,25.24,
2024,Alberta,Educational services  ,Women ,15 to 24 years,23.03,
2024,Alberta,"Finance, insurance, real estate, rental and leasing  ",Men ,15 to 24 years,23.1,
2024,Alberta,"Finance, insurance, real estate, rental and leasing  ",Women ,15 to 24 years,23.16,
2024,Alberta,"Forestry, fishing, mining, quarrying, oil and gas  ",Men ,15 to 24 years,28.78,
2024,Alberta,"Forestry, fishing, mining, quarrying, oil and gas  ",Women ,15 to 24 years,,
2024,Alberta,Health care and social assistance  ,Men ,15 to 24 years,25.06,
2024,Alberta,Health care and social assistance  ,Women ,15 to 24 years,24.57,
2024,Alberta,"Information, culture and recreation  ",Men ,15 to 24 years,17.67,
2024,Alberta,"Information, culture and recreation  ",Women ,15 to 24 years,18.96,
2024,Alberta,Manufacturing  ,Men ,15 to 24 years,23.49,
2024,Alberta,Manufacturing  ,Women ,15 to 24 years,22.57,
2024,Alberta,Other services (except public administration)  ,Men ,15 to 24 years,24.2,
2024,Alberta,Other services (except public administration)  ,Women ,15 to 24 years,17.83,
2024,Alberta,"Professional, scientific and technical services  ",Men ,15 to 24 years,27.09,
2024,Alberta,"Professional, scientific and technical services  ",Women ,15 to 24 years,24.68,
2024,Alberta,Public administration  ,Men ,15 to 24 years,23.72,
2024,Alberta,Public administration  ,Women ,15 to 24 years,24.85,
2024,Alberta,Transportation and warehousing  ,Men ,15 to 24 years,25.51,
2024,Alberta,Transportation and warehousing  ,Women ,15 to 24 years,,
2024,Alberta,Utilities  ,Men ,15 to 24 years,,
2024,Alberta,Utilities  ,Women ,15 to 24 years,,
2024,Alberta,Wholesale and retail trade  ,Men ,15 to 24 years,19.19,
2024,Alberta,Wholesale and retail trade  ,Women ,15 to 24 years,16.79,
2024,Alberta,Accommodation and food services  ,Men ,25 to 54 years,25.55,
2024,Alberta,Accommodation and food services  ,Women ,25 to 54 years,19.65,
2024,Alberta,Agriculture  ,Men ,25 to 54 years,27.28,
2024,Alberta,Agriculture  ,Women ,25 to 54 years,20.82,
2024,Alberta,"Business, building and other support services  ",Men ,25 to 54 years,32.42,
2024,Alberta,"Business, building and other support services  ",Women ,25 to 54 years,25.02,
2024,Alberta,Construction  ,Men ,25 to 54 years,40.49,
2024,Alberta,Construction  ,Women ,25 to 54 years,36.24,
2024,Alberta,Educational services  ,Men ,25 to 54 years,42.9,
2024,Alberta,Educational services  ,Women ,25 to 54 years,38.11,
2024,Alberta,"Finance, insurance, real estate, rental and leasing  ",Men ,25 to 54 years,52.26,
2024,Alberta,"Finance, insurance, real estate, rental and leasing  ",Women ,25 to 54 years,39.77,
2024,Alberta,"Forestry, fishing, mining, quarrying, oil and gas  ",Men ,25 to 54 years,57.43,
2024,Alberta,"Forestry, fishing, mining, quarrying, oil and gas  ",Women ,25 to 54 years,52.32,
2024,Alberta,Health care and social assistance  ,Men ,25 to 54 years,39.43,
2024,Alberta,Health care and social assistance  ,Women ,25 to 54 years,34.73,
2024,Alberta,"Information, culture and recreation  ",Men ,25 to 54 years,36.96,
2024,Alberta,"Information, culture and recreation  ",Women ,25 to 54 years,30.35,
2024,Alberta,Manufacturing  ,Men ,25 to 54 years,38.28,
2024,Alberta,Manufacturing  ,Women ,25 to 54 years,32.69,
2024,Alberta,Other services (except public administration)  ,Men ,25 to 54 years,37.35,
2024,Alberta,Other services (except public administration)  ,Women ,25 to 54 years,27.11,
2024,Alberta,"Professional, scientific and technical services  ",Men ,25 to 54 years,52.06,
2024,Alberta,"Professional, scientific and technical services  ",Women ,25 to 54 years,43.9,
2024,Alberta,Public administration  ,Men ,25 to 54 years,49.37,
2024,Alberta,Public administration  ,Women ,25 to 54 years,44.27,
2024,Alberta,Transportation and warehousing  ,Men ,25 to 54 years,38.19,
2024,Alberta,Transportation and warehousing  ,Women ,25 to 54 years,34.64,
2024,Alberta,Utilities  ,Men ,25 to 54 years,51.47,
2024,Alberta,Utilities  ,Women ,25 to 54 years,52.89,
2024,Alberta,Wholesale and retail trade  ,Men ,25 to 54 years,34.12,
2024,Alberta,Wholesale and retail trade  ,Women ,25 to 54 years,25.41,
2024,Alberta,Accommodation and food services  ,Men ,55 years and over,20.33,
2024,Alberta,Accommodation and food services  ,Women ,55 years and over,22.53,
2024,Alberta,Agriculture  ,Men ,55 years and over,32.62,
2024,Alberta,Agriculture  ,Women ,55 years and over,,
2024,Alberta,"Business, building and other support services  ",Men ,55 years and over,32.95,
2024,Alberta,"Business, building and other support services  ",Women ,55 years and over,25.31,
2024,Alberta,Construction  ,Men ,55 years and over,47.09,
2024,Alberta,Construction  ,Women ,55 years and over,35.68,
2024,Alberta,Educational services  ,Men ,55 years and over,46.63,
2024,Alberta,Educational services  ,Women ,55 years and over,39.49,
2024,Alberta,"Finance, insurance, real estate, rental and leasing  ",Men ,55 years and over,52.6,
2024,Alberta,"Finance, insurance, real estate, rental and leasing  ",Women ,55 years and over,33.88,
2024,Alberta,"Forestry, fishing, mining, quarrying, oil and gas  ",Men ,55 years and over,62.93,
2024,Alberta,"Forestry, fishing, mining, quarrying, oil and gas  ",Women ,55 years and over,58.49,
2024,Alberta,Health care and social assistance  ,Men ,55 years and over,44.58,
2024,Alberta,Health care and social assistance  ,Women ,55 years and over,34.79,
2024,Alberta,"Information, culture and recreation  ",Men ,55 years and over,35.2,
2024,Alberta,"Information, culture and recreation  ",Women ,55 years and over,31.93,
2024,Alberta,Manufacturing  ,Men ,55 years and over,42.01,
2024,Alberta,Manufacturing  ,Women ,55 years and over,29.08,
2024,Alberta,Other services (except public administration)  ,Men ,55 years and over,36.69,
2024,Alberta,Other services (except public administration)  ,Women ,55 years and over,29.61,
2024,Alberta,"Professional, scientific and technical services  ",Men ,55 years and over,61.51,
2024,Alberta,"Professional, scientific and technical services  ",Women ,55 years and over,39.56,
2024,Alberta,Public administration  ,Men ,55 years and over,46.33,
2024,Alberta,Public administration  ,Women ,55 years and over,49.7,
2024,Alberta,Transportation and warehousing  ,Men ,55 years and over,35.48,
2024,Alberta,Transportation and warehousing  ,Women ,55 years and over,32.88,
2024,Alberta,Utilities  ,Men ,55 years and over,52.83,
2024,Alberta,Utilities  ,Women ,55 years and over,,
2024,Alberta,Wholesale and retail trade  ,Men ,55 years and over,36.14,
2024,Alberta,Wholesale and retail trade  ,Women ,55 years and over,23.48,
2024,British Columbia,Accommodation and food services  ,Men ,15 to 24 years,19.06,
2024,British Columbia,Accommodation and food services  ,Women ,15 to 24 years,19.28,
2024,British Columbia,Agriculture  ,Men ,15 to 24 years,,
2024,British Columbia,Agriculture  ,Women ,15 to 24 years,18.94,
2024,British Columbia,"Business, building and other support services  ",Men ,15 to 24 years,23.7,
2024,British Columbia,"Business, building and other support services  ",Women ,15 to 24 years,21.89,
2024,British Columbia,Construction  ,Men ,15 to 24 years,25.48,
2024,British Columbia,Construction  ,Women ,15 to 24 years,27.14,
2024,British Columbia,Educational services  ,Men ,15 to 24 years,22.48,
2024,British Columbia,Educational services  ,Women ,15 to 24 years,23.08,
2024,British Columbia,"Finance, insurance, real estate, rental and leasing  ",Men ,15 to 24 years,28.49,
2024,British Columbia,"Finance, insurance, real estate, rental and leasing  ",Women ,15 to 24 years,24.3,
2024,British Columbia,"Forestry, fishing, mining, quarrying, oil and gas  ",Men ,15 to 24 years,32.34,
2024,British Columbia,"Forestry, fishing, mining, quarrying, oil and gas  ",Women ,15 to 24 years,,
2024,British Columbia,Health care and social assistance  ,Men ,15 to 24 years,24.92,
2024,British Columbia,Health care and social assistance  ,Women ,15 to 24 years,27.92,
2024,British Columbia,"Information, culture and recreation  ",Men ,15 to 24 years,21.22,
2024,British Columbia,"Information, culture and recreation  ",Women ,15 to 24 years,20.69,
2024,British Columbia,Manufacturing  ,Men ,15 to 24 years,24.62,
2024,British Columbia,Manufacturing  ,Women ,15 to 24 years,22.41,
2024,British Columbia,Other services (except public administration)  ,Men ,15 to 24 years,23.67,
2024,British Columbia,Other services (except public administration)  ,Women ,15 to 24 years,21.54,
2024,British Columbia,"Professional, scientific and technical services  ",Men ,15 to 24 years,31.79,
2024,British Columbia,"Professional, scientific and technical services  ",Women ,15 to 24 years,25.97,
2024,British Columbia,Public administration  ,Men ,15 to 24 years,31.36,
2024,British Columbia,Public administration  ,Women ,15 to 24 years,30.45,
2024,British Columbia,Transportation and warehousing  ,Men ,15 to 24 years,27.19,
2024,British Columbia,Transportation and warehousing  ,Women ,15 to 24 years,28.26,
2024,British Columbia,Utilities  ,Men ,15 to 24 years,,
2024,British Columbia,Utilities  ,Women ,15 to 24 years,,
2024,British Columbia,Wholesale and retail trade  ,Men ,15 to 24 years,21.08,
2024,British Columbia,Wholesale and retail trade  ,Women ,15 to 24 years,19.28,
2024,British Columbia,Accommodation and food services  ,Men ,25 to 54 years,25.15,
2024,British Columbia,Accommodation and food services  ,Women ,25 to 54 years,23.59,
2024,British Columbia,Agriculture  ,Men ,25 to 54 years,33.18,
2024,British Columbia,Agriculture  ,Women ,25 to 54 years,28.15,
2024,British Columbia,"Business, building and other support services  ",Men ,25 to 54 years,30.68,
2024,British Columbia,"Business, building and other support services  ",Women ,25 to 54 years,28.33,
2024,British Columbia,Construction  ,Men ,25 to 54 years,40.1,
2024,British Columbia,Construction  ,Women ,25 to 54 years,36.06,
2024,British Columbia,Educational services  ,Men ,25 to 54 years,44.35,
2024,British Columbia,Educational services  ,Women ,25 to 54 years,39.98,
2024,British Columbia,"Finance, insurance, real estate, rental and leasing  ",Men ,25 to 54 years,45.71,
2024,British Columbia,"Finance, insurance, real estate, rental and leasing  ",Women ,25 to 54 years,37.44,
2024,British Columbia,"Forestry, fishing, mining, quarrying, oil and gas  ",Men ,25 to 54 years,54.54,
2024,British Columbia,"Forestry, fishing, mining, quarrying, oil and gas  ",Women ,25 to 54 years,45.05,
2024,British Columbia,Health care and social assistance  ,Men ,25 to 54 years,38.58,
2024,British Columbia,Health care and social assistance  ,Women ,25 to 54 years,37.14,
2024,British Columbia,"Information, culture and recreation  ",Men ,25 to 54 years,44.24,
2024,British Columbia,"Information, culture and recreation  ",Women ,25 to 54 years,37.38,
2024,British Columbia,Manufacturing  ,Men ,25 to 54 years,39.84,
2024,British Columbia,Manufacturing  ,Women ,25 to 54 years,33.16,
2024,British Columbia,Other services (except public administration)  ,Men ,25 to 54 years,37.21,
2024,British Columbia,Other services (except public administration)  ,Women ,25 to 54 years,31.74,
2024,British Columbia,"Professional, scientific and technical services  ",Men ,25 to 54 years,57.99,
2024,British Columbia,"Professional, scientific and technical services  ",Women ,25 to 54 years,44.42,
2024,British Columbia,Public administration  ,Men ,25 to 54 years,47.76,
2024,British Columbia,Public administration  ,Women ,25 to 54 years,44.59,
2024,British Columbia,Transportation and warehousing  ,Men ,25 to 54 years,39.43,
2024,British Columbia,Transportation and warehousing  ,Women ,25 to 54 years,33.05,
2024,British Columbia,Utilities  ,Men ,25 to 54 years,48.02,
2024,British Columbia,Utilities  ,Women ,25 to 54 years,45.04,
2024,British Columbia,Wholesale and retail trade  ,Men ,25 to 54 years,33.42,
2024,British Columbia,Wholesale and retail trade  ,Women ,25 to 54 years,28.4,
2024,British Columbia,Accommodation and food services  ,Men ,55 years and over,25.69,
2024,British Columbia,Accommodation and food services  ,Women ,55 years and over,22.52,
2024,British Columbia,Agriculture  ,Men ,55 years and over,,
2024,British Columbia,Agriculture  ,Women ,55 years and over,,
2024,British Columbia,"Business, building and other support services  ",Men ,55 years and over,34.86,
2024,British Columbia,"Business, building and other support services  ",Women ,55 years and over,27.44,
2024,British Columbia,Construction  ,Men ,55 years and over,44.66,
2024,British Columbia,Construction  ,Women ,55 years and over,35.14,
2024,British Columbia,Educational services  ,Men ,55 years and over,50.82,
2024,British Columbia,Educational services  ,Women ,55 years and over,42.82,
2024,British Columbia,"Finance, insurance, real estate, rental and leasing  ",Men ,55 years and over,46.37,
2024,British Columbia,"Finance, insurance, real estate, rental and leasing  ",Women ,55 years and over,43.76,
2024,British Columbia,"Forestry, fishing, mining, quarrying, oil and gas  ",Men ,55 years and over,49.5,
2024,British Columbia,"Forestry, fishing, mining, quarrying, oil and gas  ",Women ,55 years and over,34.29,
2024,British Columbia,Health care and social assistance  ,Men ,55 years and over,37.49,
2024,British Columbia,Health care and social assistance  ,Women ,55 years and over,35.3,
2024,British Columbia,"Information, culture and recreation  ",Men ,55 years and over,45.98,
2024,British Columbia,"Information, culture and recreation  ",Women ,55 years and over,39.55,
2024,British Columbia,Manufacturing  ,Men ,55 years and over,38.93,
2024,British Columbia,Manufacturing  ,Women ,55 years and over,28.6,
2024,British Columbia,Other services (except public administration)  ,Men ,55 years and over,33.08,
2024,British Columbia,Other services (except public administration)  ,Women ,55 years and over,36.41,
2024,British Columbia,"Professional, scientific and technical services  ",Men ,55 years and over,58.39,
2024,British Columbia,"Professional, scientific and technical services  ",Women ,55 years and over,43.91,
2024,British Columbia,Public administration  ,Men ,55 years and over,51.8,
2024,British Columbia,Public administration  ,Women ,55 years and over,45.45,
2024,British Columbia,Transportation and warehousing  ,Men ,55 years and over,36.69,
2024,British Columbia,Transportation and warehousing  ,Women ,55 years and over,33.99,
2024,British Columbia,Utilities  ,Men ,55 years and over,58.03,
2024,British Columbia,Utilities  ,Women ,55 years and over,,
2024,British Columbia,Wholesale and retail trade  ,Men ,55 years and over,35.57,
2024,British Columbia,Wholesale and retail trade  ,Women ,55 years and over,26.27,
2024,Manitoba,Accommodation and food services  ,Men ,15 to 24 years,16.87,
2024,Manitoba,Accommodation and food services  ,Women ,15 to 24 years,17.22,
2024,Manitoba,Agriculture  ,Men ,15 to 24 years,20.22,
2024,Manitoba,Agriculture  ,Women ,15 to 24 years,17.12,
2024,Manitoba,"Business, building and other support services  ",Men ,15 to 24 years,19.17,
2024,Manitoba,"Business, building and other support services  ",Women ,15 to 24 years,17.96,
2024,Manitoba,Construction  ,Men ,15 to 24 years,23.29,
2024,Manitoba,Construction  ,Women ,15 to 24 years,22.66,
2024,Manitoba,Educational services  ,Men ,15 to 24 years,22.23,
2024,Manitoba,Educational services  ,Women ,15 to 24 years,18.89,
2024,Manitoba,"Finance, insurance, real estate, rental and leasing  ",Men ,15 to 24 years,21.59,
2024,Manitoba,"Finance, insurance, real estate, rental and leasing  ",Women ,15 to 24 years,20.82,
2024,Manitoba,"Forestry, fishing, mining, quarrying, oil and gas  ",Men ,15 to 24 years,,
2024,Manitoba,"Forestry, fishing, mining, quarrying, oil and gas  ",Women ,15 to 24 years,,
2024,Manitoba,Health care and social assistance  ,Men ,15 to 24 years,18.1,
2024,Manitoba,Health care and social assistance  ,Women ,15 to 24 years,21.14,
2024,Manitoba,"Information, culture and recreation  ",Men ,15 to 24 years,17.51,
2024,Manitoba,"Information, culture and recreation  ",Women ,15 to 24 years,17.53,
2024,Manitoba,Manufacturing  ,Men ,15 to 24 years,22.14,
2024,Manitoba,Manufacturing  ,Women ,15 to 24 years,18.85,
2024,Manitoba,Other services (except public administration)  ,Men ,15 to 24 years,22.48,
2024,Manitoba,Other services (except public administration)  ,Women ,15 to 24 years,18.61,
2024,Manitoba,"Professional, scientific and technical services  ",Men ,15 to 24 years,20.18,
2024,Manitoba,"Professional, scientific and technical services  ",Women ,15 to 24 years,20.04,
2024,Manitoba,Public administration  ,Men ,15 to 24 years,27.44,
2024,Manitoba,Public administration  ,Women ,15 to 24 years,25.6,
2024,Manitoba,Transportation and warehousing  ,Men ,15 to 24 years,23.61,
2024,Manitoba,Transportation and warehousing  ,Women ,15 to 24 years,18.34,
2024,Manitoba,Utilities  ,Men ,15 to 24 years,,
2024,Manitoba,Utilities  ,Women ,15 to 24 years,,
2024,Manitoba,Wholesale and retail trade  ,Men ,15 to 24 years,17.76,
2024,Manitoba,Wholesale and retail trade  ,Women ,15 to 24 years,17.59,
2024,Manitoba,Accommodation and food services  ,Men ,25 to 54 years,21.51,
2024,Manitoba,Accommodation and food services  ,Women ,25 to 54 years,18.51,
2024,Manitoba,Agriculture  ,Men ,25 to 54 years,25.33,
2024,Manitoba,Agriculture  ,Women ,25 to 54 years,28.61,
2024,Manitoba,"Business, building and other support services  ",Men ,25 to 54 years,25.28,
2024,Manitoba,"Business, building and other support services  ",Women ,25 to 54 years,24.61,
2024,Manitoba,Construction  ,Men ,25 to 54 years,35.53,
2024,Manitoba,Construction  ,Women ,25 to 54 years,29.93,
2024,Manitoba,Educational services  ,Men ,25 to 54 years,38.95,
2024,Manitoba,Educational services  ,Women ,25 to 54 years,36.61,
2024,Manitoba,"Finance, insurance, real estate, rental and leasing  ",Men ,25 to 54 years,41.22,
2024,Manitoba,"Finance, insurance, real estate, rental and leasing  ",Women ,25 to 54 years,32.17,
2024,Manitoba,"Forestry, fishing, mining, quarrying, oil and gas  ",Men ,25 to 54 years,41.31,
2024,Manitoba,"Forestry, fishing, mining, quarrying, oil and gas  ",Women ,25 to 54 years,34.23,
2024,Manitoba,Health care and social assistance  ,Men ,25 to 54 years,32.29,
2024,Manitoba,Health care and social assistance  ,Women ,25 to 54 years,31.73,
2024,Manitoba,"Information, culture and recreation  ",Men ,25 to 54 years,33.68,
2024,Manitoba,"Information, culture and recreation  ",Women ,25 to 54 years,29.8,
2024,Manitoba,Manufacturing  ,Men ,25 to 54 years,30.58,
2024,Manitoba,Manufacturing  ,Women ,25 to 54 years,27.04,
2024,Manitoba,Other services (except public administration)  ,Men ,25 to 54 years,30.98,
2024,Manitoba,Other services (except public administration)  ,Women ,25 to 54 years,25.41,
2024,Manitoba,"Professional, scientific and technical services  ",Men ,25 to 54 years,45.18,
2024,Manitoba,"Professional, scientific and technical services  ",Women ,25 to 54 years,32.24,
2024,Manitoba,Public administration  ,Men ,25 to 54 years,41.58,
2024,Manitoba,Public administration  ,Women ,25 to 54 years,39.87,
2024,Manitoba,Transportation and warehousing  ,Men ,25 to 54 years,32.72,
2024,Manitoba,Transportation and warehousing  ,Women ,25 to 54 years,26.04,
2024,Manitoba,Utilities  ,Men ,25 to 54 years,40.82,
2024,Manitoba,Utilities  ,Women ,25 to 54 years,42.79,
2024,Manitoba,Wholesale and retail trade  ,Men ,25 to 54 years,30.42,
2024,Manitoba,Wholesale and retail trade  ,Women ,25 to 54 years,24.37,
2024,Manitoba,Accommodation and food services  ,Men ,55 years and over,25.02,
2024,Manitoba,Accommodation and food services  ,Women ,55 years and over,18.43,
2024,Manitoba,Agriculture  ,Men ,55 years and over,25.69,
2024,Manitoba,Agriculture  ,Women ,55 years and over,,
2024,Manitoba,"Business, building and other support services  ",Men ,55 years and over,27.53,
2024,Manitoba,"Business, building and other support services  ",Women ,55 years and over,24.68,
2024,Manitoba,Construction  ,Men ,55 years and over,34.44,
2024,Manitoba,Construction  ,Women ,55 years and over,29.24,
2024,Manitoba,Educational services  ,Men ,55 years and over,35.88,
2024,Manitoba,Educational services  ,Women ,55 years and over,38.81,
2024,Manitoba,"Finance, insurance, real estate, rental and leasing  ",Men ,55 years and over,40.5,
2024,Manitoba,"Finance, insurance, real estate, rental and leasing  ",Women ,55 years and over,35.26,
2024,Manitoba,"Forestry, fishing, mining, quarrying, oil and gas  ",Men ,55 years and over,38.01,
2024,Manitoba,"Forestry, fishing, mining, quarrying, oil and gas  ",Women ,55 years and over,,
2024,Manitoba,Health care and social assistance  ,Men ,55 years and over,30.6,
2024,Manitoba,Health care and social assistance  ,Women ,55 years and over,29.11,
2024,Manitoba,"Information, culture and recreation  ",Men ,55 years and over,28.39,
2024,Manitoba,"Information, culture and recreation  ",Women ,55 years and over,29.95,
2024,Manitoba,Manufacturing  ,Men ,55 years and over,32.56,
2024,Manitoba,Manufacturing  ,Women ,55 years and over,28.32,
2024,Manitoba,Other services (except public administration)  ,Men ,55 years and over,32.19,
2024,Manitoba,Other services (except public administration)  ,Women ,55 years and over,27.6,
2024,Manitoba,"Professional, scientific and technical services  ",Men ,55 years and over,51.22,
2024,Manitoba,"Professional, scientific and technical services  ",Women ,55 years and over,34.3,
2024,Manitoba,Public administration  ,Men ,55 years and over,43.58,
2024,Manitoba,Public administration  ,Women ,55 years and over,41.42,
2024,Manitoba,Transportation and warehousing  ,Men ,55 years and over,31.09,
2024,Manitoba,Transportation and warehousing  ,Women ,55 years and over,32.74,
2024,Manitoba,Utilities  ,Men ,55 years and over,49.63,
2024,Manitoba,Utilities  ,Women ,55 years and over,,
2024,Manitoba,Wholesale and retail trade  ,Men ,55 years and over,30.52,
2024,Manitoba,Wholesale and retail trade  ,Women ,55 years and over,24.05,
2024,New Brunswick,Accommodation and food services  ,Men ,15 to 24 years,16.22,
2024,New Brunswick,Accommodation and food services  ,Women ,15 to 24 years,16.16,
2024,New Brunswick,Agriculture  ,Men ,15 to 24 years,21.64,
2024,New Brunswick,Agriculture  ,Women ,15 to 24 years,,
2024,New Brunswick,"Business, building and other support services  ",Men ,15 to 24 years,18.06,
2024,New Brunswick,"Business, building and other support services  ",Women ,15 to 24 years,16.41,
2024,New Brunswick,Construction  ,Men ,15 to 24 years,21.01,
2024,New Brunswick,Construction  ,Women ,15 to 24 years,,
2024,New Brunswick,Educational services  ,Men ,15 to 24 years,,
2024,New Brunswick,Educational services  ,Women ,15 to 24 years,21.94,
2024,New Brunswick,"Finance, insurance, real estate, rental and leasing  ",Men ,15 to 24 years,,
2024,New Brunswick,"Finance, insurance, real estate, rental and leasing  ",Women ,15 to 24 years,,
2024,New Brunswick,"Forestry, fishing, mining, quarrying, oil and gas  ",Men ,15 to 24 years,22.63,
2024,New Brunswick,"Forestry, fishing, mining, quarrying, oil and gas  ",Women ,15 to 24 years,,
2024,New Brunswick,Health care and social assistance  ,Men ,15 to 24 years,22.4,
2024,New Brunswick,Health care and social assistance  ,Women ,15 to 24 years,23.37,
2024,New Brunswick,"Information, culture and recreation  ",Men ,15 to 24 years,17.79,
2024,New Brunswick,"Information, culture and recreation  ",Women ,15 to 24 years,17.43,
2024,New Brunswick,Manufacturing  ,Men ,15 to 24 years,22.16,
2024,New Brunswick,Manufacturing  ,Women ,15 to 24 years,22.01,
2024,New Brunswick,Other services (except public administration)  ,Men ,15 to 24 years,23.3,
2024,New Brunswick,Other services (except public administration)  ,Women ,15 to 24 years,19.29,
2024,New Brunswick,"Professional, scientific and technical services  ",Men ,15 to 24 years,26.75,
2024,New Brunswick,"Professional, scientific and technical services  ",Women ,15 to 24 years,21.73,
2024,New Brunswick,Public administration  ,Men ,15 to 24 years,25.62,
2024,New Brunswick,Public administration  ,Women ,15 to 24 years,28.33,
2024,New Brunswick,Transportation and warehousing  ,Men ,15 to 24 years,24.9,
2024,New Brunswick,Transportation and warehousing  ,Women ,15 to 24 years,,
2024,New Brunswick,Utilities  ,Men ,15 to 24 years,,
2024,New Brunswick,Utilities  ,Women ,15 to 24 years,,
2024,New Brunswick,Wholesale and retail trade  ,Men ,15 to 24 years,16.71,
2024,New Brunswick,Wholesale and retail trade  ,Women ,15 to 24 years,15.94,
2024,New Brunswick,Accommodation and food services  ,Men ,25 to 54 years,18.74,
2024,New Brunswick,Accommodation and food services  ,Women ,25 to 54 years,19.13,
2024,New Brunswick,Agriculture  ,Men ,25 to 54 years,26.27,
2024,New Brunswick,Agriculture  ,Women ,25 to 54 years,25.17,
2024,New Brunswick,"Business, building and other support services  ",Men ,25 to 54 years,23.59,
2024,New Brunswick,"Business, building and other support services  ",Women ,25 to 54 years,22.75,
2024,New Brunswick,Construction  ,Men ,25 to 54 years,30.58,
2024,New Brunswick,Construction  ,Women ,25 to 54 years,25.94,
2024,New Brunswick,Educational services  ,Men ,25 to 54 years,36.42,
2024,New Brunswick,Educational services  ,Women ,25 to 54 years,35.75,
2024,New Brunswick,"Finance, insurance, real estate, rental and leasing  ",Men ,25 to 54 years,36.59,
2024,New Brunswick,"Finance, insurance, real estate, rental and leasing  ",Women ,25 to 54 years,30.98,
2024,New Brunswick,"Forestry, fishing, mining, quarrying, oil and gas  ",Men ,25 to 54 years,42.82,
2024,New Brunswick,"Forestry, fishing, mining, quarrying, oil and gas  ",Women ,25 to 54 years,37.87,
2024,New Brunswick,Health care and social assistance  ,Men ,25 to 54 years,32.07,
2024,New Brunswick,Health care and social assistance  ,Women ,25 to 54 years,31.76,
2024,New Brunswick,"Information, culture and recreation  ",Men ,25 to 54 years,31.76,
2024,New Brunswick,"Information, culture and recreation  ",Women ,25 to 54 years,31.31,
2024,New Brunswick,Manufacturing  ,Men ,25 to 54 years,33.91,
2024,New Brunswick,Manufacturing  ,Women ,25 to 54 years,31.03,
2024,New Brunswick,Other services (except public administration)  ,Men ,25 to 54 years,31.25,
2024,New Brunswick,Other services (except public administration)  ,Women ,25 to 54 years,25.1,
2024,New Brunswick,"Professional, scientific and technical services  ",Men ,25 to 54 years,43.01,
2024,New Brunswick,"Professional, scientific and technical services  ",Women ,25 to 54 years,35.08,
2024,New Brunswick,Public administration  ,Men ,25 to 54 years,41.09,
2024,New Brunswick,Public administration  ,Women ,25 to 54 years,40.33,
2024,New Brunswick,Transportation and warehousing  ,Men ,25 to 54 years,29.79,
2024,New Brunswick,Transportation and warehousing  ,Women ,25 to 54 years,27.54,
2024,New Brunswick,Utilities  ,Men ,25 to 54 years,46.43,
2024,New Brunswick,Utilities  ,Women ,25 to 54 years,46.55,
2024,New Brunswick,Wholesale and retail trade  ,Men ,25 to 54 years,27.69,
2024,New Brunswick,Wholesale and retail trade  ,Women ,25 to 54 years,24.93,
2024,New Brunswick,Accommodation and food services  ,Men ,55 years and over,20.59,
2024,New Brunswick,Accommodation and food services  ,Women ,55 years and over,17.59,
2024,New Brunswick,Agriculture  ,Men ,55 years and over,28.14,
2024,New Brunswick,Agriculture  ,Women ,55 years and over,21.34,
2024,New Brunswick,"Business, building and other support services  ",Men ,55 years and over,22.1,
2024,New Brunswick,"Business, building and other support services  ",Women ,55 years and over,21.7,
2024,New Brunswick,Construction  ,Men ,55 years and over,32.29,
2024,New Brunswick,Construction  ,Women ,55 years and over,25.75,
2024,New Brunswick,Educational services  ,Men ,55 years and over,45.78,
2024,New Brunswick,Educational services  ,Women ,55 years and over,34.77,
2024,New Brunswick,"Finance, insurance, real estate, rental and leasing  ",Men ,55 years and over,28.4,
2024,New Brunswick,"Finance, insurance, real estate, rental and leasing  ",Women ,55 years and over,29.36,
2024,New Brunswick,"Forestry, fishing, mining, quarrying, oil and gas  ",Men ,55 years and over,35.3,
2024,New Brunswick,"Forestry, fishing, mining, quarrying, oil and gas  ",Women ,55 years and over,,
2024,New Brunswick,Health care and social assistance  ,Men ,55 years and over,32.96,
2024,New Brunswick,Health care and social assistance  ,Women ,55 years and over,27.23,
2024,New Brunswick,"Information, culture and recreation  ",Men ,55 years and over,25.48,
2024,New Brunswick,"Information, culture and recreation  ",Women ,55 years and over,29.95,
2024,New Brunswick,Manufacturing  ,Men ,55 years and over,32.84,
2024,New Brunswick,Manufacturing  ,Women ,55 years and over,26.7,
2024,New Brunswick,Other services (except public administration)  ,Men ,55 years and over,29.97,
2024,New Brunswick,Other services (except public administration)  ,Women ,55 years and over,20.85,
2024,New Brunswick,"Professional, scientific and technical services  ",Men ,55 years and over,49.91,
2024,New Brunswick,"Professional, scientific and technical services  ",Women ,55 years and over,38.67,
2024,New Brunswick,Public administration  ,Men ,55 years and over,39.8,
2024,New Brunswick,Public administration  ,Women ,55 years and over,42.69,
2024,New Brunswick,Transportation and warehousing  ,Men ,55 years and over,29.44,
2024,New Brunswick,Transportation and warehousing  ,Women ,55 years and over,25.49,
2024,New Brunswick,Utilities  ,Men ,55 years and over,46.49,
2024,New Brunswick,Utilities  ,Women ,55 years and over,,
2024,New Brunswick,Wholesale and retail trade  ,Men ,55 years and over,26.82,
2024,New Brunswick,Wholesale and retail trade  ,Women ,55 years and over,21.03,
2024,Newfoundland and Labrador,Accommodation and food services  ,Men ,15 to 24 years,17.29,
2024,Newfoundland and Labrador,Accommodation and food services  ,Women ,15 to 24 years,17.07,
2024,Newfoundland and Labrador,Agriculture  ,Men ,15 to 24 years,,
2024,Newfoundland and Labrador,Agriculture  ,Women ,15 to 24 years,,
2024,Newfoundland and Labrador,"Business, building and other support services  ",Men ,15 to 24 years,19.26,
2024,Newfoundland and Labrador,"Business, building and other support services  ",Women ,15 to 24 years,,
2024,Newfoundland and Labrador,Construction  ,Men ,15 to 24 years,24.58,
2024,Newfoundland and Labrador,Construction  ,Women ,15 to 24 years,,
2024,Newfoundland and Labrador,Educational services  ,Men ,15 to 24 years,17.61,
2024,Newfoundland and Labrador,Educational services  ,Women ,15 to 24 years,19.97,
2024,Newfoundland and Labrador,"Finance, insurance, real estate, rental and leasing  ",Men ,15 to 24 years,,
2024,Newfoundland and Labrador,"Finance, insurance, real estate, rental and leasing  ",Women ,15 to 24 years,,
2024,Newfoundland and Labrador,"Forestry, fishing, mining, quarrying, oil and gas  ",Men ,15 to 24 years,30.55,
2024,Newfoundland and Labrador,"Forestry, fishing, mining, quarrying, oil and gas  ",Women ,15 to 24 years,,
2024,Newfoundland and Labrador,Health care and social assistance  ,Men ,15 to 24 years,22.07,
2024,Newfoundland and Labrador,Health care and social assistance  ,Women ,15 to 24 years,24.04,
2024,Newfoundland and Labrador,"Information, culture and recreation  ",Men ,15 to 24 years,18.05,
2024,Newfoundland and Labrador,"Information, culture and recreation  ",Women ,15 to 24 years,17.2,
2024,Newfoundland and Labrador,Manufacturing  ,Men ,15 to 24 years,22.7,
2024,Newfoundland and Labrador,Manufacturing  ,Women ,15 to 24 years,,
2024,Newfoundland and Labrador,Other services (except public administration)  ,Men ,15 to 24 years,,
2024,Newfoundland and Labrador,Other services (except public administration)  ,Women ,15 to 24 years,,
2024,Newfoundland and Labrador,"Professional, scientific and technical services  ",Men ,15 to 24 years,29.73,
2024,Newfoundland and Labrador,"Professional, scientific and technical services  ",Women ,15 to 24 years,,
2024,Newfoundland and Labrador,Public administration  ,Men ,15 to 24 years,28.25,
2024,Newfoundland and Labrador,Public administration  ,Women ,15 to 24 years,,
2024,Newfoundland and Labrador,Transportation and warehousing  ,Men ,15 to 24 years,24.12,
2024,Newfoundland and Labrador,Transportation and warehousing  ,Women ,15 to 24 years,,
2024,Newfoundland and Labrador,Utilities  ,Men ,15 to 24 years,,
2024,Newfoundland and Labrador,Utilities  ,Women ,15 to 24 years,,
2024,Newfoundland and Labrador,Wholesale and retail trade  ,Men ,15 to 24 years,17.17,
2024,Newfoundland and Labrador,Wholesale and retail trade  ,Women ,15 to 24 years,16.93,
2024,Newfoundland and Labrador,Accommodation and food services  ,Men ,25 to 54 years,19.66,
2024,Newfoundland and Labrador,Accommodation and food services  ,Women ,25 to 54 years,18.84,
2024,Newfoundland and Labrador,Agriculture  ,Men ,25 to 54 years,26.57,
2024,Newfoundland and Labrador,Agriculture  ,Women ,25 to 54 years,,
2024,Newfoundland and Labrador,"Business, building and other support services  ",Men ,25 to 54 years,26.92,
2024,Newfoundland and Labrador,"Business, building and other support services  ",Women ,25 to 54 years,26.25,
2024,Newfoundland and Labrador,Construction  ,Men ,25 to 54 years,35.4,
2024,Newfoundland and Labrador,Construction  ,Women ,25 to 54 years,31.8,
2024,Newfoundland and Labrador,Educational services  ,Men ,25 to 54 years,44.42,
2024,Newfoundland and Labrador,Educational services  ,Women ,25 to 54 years,43.08,
2024,Newfoundland and Labrador,"Finance, insurance, real estate, rental and leasing  ",Men ,25 to 54 years,42.51,
2024,Newfoundland and Labrador,"Finance, insurance, real estate, rental and leasing  ",Women ,25 to 54 years,32.29,
2024,Newfoundland and Labrador,"Forestry, fishing, mining, quarrying, oil and gas  ",Men ,25 to 54 years,50.17,
2024,Newfoundland and Labrador,"Forestry, fishing, mining, quarrying, oil and gas  ",Women ,25 to 54 years,49.8,
2024,Newfoundland and Labrador,Health care and social assistance  ,Men ,25 to 54 years,32.18,
2024,Newfoundland and Labrador,Health care and social assistance  ,Women ,25 to 54 years,30.84,
2024,Newfoundland and Labrador,"Information, culture and recreation  ",Men ,25 to 54 years,34.44,
2024,Newfoundland and Labrador,"Information, culture and recreation  ",Women ,25 to 54 years,32.67,
2024,Newfoundland and Labrador,Manufacturing  ,Men ,25 to 54 years,32.9,
2024,Newfoundland and Labrador,Manufacturing  ,Women ,25 to 54 years,25.09,
2024,Newfoundland and Labrador,Other services (except public administration)  ,Men ,25 to 54 years,30.48,
2024,Newfoundland and Labrador,Other services (except public administration)  ,Women ,25 to 54 years,25.23,
2024,Newfoundland and Labrador,"Professional, scientific and technical services  ",Men ,25 to 54 years,48.78,
2024,Newfoundland and Labrador,"Professional, scientific and technical services  ",Women ,25 to 54 years,39.2,
2024,Newfoundland and Labrador,Public administration  ,Men ,25 to 54 years,44.28,
2024,Newfoundland and Labrador,Public administration  ,Women ,25 to 54 years,38.83,
2024,Newfoundland and Labrador,Transportation and warehousing  ,Men ,25 to 54 years,36.92,
2024,Newfoundland and Labrador,Transportation and warehousing  ,Women ,25 to 54 years,29.66,
2024,Newfoundland and Labrador,Utilities  ,Men ,25 to 54 years,51.84,
2024,Newfoundland and Labrador,Utilities  ,Women ,25 to 54 years,,
2024,Newfoundland and Labrador,Wholesale and retail trade  ,Men ,25 to 54 years,26.72,
2024,Newfoundland and Labrador,Wholesale and retail trade  ,Women ,25 to 54 years,22.82,
2024,Newfoundland and Labrador,Accommodation and food services  ,Men ,55 years and over,,
2024,Newfoundland and Labrador,Accommodation and food services  ,Women ,55 years and over,18.81,
2024,Newfoundland and Labrador,Agriculture  ,Men ,55 years and over,,
2024,Newfoundland and Labrador,Agriculture  ,Women ,55 years and over,,
2024,Newfoundland and Labrador,"Business, building and other support services  ",Men ,55 years and over,29.11,
2024,Newfoundland and Labrador,"Business, building and other support services  ",Women ,55 years and over,,
2024,Newfoundland and Labrador,Construction  ,Men ,55 years and over,33.35,
2024,Newfoundland and Labrador,Construction  ,Women ,55 years and over,,
2024,Newfoundland and Labrador,Educational services  ,Men ,55 years and over,49,
2024,Newfoundland and Labrador,Educational services  ,Women ,55 years and over,46.24,
2024,Newfoundland and Labrador,"Finance, insurance, real estate, rental and leasing  ",Men ,55 years and over,33.8,
2024,Newfoundland and Labrador,"Finance, insurance, real estate, rental and leasing  ",Women ,55 years and over,35.23,
2024,Newfoundland and Labrador,"Forestry, fishing, mining, quarrying, oil and gas  ",Men ,55 years and over,46.86,
2024,Newfoundland and Labrador,"Forestry, fishing, mining, quarrying, oil and gas  ",Women ,55 years and over,,
2024,Newfoundland and Labrador,Health care and social assistance  ,Men ,55 years and over,40.52,
2024,Newfoundland and Labrador,Health care and social assistance  ,Women ,55 years and over,25.69,
2024,Newfoundland and Labrador,"Information, culture and recreation  ",Men ,55 years and over,33.05,
2024,Newfoundland and Labrador,"Information, culture and recreation  ",Women ,55 years and over,27.95,
2024,Newfoundland and Labrador,Manufacturing  ,Men ,55 years and over,33.24,
2024,Newfoundland and Labrador,Manufacturing  ,Women ,55 years and over,24.08,
2024,Newfoundland and Labrador,Other services (except public administration)  ,Men ,55 years and over,35.35,
2024,Newfoundland and Labrador,Other services (except public administration)  ,Women ,55 years and over,24.98,
2024,Newfoundland and Labrador,"Professional, scientific and technical services  ",Men ,55 years and over,44.37,
2024,Newfoundland and Labrador,"Professional, scientific and technical services  ",Women ,55 years and over,28.21,
2024,Newfoundland and Labrador,Public administration  ,Men ,55 years and over,44.25,
2024,Newfoundland and Labrador,Public administration  ,Women ,55 years and over,37.83,
2024,Newfoundland and Labrador,Transportation and warehousing  ,Men ,55 years and over,36.84,
2024,Newfoundland and Labrador,Transportation and warehousing  ,Women ,55 years and over,24.94,
2024,Newfoundland and Labrador,Utilities  ,Men ,55 years and over,,
2024,Newfoundland and Labrador,Utilities  ,Women ,55 years and over,,
2024,Newfoundland and Labrador,Wholesale and retail trade  ,Men ,55 years and over,25.88,
2024,Newfoundland and Labrador,Wholesale and retail trade  ,Women ,55 years and over,20.25,
2024,Nova Scotia,Accommodation and food services  ,Men ,15 to 24 years,16.97,
2024,Nova Scotia,Accommodation and food services  ,Women ,15 to 24 years,16.82,
2024,Nova Scotia,Agriculture  ,Men ,15 to 24 years,,
2024,Nova Scotia,Agriculture  ,Women ,15 to 24 years,,
2024,Nova Scotia,"Business, building and other support services  ",Men ,15 to 24 years,19.67,
2024,Nova Scotia,"Business, building and other support services  ",Women ,15 to 24 years,,
2024,Nova Scotia,Construction  ,Men ,15 to 24 years,22.92,
2024,Nova Scotia,Construction  ,Women ,15 to 24 years,20.23,
2024,Nova Scotia,Educational services  ,Men ,15 to 24 years,20,
2024,Nova Scotia,Educational services  ,Women ,15 to 24 years,18.31,
2024,Nova Scotia,"Finance, insurance, real estate, rental and leasing  ",Men ,15 to 24 years,,
2024,Nova Scotia,"Finance, insurance, real estate, rental and leasing  ",Women ,15 to 24 years,20.4,
2024,Nova Scotia,"Forestry, fishing, mining, quarrying, oil and gas  ",Men ,15 to 24 years,25.83,
2024,Nova Scotia,"Forestry, fishing, mining, quarrying, oil and gas  ",Women ,15 to 24 years,,
2024,Nova Scotia,Health care and social assistance  ,Men ,15 to 24 years,18.98,
2024,Nova Scotia,Health care and social assistance  ,Women ,15 to 24 years,24.83,
2024,Nova Scotia,"Information, culture and recreation  ",Men ,15 to 24 years,18.05,
2024,Nova Scotia,"Information, culture and recreation  ",Women ,15 to 24 years,17.21,
2024,Nova Scotia,Manufacturing  ,Men ,15 to 24 years,21.22,
2024,Nova Scotia,Manufacturing  ,Women ,15 to 24 years,22.98,
2024,Nova Scotia,Other services (except public administration)  ,Men ,15 to 24 years,19.99,
2024,Nova Scotia,Other services (except public administration)  ,Women ,15 to 24 years,19.98,
2024,Nova Scotia,"Professional, scientific and technical services  ",Men ,15 to 24 years,26.84,
2024,Nova Scotia,"Professional, scientific and technical services  ",Women ,15 to 24 years,23.74,
2024,Nova Scotia,Public administration  ,Men ,15 to 24 years,27.76,
2024,Nova Scotia,Public administration  ,Women ,15 to 24 years,24.77,
2024,Nova Scotia,Transportation and warehousing  ,Men ,15 to 24 years,20.34,
2024,Nova Scotia,Transportation and warehousing  ,Women ,15 to 24 years,,
2024,Nova Scotia,Utilities  ,Men ,15 to 24 years,,
2024,Nova Scotia,Utilities  ,Women ,15 to 24 years,,
2024,Nova Scotia,Wholesale and retail trade  ,Men ,15 to 24 years,17.04,
2024,Nova Scotia,Wholesale and retail trade  ,Women ,15 to 24 years,16.63,
2024,Nova Scotia,Accommodation and food services  ,Men ,25 to 54 years,21.17,
2024,Nova Scotia,Accommodation and food services  ,Women ,25 to 54 years,19.63,
2024,Nova Scotia,Agriculture  ,Men ,25 to 54 years,20.73,
2024,Nova Scotia,Agriculture  ,Women ,25 to 54 years,,
2024,Nova Scotia,"Business, building and other support services  ",Men ,25 to 54 years,23.84,
2024,Nova Scotia,"Business, building and other support services  ",Women ,25 to 54 years,25.65,
2024,Nova Scotia,Construction  ,Men ,25 to 54 years,32.69,
2024,Nova Scotia,Construction  ,Women ,25 to 54 years,28.18,
2024,Nova Scotia,Educational services  ,Men ,25 to 54 years,39.35,
2024,Nova Scotia,Educational services  ,Women ,25 to 54 years,34.6,
2024,Nova Scotia,"Finance, insurance, real estate, rental and leasing  ",Men ,25 to 54 years,37.89,
2024,Nova Scotia,"Finance, insurance, real estate, rental and leasing  ",Women ,25 to 54 years,30.48,
2024,Nova Scotia,"Forestry, fishing, mining, quarrying, oil and gas  ",Men ,25 to 54 years,35.24,
2024,Nova Scotia,"Forestry, fishing, mining, quarrying, oil and gas  ",Women ,25 to 54 years,28.05,
2024,Nova Scotia,Health care and social assistance  ,Men ,25 to 54 years,32.97,
2024,Nova Scotia,Health care and social assistance  ,Women ,25 to 54 years,33.02,
2024,Nova Scotia,"Information, culture and recreation  ",Men ,25 to 54 years,33.55,
2024,Nova Scotia,"Information, culture and recreation  ",Women ,25 to 54 years,27.63,
2024,Nova Scotia,Manufacturing  ,Men ,25 to 54 years,35.1,
2024,Nova Scotia,Manufacturing  ,Women ,25 to 54 years,31.05,
2024,Nova Scotia,Other services (except public administration)  ,Men ,25 to 54 years,29.75,
2024,Nova Scotia,Other services (except public administration)  ,Women ,25 to 54 years,26.5,
2024,Nova Scotia,"Professional, scientific and technical services  ",Men ,25 to 54 years,49.43,
2024,Nova Scotia,"Professional, scientific and technical services  ",Women ,25 to 54 years,37.41,
2024,Nova Scotia,Public administration  ,Men ,25 to 54 years,43.66,
2024,Nova Scotia,Public administration  ,Women ,25 to 54 years,40.66,
2024,Nova Scotia,Transportation and warehousing  ,Men ,25 to 54 years,32.63,
2024,Nova Scotia,Transportation and warehousing  ,Women ,25 to 54 years,30.31,
2024,Nova Scotia,Utilities  ,Men ,25 to 54 years,44.88,
2024,Nova Scotia,Utilities  ,Women ,25 to 54 years,40.52,
2024,Nova Scotia,Wholesale and retail trade  ,Men ,25 to 54 years,27.7,
2024,Nova Scotia,Wholesale and retail trade  ,Women ,25 to 54 years,23.24,
2024,Nova Scotia,Accommodation and food services  ,Men ,55 years and over,19.82,
2024,Nova Scotia,Accommodation and food services  ,Women ,55 years and over,18.09,
2024,Nova Scotia,Agriculture  ,Men ,55 years and over,26.59,
2024,Nova Scotia,Agriculture  ,Women ,55 years and over,,
2024,Nova Scotia,"Business, building and other support services  ",Men ,55 years and over,21.92,
2024,Nova Scotia,"Business, building and other support services  ",Women ,55 years and over,20.26,
2024,Nova Scotia,Construction  ,Men ,55 years and over,31.9,
2024,Nova Scotia,Construction  ,Women ,55 years and over,25.98,
2024,Nova Scotia,Educational services  ,Men ,55 years and over,42.52,
2024,Nova Scotia,Educational services  ,Women ,55 years and over,34.75,
2024,Nova Scotia,"Finance, insurance, real estate, rental and leasing  ",Men ,55 years and over,35.98,
2024,Nova Scotia,"Finance, insurance, real estate, rental and leasing  ",Women ,55 years and over,32.87,
2024,Nova Scotia,"Forestry, fishing, mining, quarrying, oil and gas  ",Men ,55 years and over,26.54,
2024,Nova Scotia,"Forestry, fishing, mining, quarrying, oil and gas  ",Women ,55 years and over,,
2024,Nova Scotia,Health care and social assistance  ,Men ,55 years and over,32.88,
2024,Nova Scotia,Health care and social assistance  ,Women ,55 years and over,29.37,
2024,Nova Scotia,"Information, culture and recreation  ",Men ,55 years and over,35.68,
2024,Nova Scotia,"Information, culture and recreation  ",Women ,55 years and over,22.76,
2024,Nova Scotia,Manufacturing  ,Men ,55 years and over,36.53,
2024,Nova Scotia,Manufacturing  ,Women ,55 years and over,27.43,
2024,Nova Scotia,Other services (except public administration)  ,Men ,55 years and over,29.07,
2024,Nova Scotia,Other services (except public administration)  ,Women ,55 years and over,30.98,
2024,Nova Scotia,"Professional, scientific and technical services  ",Men ,55 years and over,54.07,
2024,Nova Scotia,"Professional, scientific and technical services  ",Women ,55 years and over,42.98,
2024,Nova Scotia,Public administration  ,Men ,55 years and over,47.85,
2024,Nova Scotia,Public administration  ,Women ,55 years and over,40,
2024,Nova Scotia,Transportation and warehousing  ,Men ,55 years and over,30.47,
2024,Nova Scotia,Transportation and warehousing  ,Women ,55 years and over,26.35,
2024,Nova Scotia,Utilities  ,Men ,55 years and over,45.12,
2024,Nova Scotia,Utilities  ,Women ,55 years and over,,
2024,Nova Scotia,Wholesale and retail trade  ,Men ,55 years and over,25.04,
2024,Nova Scotia,Wholesale and retail trade  ,Women ,55 years and over,23.31,
2024,Ontario,Accommodation and food services  ,Men ,15 to 24 years,17.63,
2024,Ontario,Accommodation and food services  ,Women ,15 to 24 years,18.14,
2024,Ontario,Agriculture  ,Men ,15 to 24 years,19.02,
2024,Ontario,Agriculture  ,Women ,15 to 24 years,18,
2024,Ontario,"Business, building and other support services  ",Men ,15 to 24 years,20.58,
2024,Ontario,"Business, building and other support services  ",Women ,15 to 24 years,19.52,
2024,Ontario,Construction  ,Men ,15 to 24 years,26.57,
2024,Ontario,Construction  ,Women ,15 to 24 years,23.31,
2024,Ontario,Educational services  ,Men ,15 to 24 years,22.52,
2024,Ontario,Educational services  ,Women ,15 to 24 years,22.41,
2024,Ontario,"Finance, insurance, real estate, rental and leasing  ",Men ,15 to 24 years,29.68,
2024,Ontario,"Finance, insurance, real estate, rental and leasing  ",Women ,15 to 24 years,24.84,
2024,Ontario,"Forestry, fishing, mining, quarrying, oil and gas  ",Men ,15 to 24 years,29.47,
2024,Ontario,"Forestry, fishing, mining, quarrying, oil and gas  ",Women ,15 to 24 years,,
2024,Ontario,Health care and social assistance  ,Men ,15 to 24 years,22.92,
2024,Ontario,Health care and social assistance  ,Women ,15 to 24 years,24.95,
2024,Ontario,"Information, culture and recreation  ",Men ,15 to 24 years,19.81,
2024,Ontario,"Information, culture and recreation  ",Women ,15 to 24 years,19.33,
2024,Ontario,Manufacturing  ,Men ,15 to 24 years,24.4,
2024,Ontario,Manufacturing  ,Women ,15 to 24 years,22.16,
2024,Ontario,Other services (except public administration)  ,Men ,15 to 24 years,20.53,
2024,Ontario,Other services (except public administration)  ,Women ,15 to 24 years,19.91,
2024,Ontario,"Professional, scientific and technical services  ",Men ,15 to 24 years,33.21,
2024,Ontario,"Professional, scientific and technical services  ",Women ,15 to 24 years,27.1,
2024,Ontario,Public administration  ,Men ,15 to 24 years,24.37,
2024,Ontario,Public administration  ,Women ,15 to 24 years,25.48,
2024,Ontario,Transportation and warehousing  ,Men ,15 to 24 years,22.8,
2024,Ontario,Transportation and warehousing  ,Women ,15 to 24 years,23.65,
2024,Ontario,Utilities  ,Men ,15 to 24 years,35.16,
2024,Ontario,Utilities  ,Women ,15 to 24 years,,
2024,Ontario,Wholesale and retail trade  ,Men ,15 to 24 years,18.95,
2024,Ontario,Wholesale and retail trade  ,Women ,15 to 24 years,17.75,
2024,Ontario,Accommodation and food services  ,Men ,25 to 54 years,23.01,
2024,Ontario,Accommodation and food services  ,Women ,25 to 54 years,22.23,
2024,Ontario,Agriculture  ,Men ,25 to 54 years,24.89,
2024,Ontario,Agriculture  ,Women ,25 to 54 years,24.8,
2024,Ontario,"Business, building and other support services  ",Men ,25 to 54 years,28.07,
2024,Ontario,"Business, building and other support services  ",Women ,25 to 54 years,26.3,
2024,Ontario,Construction  ,Men ,25 to 54 years,39.32,
2024,Ontario,Construction  ,Women ,25 to 54 years,34.9,
2024,Ontario,Educational services  ,Men ,25 to 54 years,45.68,
2024,Ontario,Educational services  ,Women ,25 to 54 years,40.94,
2024,Ontario,"Finance, insurance, real estate, rental and leasing  ",Men ,25 to 54 years,51.54,
2024,Ontario,"Finance, insurance, real estate, rental and leasing  ",Women ,25 to 54 years,40.67,
2024,Ontario,"Forestry, fishing, mining, quarrying, oil and gas  ",Men ,25 to 54 years,48,
2024,Ontario,"Forestry, fishing, mining, quarrying, oil and gas  ",Women ,25 to 54 years,47.2,
2024,Ontario,Health care and social assistance  ,Men ,25 to 54 years,39.27,
2024,Ontario,Health care and social assistance  ,Women ,25 to 54 years,34.45,
2024,Ontario,"Information, culture and recreation  ",Men ,25 to 54 years,40.75,
2024,Ontario,"Information, culture and recreation  ",Women ,25 to 54 years,37.84,
2024,Ontario,Manufacturing  ,Men ,25 to 54 years,38.06,
2024,Ontario,Manufacturing  ,Women ,25 to 54 years,32.59,
2024,Ontario,Other services (except public administration)  ,Men ,25 to 54 years,35.25,
2024,Ontario,Other services (except public administration)  ,Women ,25 to 54 years,29.99,
2024,Ontario,"Professional, scientific and technical services  ",Men ,25 to 54 years,55.24,
2024,Ontario,"Professional, scientific and technical services  ",Women ,25 to 54 years,45.28,
2024,Ontario,Public administration  ,Men ,25 to 54 years,49.37,
2024,Ontario,Public administration  ,Women ,25 to 54 years,45.64,
2024,Ontario,Transportation and warehousing  ,Men ,25 to 54 years,36.18,
2024,Ontario,Transportation and warehousing  ,Women ,25 to 54 years,31.59,
2024,Ontario,Utilities  ,Men ,25 to 54 years,57.04,
2024,Ontario,Utilities  ,Women ,25 to 54 years,57.56,
2024,Ontario,Wholesale and retail trade  ,Men ,25 to 54 years,34.1,
2024,Ontario,Wholesale and retail trade  ,Women ,25 to 54 years,29.34,
2024,Ontario,Accommodation and food services  ,Men ,55 years and over,24.46,
2024,Ontario,Accommodation and food services  ,Women ,55 years and over,21.84,
2024,Ontario,Agriculture  ,Men ,55 years and over,27.79,
2024,Ontario,Agriculture  ,Women ,55 years and over,35.97,
2024,Ontario,"Business, building and other support services  ",Men ,55 years and over,30.02,
2024,Ontario,"Business, building and other support services  ",Women ,55 years and over,24.43,
2024,Ontario,Construction  ,Men ,55 years and over,44.7,
2024,Ontario,Construction  ,Women ,55 years and over,35.82,
2024,Ontario,Educational services  ,Men ,55 years and over,55,
2024,Ontario,Educational services  ,Women ,55 years and over,41.69,
2024,Ontario,"Finance, insurance, real estate, rental and leasing  ",Men ,55 years and over,54,
2024,Ontario,"Finance, insurance, real estate, rental and leasing  ",Women ,55 years and over,41.51,
2024,Ontario,"Forestry, fishing, mining, quarrying, oil and gas  ",Men ,55 years and over,50.34,
2024,Ontario,"Forestry, fishing, mining, quarrying, oil and gas  ",Women ,55 years and over,,
2024,Ontario,Health care and social assistance  ,Men ,55 years and over,43.28,
2024,Ontario,Health care and social assistance  ,Women ,55 years and over,34.61,
2024,Ontario,"Information, culture and recreation  ",Men ,55 years and over,36.75,
2024,Ontario,"Information, culture and recreation  ",Women ,55 years and over,37.48,
2024,Ontario,Manufacturing  ,Men ,55 years and over,36.56,
2024,Ontario,Manufacturing  ,Women ,55 years and over,29.14,
2024,Ontario,Other services (except public administration)  ,Men ,55 years and over,36.56,
2024,Ontario,Other services (except public administration)  ,Women ,55 years and over,32.24,
2024,Ontario,"Professional, scientific and technical services  ",Men ,55 years and over,59.31,
2024,Ontario,"Professional, scientific and technical services  ",Women ,55 years and over,44.05,
2024,Ontario,Public administration  ,Men ,55 years and over,54.09,
2024,Ontario,Public administration  ,Women ,55 years and over,48.27,
2024,Ontario,Transportation and warehousing  ,Men ,55 years and over,33.28,
2024,Ontario,Transportation and warehousing  ,Women ,55 years and over,28.73,
2024,Ontario,Utilities  ,Men ,55 years and over,62.02,
2024,Ontario,Utilities  ,Women ,55 years and over,56.96,
2024,Ontario,Wholesale and retail trade  ,Men ,55 years and over,33.01,
2024,Ontario,Wholesale and retail trade  ,Women ,55 years and over,24.52,
2024,Prince Edward Island,Accommodation and food services  ,Men ,15 to 24 years,17.42,
2024,Prince Edward Island,Accommodation and food services  ,Women ,15 to 24 years,18.27,
2024,Prince Edward Island,Agriculture  ,Men ,15 to 24 years,20.86,
2024,Prince Edward Island,Agriculture  ,Women ,15 to 24 years,,
2024,Prince Edward Island,"Business, building and other support services  ",Men ,15 to 24 years,19.23,
2024,Prince Edward Island,"Business, building and other support services  ",Women ,15 to 24 years,,
2024,Prince Edward Island,Construction  ,Men ,15 to 24 years,22.28,
2024,Prince Edward Island,Construction  ,Women ,15 to 24 years,,
2024,Prince Edward Island,Educational services  ,Men ,15 to 24 years,,
2024,Prince Edward Island,Educational services  ,Women ,15 to 24 years,21.06,
2024,Prince Edward Island,"Finance, insurance, real estate, rental and leasing  ",Men ,15 to 24 years,,
2024,Prince Edward Island,"Finance, insurance, real estate, rental and leasing  ",Women ,15 to 24 years,,
2024,Prince Edward Island,"Forestry, fishing, mining, quarrying, oil and gas  ",Men ,15 to 24 years,26.85,
2024,Prince Edward Island,"Forestry, fishing, mining, quarrying, oil and gas  ",Women ,15 to 24 years,,
2024,Prince Edward Island,Health care and social assistance  ,Men ,15 to 24 years,21.34,
2024,Prince Edward Island,Health care and social assistance  ,Women ,15 to 24 years,21.65,
2024,Prince Edward Island,"Information, culture and recreation  ",Men ,15 to 24 years,17.14,
2024,Prince Edward Island,"Information, culture and recreation  ",Women ,15 to 24 years,18.42,
2024,Prince Edward Island,Manufacturing  ,Men ,15 to 24 years,22.09,
2024,Prince Edward Island,Manufacturing  ,Women ,15 to 24 years,,
2024,Prince Edward Island,Other services (except public administration)  ,Men ,15 to 24 years,22.22,
2024,Prince Edward Island,Other services (except public administration)  ,Women ,15 to 24 years,19.19,
2024,Prince Edward Island,"Professional, scientific and technical services  ",Men ,15 to 24 years,,
2024,Prince Edward Island,"Professional, scientific and technical services  ",Women ,15 to 24 years,21.06,
2024,Prince Edward Island,Public administration  ,Men ,15 to 24 years,26.7,
2024,Prince Edward Island,Public administration  ,Women ,15 to 24 years,27.17,
2024,Prince Edward Island,Transportation and warehousing  ,Men ,15 to 24 years,21.54,
2024,Prince Edward Island,Transportation and warehousing  ,Women ,15 to 24 years,,
2024,Prince Edward Island,Utilities  ,Men ,15 to 24 years,,
2024,Prince Edward Island,Utilities  ,Women ,15 to 24 years,,
2024,Prince Edward Island,Wholesale and retail trade  ,Men ,15 to 24 years,18.7,
2024,Prince Edward Island,Wholesale and retail trade  ,Women ,15 to 24 years,16.36,
2024,Prince Edward Island,Accommodation and food services  ,Men ,25 to 54 years,20.27,
2024,Prince Edward Island,Accommodation and food services  ,Women ,25 to 54 years,19.76,
2024,Prince Edward Island,Agriculture  ,Men ,25 to 54 years,22.37,
2024,Prince Edward Island,Agriculture  ,Women ,25 to 54 years,22.4,
2024,Prince Edward Island,"Business, building and other support services  ",Men ,25 to 54 years,27.2,
2024,Prince Edward Island,"Business, building and other support services  ",Women ,25 to 54 years,22.03,
2024,Prince Edward Island,Construction  ,Men ,25 to 54 years,30.15,
2024,Prince Edward Island,Construction  ,Women ,25 to 54 years,27.45,
2024,Prince Edward Island,Educational services  ,Men ,25 to 54 years,36.65,
2024,Prince Edward Island,Educational services  ,Women ,25 to 54 years,38.35,
2024,Prince Edward Island,"Finance, insurance, real estate, rental and leasing  ",Men ,25 to 54 years,40.08,
2024,Prince Edward Island,"Finance, insurance, real estate, rental and leasing  ",Women ,25 to 54 years,32.59,
2024,Prince Edward Island,"Forestry, fishing, mining, quarrying, oil and gas  ",Men ,25 to 54 years,28.9,
2024,Prince Edward Island,"Forestry, fishing, mining, quarrying, oil and gas  ",Women ,25 to 54 years,,
2024,Prince Edward Island,Health care and social assistance  ,Men ,25 to 54 years,34.62,
2024,Prince Edward Island,Health care and social assistance  ,Women ,25 to 54 years,33.67,
2024,Prince Edward Island,"Information, culture and recreation  ",Men ,25 to 54 years,25.09,
2024,Prince Edward Island,"Information, culture and recreation  ",Women ,25 to 54 years,26.94,
2024,Prince Edward Island,Manufacturing  ,Men ,25 to 54 years,29.53,
2024,Prince Edward Island,Manufacturing  ,Women ,25 to 54 years,26.01,
2024,Prince Edward Island,Other services (except public administration)  ,Men ,25 to 54 years,29.73,
2024,Prince Edward Island,Other services (except public administration)  ,Women ,25 to 54 years,26.2,
2024,Prince Edward Island,"Professional, scientific and technical services  ",Men ,25 to 54 years,38.75,
2024,Prince Edward Island,"Professional, scientific and technical services  ",Women ,25 to 54 years,30.51,
2024,Prince Edward Island,Public administration  ,Men ,25 to 54 years,40.1,
2024,Prince Edward Island,Public administration  ,Women ,25 to 54 years,40.85,
2024,Prince Edward Island,Transportation and warehousing  ,Men ,25 to 54 years,31.37,
2024,Prince Edward Island,Transportation and warehousing  ,Women ,25 to 54 years,26.11,
2024,Prince Edward Island,Utilities  ,Men ,25 to 54 years,51.49,
2024,Prince Edward Island,Utilities  ,Women ,25 to 54 years,,
2024,Prince Edward Island,Wholesale and retail trade  ,Men ,25 to 54 years,25.14,
2024,Prince Edward Island,Wholesale and retail trade  ,Women ,25 to 54 years,23.24,
2024,Prince Edward Island,Accommodation and food services  ,Men ,55 years and over,,
2024,Prince Edward Island,Accommodation and food services  ,Women ,55 years and over,20.72,
2024,Prince Edward Island,Agriculture  ,Men ,55 years and over,21.77,
2024,Prince Edward Island,Agriculture  ,Women ,55 years and over,,
2024,Prince Edward Island,"Business, building and other support services  ",Men ,55 years and over,24.35,
2024,Prince Edward Island,"Business, building and other support services  ",Women ,55 years and over,,
2024,Prince Edward Island,Construction  ,Men ,55 years and over,28.22,
2024,Prince Edward Island,Construction  ,Women ,55 years and over,23.63,
2024,Prince Edward Island,Educational services  ,Men ,55 years and over,43.95,
2024,Prince Edward Island,Educational services  ,Women ,55 years and over,36.85,
2024,Prince Edward Island,"Finance, insurance, real estate, rental and leasing  ",Men ,55 years and over,31.47,
2024,Prince Edward Island,"Finance, insurance, real estate, rental and leasing  ",Women ,55 years and over,29.77,
2024,Prince Edward Island,"Forestry, fishing, mining, quarrying, oil and gas  ",Men ,55 years and over,24.43,
2024,Prince Edward Island,"Forestry, fishing, mining, quarrying, oil and gas  ",Women ,55 years and over,,
2024,Prince Edward Island,Health care and social assistance  ,Men ,55 years and over,30.97,
2024,Prince Edward Island,Health care and social assistance  ,Women ,55 years and over,31.06,
2024,Prince Edward Island,"Information, culture and recreation  ",Men ,55 years and over,27.5,
2024,Prince Edward Island,"Information, culture and recreation  ",Women ,55 years and over,33.89,
2024,Prince Edward Island,Manufacturing  ,Men ,55 years and over,33,
2024,Prince Edward Island,Manufacturing  ,Women ,55 years and over,24.82,
2024,Prince Edward Island,Other services (except public administration)  ,Men ,55 years and over,28.18,
2024,Prince Edward Island,Other services (except public administration)  ,Women ,55 years and over,25.73,
2024,Prince Edward Island,"Professional, scientific and technical services  ",Men ,55 years and over,47,
2024,Prince Edward Island,"Professional, scientific and technical services  ",Women ,55 years and over,35.78,
2024,Prince Edward Island,Public administration  ,Men ,55 years and over,46.64,
2024,Prince Edward Island,Public administration  ,Women ,55 years and over,35.17,
2024,Prince Edward Island,Transportation and warehousing  ,Men ,55 years and over,25.4,
2024,Prince Edward Island,Transportation and warehousing  ,Women ,55 years and over,,
2024,Prince Edward Island,Utilities  ,Men ,55 years and over,,
2024,Prince Edward Island,Utilities  ,Women ,55 years and over,,
2024,Prince Edward Island,Wholesale and retail trade  ,Men ,55 years and over,24.81,
2024,Prince Edward Island,Wholesale and retail trade  ,Women ,55 years and over,20.13,
2024,Quebec,Accommodation and food services  ,Men ,15 to 24 years,18.85,
2024,Quebec,Accommodation and food services  ,Women ,15 to 24 years,18.75,
2024,Quebec,Agriculture  ,Men ,15 to 24 years,16.94,
2024,Quebec,Agriculture  ,Women ,15 to 24 years,18,
2024,Quebec,"Business, building and other support services  ",Men ,15 to 24 years,21.06,
2024,Quebec,"Business, building and other support services  ",Women ,15 to 24 years,20.9,
2024,Quebec,Construction  ,Men ,15 to 24 years,29.94,
2024,Quebec,Construction  ,Women ,15 to 24 years,25.25,
2024,Quebec,Educational services  ,Men ,15 to 24 years,25.06,
2024,Quebec,Educational services  ,Women ,15 to 24 years,24.38,
2024,Quebec,"Finance, insurance, real estate, rental and leasing  ",Men ,15 to 24 years,23.86,
2024,Quebec,"Finance, insurance, real estate, rental and leasing  ",Women ,15 to 24 years,23.96,
2024,Quebec,"Forestry, fishing, mining, quarrying, oil and gas  ",Men ,15 to 24 years,30.31,
2024,Quebec,"Forestry, fishing, mining, quarrying, oil and gas  ",Women ,15 to 24 years,,
2024,Quebec,Health care and social assistance  ,Men ,15 to 24 years,22.71,
2024,Quebec,Health care and social assistance  ,Women ,15 to 24 years,23.48,
2024,Quebec,"Information, culture and recreation  ",Men ,15 to 24 years,20.5,
2024,Quebec,"Information, culture and recreation  ",Women ,15 to 24 years,19.49,
2024,Quebec,Manufacturing  ,Men ,15 to 24 years,25.32,
2024,Quebec,Manufacturing  ,Women ,15 to 24 years,21.84,
2024,Quebec,Other services (except public administration)  ,Men ,15 to 24 years,22.49,
2024,Quebec,Other services (except public administration)  ,Women ,15 to 24 years,19.8,
2024,Quebec,"Professional, scientific and technical services  ",Men ,15 to 24 years,26.95,
2024,Quebec,"Professional, scientific and technical services  ",Women ,15 to 24 years,25.86,
2024,Quebec,Public administration  ,Men ,15 to 24 years,23.05,
2024,Quebec,Public administration  ,Women ,15 to 24 years,24.64,
2024,Quebec,Transportation and warehousing  ,Men ,15 to 24 years,23.48,
2024,Quebec,Transportation and warehousing  ,Women ,15 to 24 years,23.61,
2024,Quebec,Utilities  ,Men ,15 to 24 years,,
2024,Quebec,Utilities  ,Women ,15 to 24 years,,
2024,Quebec,Wholesale and retail trade  ,Men ,15 to 24 years,18.02,
2024,Quebec,Wholesale and retail trade  ,Women ,15 to 24 years,17.84,
2024,Quebec,Accommodation and food services  ,Men ,25 to 54 years,24.42,
2024,Quebec,Accommodation and food services  ,Women ,25 to 54 years,22.51,
2024,Quebec,Agriculture  ,Men ,25 to 54 years,26.56,
2024,Quebec,Agriculture  ,Women ,25 to 54 years,24.54,
2024,Quebec,"Business, building and other support services  ",Men ,25 to 54 years,27.81,
2024,Quebec,"Business, building and other support services  ",Women ,25 to 54 years,30.35,
2024,Quebec,Construction  ,Men ,25 to 54 years,38.8,
2024,Quebec,Construction  ,Women ,25 to 54 years,33.79,
2024,Quebec,Educational services  ,Men ,25 to 54 years,43.73,
2024,Quebec,Educational services  ,Women ,25 to 54 years,40.54,
2024,Quebec,"Finance, insurance, real estate, rental and leasing  ",Men ,25 to 54 years,47.7,
2024,Quebec,"Finance, insurance, real estate, rental and leasing  ",Women ,25 to 54 years,40.31,
2024,Quebec,"Forestry, fishing, mining, quarrying, oil and gas  ",Men ,25 to 54 years,43.74,
2024,Quebec,"Forestry, fishing, mining, quarrying, oil and gas  ",Women ,25 to 54 years,44.67,
2024,Quebec,Health care and social assistance  ,Men ,25 to 54 years,33.83,
2024,Quebec,Health care and social assistance  ,Women ,25 to 54 years,32.66,
2024,Quebec,"Information, culture and recreation  ",Men ,25 to 54 years,38.43,
2024,Quebec,"Information, culture and recreation  ",Women ,25 to 54 years,35.64,
2024,Quebec,Manufacturing  ,Men ,25 to 54 years,35.24,
2024,Quebec,Manufacturing  ,Women ,25 to 54 years,33.32,
2024,Quebec,Other services (except public administration)  ,Men ,25 to 54 years,32.33,
2024,Quebec,Other services (except public administration)  ,Women ,25 to 54 years,32.62,
2024,Quebec,"Professional, scientific and technical services  ",Men ,25 to 54 years,47.38,
2024,Quebec,"Professional, scientific and technical services  ",Women ,25 to 54 years,39.66,
2024,Quebec,Public administration  ,Men ,25 to 54 years,45.82,
2024,Quebec,Public administration  ,Women ,25 to 54 years,43.15,
2024,Quebec,Transportation and warehousing  ,Men ,25 to 54 years,33.22,
2024,Quebec,Transportation and warehousing  ,Women ,25 to 54 years,31.75,
2024,Quebec,Utilities  ,Men ,25 to 54 years,50.45,
2024,Quebec,Utilities  ,Women ,25 to 54 years,55.65,
2024,Quebec,Wholesale and retail trade  ,Men ,25 to 54 years,32.35,
2024,Quebec,Wholesale and retail trade  ,Women ,25 to 54 years,28.42,
2024,Quebec,Accommodation and food services  ,Men ,55 years and over,22.93,
2024,Quebec,Accommodation and food services  ,Women ,55 years and over,20.21,
2024,Quebec,Agriculture  ,Men ,55 years and over,22.68,
2024,Quebec,Agriculture  ,Women ,55 years and over,19.63,
2024,Quebec,"Business, building and other support services  ",Men ,55 years and over,27.7,
2024,Quebec,"Business, building and other support services  ",Women ,55 years and over,28.93,
2024,Quebec,Construction  ,Men ,55 years and over,37.62,
2024,Quebec,Construction  ,Women ,55 years and over,28.68,
2024,Quebec,Educational services  ,Men ,55 years and over,50.1,
2024,Quebec,Educational services  ,Women ,55 years and over,40.14,
2024,Quebec,"Finance, insurance, real estate, rental and leasing  ",Men ,55 years and over,45.86,
2024,Quebec,"Finance, insurance, real estate, rental and leasing  ",Women ,55 years and over,41.68,
2024,Quebec,"Forestry, fishing, mining, quarrying, oil and gas  ",Men ,55 years and over,44.82,
2024,Quebec,"Forestry, fishing, mining, quarrying, oil and gas  ",Women ,55 years and over,,
2024,Quebec,Health care and social assistance  ,Men ,55 years and over,33.44,
2024,Quebec,Health care and social assistance  ,Women ,55 years and over,30.44,
2024,Quebec,"Information, culture and recreation  ",Men ,55 years and over,32.4,
2024,Quebec,"Information, culture and recreation  ",Women ,55 years and over,30.49,
2024,Quebec,Manufacturing  ,Men ,55 years and over,36.41,
2024,Quebec,Manufacturing  ,Women ,55 years and over,27.67,
2024,Quebec,Other services (except public administration)  ,Men ,55 years and over,29.44,
2024,Quebec,Other services (except public administration)  ,Women ,55 years and over,24.91,
2024,Quebec,"Professional, scientific and technical services  ",Men ,55 years and over,52.19,
2024,Quebec,"Professional, scientific and technical services  ",Women ,55 years and over,37.5,
2024,Quebec,Public administration  ,Men ,55 years and over,45.25,
2024,Quebec,Public administration  ,Women ,55 years and over,37.67,
2024,Quebec,Transportation and warehousing  ,Men ,55 years and over,30.64,
2024,Quebec,Transportation and warehousing  ,Women ,55 years and over,28.63,
2024,Quebec,Utilities  ,Men ,55 years and over,63.97,
2024,Quebec,Utilities  ,Women ,55 years and over,,
2024,Quebec,Wholesale and retail trade  ,Men ,55 years and over,30.4,
2024,Quebec,Wholesale and retail trade  ,Women ,55 years and over,24.31,
2024,Saskatchewan,Accommodation and food services  ,Men ,15 to 24 years,15.86,
2024,Saskatchewan,Accommodation and food services  ,Women ,15 to 24 years,15.91,
2024,Saskatchewan,Agriculture  ,Men ,15 to 24 years,23.07,
2024,Saskatchewan,Agriculture  ,Women ,15 to 24 years,19.77,
2024,Saskatchewan,"Business, building and other support services  ",Men ,15 to 24 years,22.27,
2024,Saskatchewan,"Business, building and other support services  ",Women ,15 to 24 years,18.93,
2024,Saskatchewan,Construction  ,Men ,15 to 24 years,22.75,
2024,Saskatchewan,Construction  ,Women ,15 to 24 years,26.35,
2024,Saskatchewan,Educational services  ,Men ,15 to 24 years,25.03,
2024,Saskatchewan,Educational services  ,Women ,15 to 24 years,23.57,
2024,Saskatchewan,"Finance, insurance, real estate, rental and leasing  ",Men ,15 to 24 years,22.01,
2024,Saskatchewan,"Finance, insurance, real estate, rental and leasing  ",Women ,15 to 24 years,21.18,
2024,Saskatchewan,"Forestry, fishing, mining, quarrying, oil and gas  ",Men ,15 to 24 years,28.88,
2024,Saskatchewan,"Forestry, fishing, mining, quarrying, oil and gas  ",Women ,15 to 24 years,,
2024,Saskatchewan,Health care and social assistance  ,Men ,15 to 24 years,23.38,
2024,Saskatchewan,Health care and social assistance  ,Women ,15 to 24 years,22.69,
2024,Saskatchewan,"Information, culture and recreation  ",Men ,15 to 24 years,17.91,
2024,Saskatchewan,"Information, culture and recreation  ",Women ,15 to 24 years,17.51,
2024,Saskatchewan,Manufacturing  ,Men ,15 to 24 years,24.04,
2024,Saskatchewan,Manufacturing  ,Women ,15 to 24 years,20.87,
2024,Saskatchewan,Other services (except public administration)  ,Men ,15 to 24 years,19.44,
2024,Saskatchewan,Other services (except public administration)  ,Women ,15 to 24 years,16.76,
2024,Saskatchewan,"Professional, scientific and technical services  ",Men ,15 to 24 years,26.64,
2024,Saskatchewan,"Professional, scientific and technical services  ",Women ,15 to 24 years,23.2,
2024,Saskatchewan,Public administration  ,Men ,15 to 24 years,24.89,
2024,Saskatchewan,Public administration  ,Women ,15 to 24 years,24.04,
2024,Saskatchewan,Transportation and warehousing  ,Men ,15 to 24 years,28.95,
2024,Saskatchewan,Transportation and warehousing  ,Women ,15 to 24 years,,
2024,Saskatchewan,Utilities  ,Men ,15 to 24 years,,
2024,Saskatchewan,Utilities  ,Women ,15 to 24 years,,
2024,Saskatchewan,Wholesale and retail trade  ,Men ,15 to 24 years,18.44,
2024,Saskatchewan,Wholesale and retail trade  ,Women ,15 to 24 years,15.73,
2024,Saskatchewan,Accommodation and food services  ,Men ,25 to 54 years,18.5,
2024,Saskatchewan,Accommodation and food services  ,Women ,25 to 54 years,17.93,
2024,Saskatchewan,Agriculture  ,Men ,25 to 54 years,31.1,
2024,Saskatchewan,Agriculture  ,Women ,25 to 54 years,31.58,
2024,Saskatchewan,"Business, building and other support services  ",Men ,25 to 54 years,25.82,
2024,Saskatchewan,"Business, building and other support services  ",Women ,25 to 54 years,23.99,
2024,Saskatchewan,Construction  ,Men ,25 to 54 years,37.76,
2024,Saskatchewan,Construction  ,Women ,25 to 54 years,31.79,
2024,Saskatchewan,Educational services  ,Men ,25 to 54 years,42.21,
2024,Saskatchewan,Educational services  ,Women ,25 to 54 years,37.47,
2024,Saskatchewan,"Finance, insurance, real estate, rental and leasing  ",Men ,25 to 54 years,45.13,
2024,Saskatchewan,"Finance, insurance, real estate, rental and leasing  ",Women ,25 to 54 years,36.57,
2024,Saskatchewan,"Forestry, fishing, mining, quarrying, oil and gas  ",Men ,25 to 54 years,50.3,
2024,Saskatchewan,"Forestry, fishing, mining, quarrying, oil and gas  ",Women ,25 to 54 years,42.86,
2024,Saskatchewan,Health care and social assistance  ,Men ,25 to 54 years,32.37,
2024,Saskatchewan,Health care and social assistance  ,Women ,25 to 54 years,32.68,
2024,Saskatchewan,"Information, culture and recreation  ",Men ,25 to 54 years,32.42,
2024,Saskatchewan,"Information, culture and recreation  ",Women ,25 to 54 years,31.43,
2024,Saskatchewan,Manufacturing  ,Men ,25 to 54 years,35.88,
2024,Saskatchewan,Manufacturing  ,Women ,25 to 54 years,27.9,
2024,Saskatchewan,Other services (except public administration)  ,Men ,25 to 54 years,33.6,
2024,Saskatchewan,Other services (except public administration)  ,Women ,25 to 54 years,27.52,
2024,Saskatchewan,"Professional, scientific and technical services  ",Men ,25 to 54 years,43.16,
2024,Saskatchewan,"Professional, scientific and technical services  ",Women ,25 to 54 years,37.82,
2024,Saskatchewan,Public administration  ,Men ,25 to 54 years,44.09,
2024,Saskatchewan,Public administration  ,Women ,25 to 54 years,40.98,
2024,Saskatchewan,Transportation and warehousing  ,Men ,25 to 54 years,34.42,
2024,Saskatchewan,Transportation and warehousing  ,Women ,25 to 54 years,27.63,
2024,Saskatchewan,Utilities  ,Men ,25 to 54 years,53.75,
2024,Saskatchewan,Utilities  ,Women ,25 to 54 years,44.65,
2024,Saskatchewan,Wholesale and retail trade  ,Men ,25 to 54 years,31.56,
2024,Saskatchewan,Wholesale and retail trade  ,Women ,25 to 54 years,26,
2024,Saskatchewan,Accommodation and food services  ,Men ,55 years and over,26.6,
2024,Saskatchewan,Accommodation and food services  ,Women ,55 years and over,16.75,
2024,Saskatchewan,Agriculture  ,Men ,55 years and over,30.64,
2024,Saskatchewan,Agriculture  ,Women ,55 years and over,20.65,
2024,Saskatchewan,"Business, building and other support services  ",Men ,55 years and over,27.14,
2024,Saskatchewan,"Business, building and other support services  ",Women ,55 years and over,26.97,
2024,Saskatchewan,Construction  ,Men ,55 years and over,36.18,
2024,Saskatchewan,Construction  ,Women ,55 years and over,30.68,
2024,Saskatchewan,Educational services  ,Men ,55 years and over,46.17,
2024,Saskatchewan,Educational services  ,Women ,55 years and over,35.09,
2024,Saskatchewan,"Finance, insurance, real estate, rental and leasing  ",Men ,55 years and over,44.05,
2024,Saskatchewan,"Finance, insurance, real estate, rental and leasing  ",Women ,55 years and over,39.02,
2024,Saskatchewan,"Forestry, fishing, mining, quarrying, oil and gas  ",Men ,55 years and over,50.51,
2024,Saskatchewan,"Forestry, fishing, mining, quarrying, oil and gas  ",Women ,55 years and over,,
2024,Saskatchewan,Health care and social assistance  ,Men ,55 years and over,33.45,
2024,Saskatchewan,Health care and social assistance  ,Women ,55 years and over,32.64,
2024,Saskatchewan,"Information, culture and recreation  ",Men ,55 years and over,34.23,
2024,Saskatchewan,"Information, culture and recreation  ",Women ,55 years and over,32.09,
2024,Saskatchewan,Manufacturing  ,Men ,55 years and over,34.51,
2024,Saskatchewan,Manufacturing  ,Women ,55 years and over,24.13,
2024,Saskatchewan,Other services (except public administration)  ,Men ,55 years and over,34.29,
2024,Saskatchewan,Other services (except public administration)  ,Women ,55 years and over,27.24,
2024,Saskatchewan,"Professional, scientific and technical services  ",Men ,55 years and over,51.42,
2024,Saskatchewan,"Professional, scientific and technical services  ",Women ,55 years and over,32.32,
2024,Saskatchewan,Public administration  ,Men ,55 years and over,41.52,
2024,Saskatchewan,Public administration  ,Women ,55 years and over,43.16,
2024,Saskatchewan,Transportation and warehousing  ,Men ,55 years and over,31.69,
2024,Saskatchewan,Transportation and warehousing  ,Women ,55 years and over,26.88,
2024,Saskatchewan,Utilities  ,Men ,55 years and over,50.39,
2024,Saskatchewan,Utilities  ,Women ,55 years and over,,
2024,Saskatchewan,Wholesale and retail trade  ,Men ,55 years and over,33.02,
2024,Saskatchewan,Wholesale and retail trade  ,Women ,55 years and over,22.89,
2025,Alberta,Accommodation and food services  ,Men ,15 to 24 years,16.94,
2025,Alberta,Accommodation and food services  ,Women ,15 to 24 years,17.83,
2025,Alberta,Agriculture  ,Men ,15 to 24 years,22.78,
2025,Alberta,Agriculture  ,Women ,15 to 24 years,,
2025,Alberta,"Business, building and other support services  ",Men ,15 to 24 years,22.44,
2025,Alberta,"Business, building and other support services  ",Women ,15 to 24 years,22.99,
2025,Alberta,Construction  ,Men ,15 to 24 years,25.73,
2025,Alberta,Construction  ,Women ,15 to 24 years,22.62,
2025,Alberta,Educational services  ,Men ,15 to 24 years,28.09,
2025,Alberta,Educational services  ,Women ,15 to 24 years,23.45,
2025,Alberta,"Finance, insurance, real estate, rental and leasing  ",Men ,15 to 24 years,23.3,
2025,Alberta,"Finance, insurance, real estate, rental and leasing  ",Women ,15 to 24 years,22.85,
2025,Alberta,"Forestry, fishing, mining, quarrying, oil and gas  ",Men ,15 to 24 years,32.67,
2025,Alberta,"Forestry, fishing, mining, quarrying, oil and gas  ",Women ,15 to 24 years,,
2025,Alberta,Health care and social assistance  ,Men ,15 to 24 years,21.26,
2025,Alberta,Health care and social assistance  ,Women ,15 to 24 years,23.78,
2025,Alberta,"Information, culture and recreation  ",Men ,15 to 24 years,20.1,
2025,Alberta,"Information, culture and recreation  ",Women ,15 to 24 years,18.47,
2025,Alberta,Manufacturing  ,Men ,15 to 24 years,23.06,
2025,Alberta,Manufacturing  ,Women ,15 to 24 years,23.15,
2025,Alberta,Other services (except public administration)  ,Men ,15 to 24 years,23.51,
2025,Alberta,Other services (except public administration)  ,Women ,15 to 24 years,20.79,
2025,Alberta,"Professional, scientific and technical services  ",Men ,15 to 24 years,28.81,
2025,Alberta,"Professional, scientific and technical services  ",Women ,15 to 24 years,26.47,
2025,Alberta,Public administration  ,Men ,15 to 24 years,23.56,
2025,Alberta,Public administration  ,Women ,15 to 24 years,26.33,
2025,Alberta,Transportation and warehousing  ,Men ,15 to 24 years,28.52,
2025,Alberta,Transportation and warehousing  ,Women ,15 to 24 years,23.04,
2025,Alberta,Utilities  ,Men ,15 to 24 years,,
2025,Alberta,Utilities  ,Women ,15 to 24 years,,
2025,Alberta,Wholesale and retail trade  ,Men ,15 to 24 years,19.71,
2025,Alberta,Wholesale and retail trade  ,Women ,15 to 24 years,16.93,
2025,Alberta,Accommodation and food services  ,Men ,25 to 54 years,21.44,
2025,Alberta,Accommodation and food services  ,Women ,25 to 54 years,20.58,
2025,Alberta,Agriculture  ,Men ,25 to 54 years,28.07,
2025,Alberta,Agriculture  ,Women ,25 to 54 years,26.65,
2025,Alberta,"Business, building and other support services  ",Men ,25 to 54 years,32.27,
2025,Alberta,"Business, building and other support services  ",Women ,25 to 54 years,28.45,
2025,Alberta,Construction  ,Men ,25 to 54 years,41.13,
2025,Alberta,Construction  ,Women ,25 to 54 years,36.56,
2025,Alberta,Educational services  ,Men ,25 to 54 years,43.31,
2025,Alberta,Educational services  ,Women ,25 to 54 years,40.4,
2025,Alberta,"Finance, insurance, real estate, rental and leasing  ",Men ,25 to 54 years,52.78,
2025,Alberta,"Finance, insurance, real estate, rental and leasing  ",Women ,25 to 54 years,39.09,
2025,Alberta,"Forestry, fishing, mining, quarrying, oil and gas  ",Men ,25 to 54 years,61.06,
2025,Alberta,"Forestry, fishing, mining, quarrying, oil and gas  ",Women ,25 to 54 years,57.8,
2025,Alberta,Health care and social assistance  ,Men ,25 to 54 years,39.18,
2025,Alberta,Health care and social assistance  ,Women ,25 to 54 years,35.91,
2025,Alberta,"Information, culture and recreation  ",Men ,25 to 54 years,37.42,
2025,Alberta,"Information, culture and recreation  ",Women ,25 to 54 years,35,
2025,Alberta,Manufacturing  ,Men ,25 to 54 years,39.68,
2025,Alberta,Manufacturing  ,Women ,25 to 54 years,33.01,
2025,Alberta,Other services (except public administration)  ,Men ,25 to 54 years,38.11,
2025,Alberta,Other services (except public administration)  ,Women ,25 to 54 years,27.46,
2025,Alberta,"Professional, scientific and technical services  ",Men ,25 to 54 years,52,
2025,Alberta,"Professional, scientific and technical services  ",Women ,25 to 54 years,43.89,
2025,Alberta,Public administration  ,Men ,25 to 54 years,49.57,
2025,Alberta,Public administration  ,Women ,25 to 54 years,45.68,
2025,Alberta,Transportation and warehousing  ,Men ,25 to 54 years,40.05,
2025,Alberta,Transportation and warehousing  ,Women ,25 to 54 years,37.35,
2025,Alberta,Utilities  ,Men ,25 to 54 years,58.47,
2025,Alberta,Utilities  ,Women ,25 to 54 years,56.24,
2025,Alberta,Wholesale and retail trade  ,Men ,25 to 54 years,38.14,
2025,Alberta,Wholesale and retail trade  ,Women ,25 to 54 years,26.66,
2025,Alberta,Accommodation and food services  ,Men ,55 years and over,26.82,
2025,Alberta,Accommodation and food services  ,Women ,55 years and over,19.35,
2025,Alberta,Agriculture  ,Men ,55 years and over,35.51,
2025,Alberta,Agriculture  ,Women ,55 years and over,,
2025,Alberta,"Business, building and other support services  ",Men ,55 years and over,36.06,
2025,Alberta,"Business, building and other support services  ",Women ,55 years and over,24.92,
2025,Alberta,Construction  ,Men ,55 years and over,43.61,
2025,Alberta,Construction  ,Women ,55 years and over,38.38,
2025,Alberta,Educational services  ,Men ,55 years and over,48.65,
2025,Alberta,Educational services  ,Women ,55 years and over,42.09,
2025,Alberta,"Finance, insurance, real estate, rental and leasing  ",Men ,55 years and over,43.22,
2025,Alberta,"Finance, insurance, real estate, rental and leasing  ",Women ,55 years and over,38.64,
2025,Alberta,"Forestry, fishing, mining, quarrying, oil and gas  ",Men ,55 years and over,65.62,
2025,Alberta,"Forestry, fishing, mining, quarrying, oil and gas  ",Women ,55 years and over,49.25,
2025,Alberta,Health care and social assistance  ,Men ,55 years and over,47.13,
2025,Alberta,Health care and social assistance  ,Women ,55 years and over,35.77,
2025,Alberta,"Information, culture and recreation  ",Men ,55 years and over,35.96,
2025,Alberta,"Information, culture and recreation  ",Women ,55 years and over,25.98,
2025,Alberta,Manufacturing  ,Men ,55 years and over,39.2,
2025,Alberta,Manufacturing  ,Women ,55 years and over,34.64,
2025,Alberta,Other services (except public administration)  ,Men ,55 years and over,40.02,
2025,Alberta,Other services (except public administration)  ,Women ,55 years and over,28.87,
2025,Alberta,"Professional, scientific and technical services  ",Men ,55 years and over,61.76,
2025,Alberta,"Professional, scientific and technical services  ",Women ,55 years and over,43.88,
2025,Alberta,Public administration  ,Men ,55 years and over,54.66,
2025,Alberta,Public administration  ,Women ,55 years and over,44.64,
2025,Alberta,Transportation and warehousing  ,Men ,55 years and over,37.81,
2025,Alberta,Transportation and warehousing  ,Women ,55 years and over,30.82,
2025,Alberta,Utilities  ,Men ,55 years and over,65.6,
2025,Alberta,Utilities  ,Women ,55 years and over,,
2025,Alberta,Wholesale and retail trade  ,Men ,55 years and over,34.25,
2025,Alberta,Wholesale and retail trade  ,Women ,55 years and over,25.61,
2025,British Columbia,Accommodation and food services  ,Men ,15 to 24 years,19.68,
2025,British Columbia,Accommodation and food services  ,Women ,15 to 24 years,20.34,
2025,British Columbia,Agriculture  ,Men ,15 to 24 years,23.36,
2025,British Columbia,Agriculture  ,Women ,15 to 24 years,,
2025,British Columbia,"Business, building and other support services  ",Men ,15 to 24 years,21.54,
2025,British Columbia,"Business, building and other support services  ",Women ,15 to 24 years,21.45,
2025,British Columbia,Construction  ,Men ,15 to 24 years,27.08,
2025,British Columbia,Construction  ,Women ,15 to 24 years,29.37,
2025,British Columbia,Educational services  ,Men ,15 to 24 years,25.14,
2025,British Columbia,Educational services  ,Women ,15 to 24 years,24.09,
2025,British Columbia,"Finance, insurance, real estate, rental and leasing  ",Men ,15 to 24 years,28.43,
2025,British Columbia,"Finance, insurance, real estate, rental and leasing  ",Women ,15 to 24 years,24.78,
2025,British Columbia,"Forestry, fishing, mining, quarrying, oil and gas  ",Men ,15 to 24 years,30.6,
2025,British Columbia,"Forestry, fishing, mining, quarrying, oil and gas  ",Women ,15 to 24 years,,
2025,British Columbia,Health care and social assistance  ,Men ,15 to 24 years,24.53,
2025,British Columbia,Health care and social assistance  ,Women ,15 to 24 years,27.19,
2025,British Columbia,"Information, culture and recreation  ",Men ,15 to 24 years,22.55,
2025,British Columbia,"Information, culture and recreation  ",Women ,15 to 24 years,21.21,
2025,British Columbia,Manufacturing  ,Men ,15 to 24 years,26.57,
2025,British Columbia,Manufacturing  ,Women ,15 to 24 years,24.55,
2025,British Columbia,Other services (except public administration)  ,Men ,15 to 24 years,23.54,
2025,British Columbia,Other services (except public administration)  ,Women ,15 to 24 years,21.14,
2025,British Columbia,"Professional, scientific and technical services  ",Men ,15 to 24 years,30.16,
2025,British Columbia,"Professional, scientific and technical services  ",Women ,15 to 24 years,23.74,
2025,British Columbia,Public administration  ,Men ,15 to 24 years,31.43,
2025,British Columbia,Public administration  ,Women ,15 to 24 years,32.81,
2025,British Columbia,Transportation and warehousing  ,Men ,15 to 24 years,26.83,
2025,British Columbia,Transportation and warehousing  ,Women ,15 to 24 years,22.36,
2025,British Columbia,Utilities  ,Men ,15 to 24 years,,
2025,British Columbia,Utilities  ,Women ,15 to 24 years,,
2025,British Columbia,Wholesale and retail trade  ,Men ,15 to 24 years,20.19,
2025,British Columbia,Wholesale and retail trade  ,Women ,15 to 24 years,19.29,
2025,British Columbia,Accommodation and food services  ,Men ,25 to 54 years,27.37,
2025,British Columbia,Accommodation and food services  ,Women ,25 to 54 years,23.85,
2025,British Columbia,Agriculture  ,Men ,25 to 54 years,30.29,
2025,British Columbia,Agriculture  ,Women ,25 to 54 years,33.95,
2025,British Columbia,"Business, building and other support services  ",Men ,25 to 54 years,31.7,
2025,British Columbia,"Business, building and other support services  ",Women ,25 to 54 years,34.54,
2025,British Columbia,Construction  ,Men ,25 to 54 years,42.63,
2025,British Columbia,Construction  ,Women ,25 to 54 years,38.98,
2025,British Columbia,Educational services  ,Men ,25 to 54 years,46.51,
2025,British Columbia,Educational services  ,Women ,25 to 54 years,42.83,
2025,British Columbia,"Finance, insurance, real estate, rental and leasing  ",Men ,25 to 54 years,52.3,
2025,British Columbia,"Finance, insurance, real estate, rental and leasing  ",Women ,25 to 54 years,39.57,
2025,British Columbia,"Forestry, fishing, mining, quarrying, oil and gas  ",Men ,25 to 54 years,49.97,
2025,British Columbia,"Forestry, fishing, mining, quarrying, oil and gas  ",Women ,25 to 54 years,48.28,
2025,British Columbia,Health care and social assistance  ,Men ,25 to 54 years,42.53,
2025,British Columbia,Health care and social assistance  ,Women ,25 to 54 years,38.64,
2025,British Columbia,"Information, culture and recreation  ",Men ,25 to 54 years,45.31,
2025,British Columbia,"Information, culture and recreation  ",Women ,25 to 54 years,37.37,
2025,British Columbia,Manufacturing  ,Men ,25 to 54 years,41.1,
2025,British Columbia,Manufacturing  ,Women ,25 to 54 years,33.45,
2025,British Columbia,Other services (except public administration)  ,Men ,25 to 54 years,38.17,
2025,British Columbia,Other services (except public administration)  ,Women ,25 to 54 years,32.91,
2025,British Columbia,"Professional, scientific and technical services  ",Men ,25 to 54 years,56.59,
2025,British Columbia,"Professional, scientific and technical services  ",Women ,25 to 54 years,45.02,
2025,British Columbia,Public administration  ,Men ,25 to 54 years,51.63,
2025,British Columbia,Public administration  ,Women ,25 to 54 years,45.48,
2025,British Columbia,Transportation and warehousing  ,Men ,25 to 54 years,41.4,
2025,British Columbia,Transportation and warehousing  ,Women ,25 to 54 years,32.54,
2025,British Columbia,Utilities  ,Men ,25 to 54 years,53.47,
2025,British Columbia,Utilities  ,Women ,25 to 54 years,44.51,
2025,British Columbia,Wholesale and retail trade  ,Men ,25 to 54 years,34.59,
2025,British Columbia,Wholesale and retail trade  ,Women ,25 to 54 years,28.03,
2025,British Columbia,Accommodation and food services  ,Men ,55 years and over,25.44,
2025,British Columbia,Accommodation and food services  ,Women ,55 years and over,22.12,
2025,British Columbia,Agriculture  ,Men ,55 years and over,28.03,
2025,British Columbia,Agriculture  ,Women ,55 years and over,,
2025,British Columbia,"Business, building and other support services  ",Men ,55 years and over,29,
2025,British Columbia,"Business, building and other support services  ",Women ,55 years and over,29.16,
2025,British Columbia,Construction  ,Men ,55 years and over,45.61,
2025,British Columbia,Construction  ,Women ,55 years and over,46.47,
2025,British Columbia,Educational services  ,Men ,55 years and over,58.99,
2025,British Columbia,Educational services  ,Women ,55 years and over,42.56,
2025,British Columbia,"Finance, insurance, real estate, rental and leasing  ",Men ,55 years and over,46.63,
2025,British Columbia,"Finance, insurance, real estate, rental and leasing  ",Women ,55 years and over,41.22,
2025,British Columbia,"Forestry, fishing, mining, quarrying, oil and gas  ",Men ,55 years and over,53.7,
2025,British Columbia,"Forestry, fishing, mining, quarrying, oil and gas  ",Women ,55 years and over,,
2025,British Columbia,Health care and social assistance  ,Men ,55 years and over,42.59,
2025,British Columbia,Health care and social assistance  ,Women ,55 years and over,37.84,
2025,British Columbia,"Information, culture and recreation  ",Men ,55 years and over,38.52,
2025,British Columbia,"Information, culture and recreation  ",Women ,55 years and over,33.66,
2025,British Columbia,Manufacturing  ,Men ,55 years and over,40.52,
2025,British Columbia,Manufacturing  ,Women ,55 years and over,30.02,
2025,British Columbia,Other services (except public administration)  ,Men ,55 years and over,38.02,
2025,British Columbia,Other services (except public administration)  ,Women ,55 years and over,32.77,
2025,British Columbia,"Professional, scientific and technical services  ",Men ,55 years and over,54.58,
2025,British Columbia,"Professional, scientific and technical services  ",Women ,55 years and over,46.46,
2025,British Columbia,Public administration  ,Men ,55 years and over,53.11,
2025,British Columbia,Public administration  ,Women ,55 years and over,51.87,
2025,British Columbia,Transportation and warehousing  ,Men ,55 years and over,41.27,
2025,British Columbia,Transportation and warehousing  ,Women ,55 years and over,37.24,
2025,British Columbia,Utilities  ,Men ,55 years and over,62.72,
2025,British Columbia,Utilities  ,Women ,55 years and over,,
2025,British Columbia,Wholesale and retail trade  ,Men ,55 years and over,34.26,
2025,British Columbia,Wholesale and retail trade  ,Women ,55 years and over,26.04,
2025,Manitoba,Accommodation and food services  ,Men ,15 to 24 years,17.46,
2025,Manitoba,Accommodation and food services  ,Women ,15 to 24 years,17.24,
2025,Manitoba,Agriculture  ,Men ,15 to 24 years,19.95,
2025,Manitoba,Agriculture  ,Women ,15 to 24 years,17.33,
2025,Manitoba,"Business, building and other support services  ",Men ,15 to 24 years,17.86,
2025,Manitoba,"Business, building and other support services  ",Women ,15 to 24 years,18.12,
2025,Manitoba,Construction  ,Men ,15 to 24 years,23.63,
2025,Manitoba,Construction  ,Women ,15 to 24 years,22.03,
2025,Manitoba,Educational services  ,Men ,15 to 24 years,23.72,
2025,Manitoba,Educational services  ,Women ,15 to 24 years,19.5,
2025,Manitoba,"Finance, insurance, real estate, rental and leasing  ",Men ,15 to 24 years,24.28,
2025,Manitoba,"Finance, insurance, real estate, rental and leasing  ",Women ,15 to 24 years,22.09,
2025,Manitoba,"Forestry, fishing, mining, quarrying, oil and gas  ",Men ,15 to 24 years,,
2025,Manitoba,"Forestry, fishing, mining, quarrying, oil and gas  ",Women ,15 to 24 years,,
2025,Manitoba,Health care and social assistance  ,Men ,15 to 24 years,20.76,
2025,Manitoba,Health care and social assistance  ,Women ,15 to 24 years,23.77,
2025,Manitoba,"Information, culture and recreation  ",Men ,15 to 24 years,18.56,
2025,Manitoba,"Information, culture and recreation  ",Women ,15 to 24 years,17.97,
2025,Manitoba,Manufacturing  ,Men ,15 to 24 years,23.78,
2025,Manitoba,Manufacturing  ,Women ,15 to 24 years,19.89,
2025,Manitoba,Other services (except public administration)  ,Men ,15 to 24 years,22.76,
2025,Manitoba,Other services (except public administration)  ,Women ,15 to 24 years,19.17,
2025,Manitoba,"Professional, scientific and technical services  ",Men ,15 to 24 years,20.85,
2025,Manitoba,"Professional, scientific and technical services  ",Women ,15 to 24 years,21.23,
2025,Manitoba,Public administration  ,Men ,15 to 24 years,26.21,
2025,Manitoba,Public administration  ,Women ,15 to 24 years,22.93,
2025,Manitoba,Transportation and warehousing  ,Men ,15 to 24 years,25.58,
2025,Manitoba,Transportation and warehousing  ,Women ,15 to 24 years,24.14,
2025,Manitoba,Utilities  ,Men ,15 to 24 years,23.6,
2025,Manitoba,Utilities  ,Women ,15 to 24 years,,
2025,Manitoba,Wholesale and retail trade  ,Men ,15 to 24 years,18.96,
2025,Manitoba,Wholesale and retail trade  ,Women ,15 to 24 years,17.39,
2025,Manitoba,Accommodation and food services  ,Men ,25 to 54 years,20.84,
2025,Manitoba,Accommodation and food services  ,Women ,25 to 54 years,19.13,
2025,Manitoba,Agriculture  ,Men ,25 to 54 years,29.56,
2025,Manitoba,Agriculture  ,Women ,25 to 54 years,25.91,
2025,Manitoba,"Business, building and other support services  ",Men ,25 to 54 years,27.22,
2025,Manitoba,"Business, building and other support services  ",Women ,25 to 54 years,24.68,
2025,Manitoba,Construction  ,Men ,25 to 54 years,36.55,
2025,Manitoba,Construction  ,Women ,25 to 54 years,29.63,
2025,Manitoba,Educational services  ,Men ,25 to 54 years,41.01,
2025,Manitoba,Educational services  ,Women ,25 to 54 years,37.94,
2025,Manitoba,"Finance, insurance, real estate, rental and leasing  ",Men ,25 to 54 years,42.38,
2025,Manitoba,"Finance, insurance, real estate, rental and leasing  ",Women ,25 to 54 years,33.62,
2025,Manitoba,"Forestry, fishing, mining, quarrying, oil and gas  ",Men ,25 to 54 years,44.42,
2025,Manitoba,"Forestry, fishing, mining, quarrying, oil and gas  ",Women ,25 to 54 years,,
2025,Manitoba,Health care and social assistance  ,Men ,25 to 54 years,33.14,
2025,Manitoba,Health care and social assistance  ,Women ,25 to 54 years,32.72,
2025,Manitoba,"Information, culture and recreation  ",Men ,25 to 54 years,32.04,
2025,Manitoba,"Information, culture and recreation  ",Women ,25 to 54 years,31.03,
2025,Manitoba,Manufacturing  ,Men ,25 to 54 years,30.9,
2025,Manitoba,Manufacturing  ,Women ,25 to 54 years,28.31,
2025,Manitoba,Other services (except public administration)  ,Men ,25 to 54 years,32.36,
2025,Manitoba,Other services (except public administration)  ,Women ,25 to 54 years,26.64,
2025,Manitoba,"Professional, scientific and technical services  ",Men ,25 to 54 years,46.23,
2025,Manitoba,"Professional, scientific and technical services  ",Women ,25 to 54 years,34.43,
2025,Manitoba,Public administration  ,Men ,25 to 54 years,44.72,
2025,Manitoba,Public administration  ,Women ,25 to 54 years,39.59,
2025,Manitoba,Transportation and warehousing  ,Men ,25 to 54 years,34.73,
2025,Manitoba,Transportation and warehousing  ,Women ,25 to 54 years,32.38,
2025,Manitoba,Utilities  ,Men ,25 to 54 years,45.16,
2025,Manitoba,Utilities  ,Women ,25 to 54 years,43.46,
2025,Manitoba,Wholesale and retail trade  ,Men ,25 to 54 years,31.5,
2025,Manitoba,Wholesale and retail trade  ,Women ,25 to 54 years,25.08,
2025,Manitoba,Accommodation and food services  ,Men ,55 years and over,23.34,
2025,Manitoba,Accommodation and food services  ,Women ,55 years and over,20.64,
2025,Manitoba,Agriculture  ,Men ,55 years and over,29.29,
2025,Manitoba,Agriculture  ,Women ,55 years and over,21.94,
2025,Manitoba,"Business, building and other support services  ",Men ,55 years and over,25.88,
2025,Manitoba,"Business, building and other support services  ",Women ,55 years and over,23.72,
2025,Manitoba,Construction  ,Men ,55 years and over,34.33,
2025,Manitoba,Construction  ,Women ,55 years and over,34.86,
2025,Manitoba,Educational services  ,Men ,55 years and over,40.96,
2025,Manitoba,Educational services  ,Women ,55 years and over,36.89,
2025,Manitoba,"Finance, insurance, real estate, rental and leasing  ",Men ,55 years and over,46,
2025,Manitoba,"Finance, insurance, real estate, rental and leasing  ",Women ,55 years and over,37.68,
2025,Manitoba,"Forestry, fishing, mining, quarrying, oil and gas  ",Men ,55 years and over,50.93,
2025,Manitoba,"Forestry, fishing, mining, quarrying, oil and gas  ",Women ,55 years and over,,
2025,Manitoba,Health care and social assistance  ,Men ,55 years and over,32.68,
2025,Manitoba,Health care and social assistance  ,Women ,55 years and over,34.12,
2025,Manitoba,"Information, culture and recreation  ",Men ,55 years and over,33.03,
2025,Manitoba,"Information, culture and recreation  ",Women ,55 years and over,29.31,
2025,Manitoba,Manufacturing  ,Men ,55 years and over,32.36,
2025,Manitoba,Manufacturing  ,Women ,55 years and over,27.54,
2025,Manitoba,Other services (except public administration)  ,Men ,55 years and over,42.93,
2025,Manitoba,Other services (except public administration)  ,Women ,55 years and over,30.04,
2025,Manitoba,"Professional, scientific and technical services  ",Men ,55 years and over,52.88,
2025,Manitoba,"Professional, scientific and technical services  ",Women ,55 years and over,32.67,
2025,Manitoba,Public administration  ,Men ,55 years and over,50.82,
2025,Manitoba,Public administration  ,Women ,55 years and over,41.38,
2025,Manitoba,Transportation and warehousing  ,Men ,55 years and over,30.28,
2025,Manitoba,Transportation and warehousing  ,Women ,55 years and over,32.23,
2025,Manitoba,Utilities  ,Men ,55 years and over,50.57,
2025,Manitoba,Utilities  ,Women ,55 years and over,,
2025,Manitoba,Wholesale and retail trade  ,Men ,55 years and over,29.73,
2025,Manitoba,Wholesale and retail trade  ,Women ,55 years and over,24.14,
2025,New Brunswick,Accommodation and food services  ,Men ,15 to 24 years,16.81,
2025,New Brunswick,Accommodation and food services  ,Women ,15 to 24 years,17.62,
2025,New Brunswick,Agriculture  ,Men ,15 to 24 years,,
2025,New Brunswick,Agriculture  ,Women ,15 to 24 years,,
2025,New Brunswick,"Business, building and other support services  ",Men ,15 to 24 years,18.68,
2025,New Brunswick,"Business, building and other support services  ",Women ,15 to 24 years,,
2025,New Brunswick,Construction  ,Men ,15 to 24 years,21.99,
2025,New Brunswick,Construction  ,Women ,15 to 24 years,,
2025,New Brunswick,Educational services  ,Men ,15 to 24 years,22.64,
2025,New Brunswick,Educational services  ,Women ,15 to 24 years,23.01,
2025,New Brunswick,"Finance, insurance, real estate, rental and leasing  ",Men ,15 to 24 years,23.69,
2025,New Brunswick,"Finance, insurance, real estate, rental and leasing  ",Women ,15 to 24 years,,
2025,New Brunswick,"Forestry, fishing, mining, quarrying, oil and gas  ",Men ,15 to 24 years,24.46,
2025,New Brunswick,"Forestry, fishing, mining, quarrying, oil and gas  ",Women ,15 to 24 years,,
2025,New Brunswick,Health care and social assistance  ,Men ,15 to 24 years,23.16,
2025,New Brunswick,Health care and social assistance  ,Women ,15 to 24 years,24.66,
2025,New Brunswick,"Information, culture and recreation  ",Men ,15 to 24 years,18.42,
2025,New Brunswick,"Information, culture and recreation  ",Women ,15 to 24 years,17.13,
2025,New Brunswick,Manufacturing  ,Men ,15 to 24 years,22.76,
2025,New Brunswick,Manufacturing  ,Women ,15 to 24 years,22.3,
2025,New Brunswick,Other services (except public administration)  ,Men ,15 to 24 years,,
2025,New Brunswick,Other services (except public administration)  ,Women ,15 to 24 years,20.04,
2025,New Brunswick,"Professional, scientific and technical services  ",Men ,15 to 24 years,25.45,
2025,New Brunswick,"Professional, scientific and technical services  ",Women ,15 to 24 years,20.77,
2025,New Brunswick,Public administration  ,Men ,15 to 24 years,29.84,
2025,New Brunswick,Public administration  ,Women ,15 to 24 years,27.91,
2025,New Brunswick,Transportation and warehousing  ,Men ,15 to 24 years,24.31,
2025,New Brunswick,Transportation and warehousing  ,Women ,15 to 24 years,,
2025,New Brunswick,Utilities  ,Men ,15 to 24 years,,
2025,New Brunswick,Utilities  ,Women ,15 to 24 years,,
2025,New Brunswick,Wholesale and retail trade  ,Men ,15 to 24 years,18.99,
2025,New Brunswick,Wholesale and retail trade  ,Women ,15 to 24 years,16.32,
2025,New Brunswick,Accommodation and food services  ,Men ,25 to 54 years,19.25,
2025,New Brunswick,Accommodation and food services  ,Women ,25 to 54 years,19.73,
2025,New Brunswick,Agriculture  ,Men ,25 to 54 years,25.17,
2025,New Brunswick,Agriculture  ,Women ,25 to 54 years,26.67,
2025,New Brunswick,"Business, building and other support services  ",Men ,25 to 54 years,26.51,
2025,New Brunswick,"Business, building and other support services  ",Women ,25 to 54 years,26.19,
2025,New Brunswick,Construction  ,Men ,25 to 54 years,33.74,
2025,New Brunswick,Construction  ,Women ,25 to 54 years,31.23,
2025,New Brunswick,Educational services  ,Men ,25 to 54 years,36.89,
2025,New Brunswick,Educational services  ,Women ,25 to 54 years,36.52,
2025,New Brunswick,"Finance, insurance, real estate, rental and leasing  ",Men ,25 to 54 years,38.16,
2025,New Brunswick,"Finance, insurance, real estate, rental and leasing  ",Women ,25 to 54 years,32.57,
2025,New Brunswick,"Forestry, fishing, mining, quarrying, oil and gas  ",Men ,25 to 54 years,40.42,
2025,New Brunswick,"Forestry, fishing, mining, quarrying, oil and gas  ",Women ,25 to 54 years,38.58,
2025,New Brunswick,Health care and social assistance  ,Men ,25 to 54 years,33.77,
2025,New Brunswick,Health care and social assistance  ,Women ,25 to 54 years,33.93,
2025,New Brunswick,"Information, culture and recreation  ",Men ,25 to 54 years,38.39,
2025,New Brunswick,"Information, culture and recreation  ",Women ,25 to 54 years,31.47,
2025,New Brunswick,Manufacturing  ,Men ,25 to 54 years,32.93,
2025,New Brunswick,Manufacturing  ,Women ,25 to 54 years,30.04,
2025,New Brunswick,Other services (except public administration)  ,Men ,25 to 54 years,28.83,
2025,New Brunswick,Other services (except public administration)  ,Women ,25 to 54 years,27.65,
2025,New Brunswick,"Professional, scientific and technical services  ",Men ,25 to 54 years,44.43,
2025,New Brunswick,"Professional, scientific and technical services  ",Women ,25 to 54 years,36.82,
2025,New Brunswick,Public administration  ,Men ,25 to 54 years,43.44,
2025,New Brunswick,Public administration  ,Women ,25 to 54 years,41.99,
2025,New Brunswick,Transportation and warehousing  ,Men ,25 to 54 years,32.93,
2025,New Brunswick,Transportation and warehousing  ,Women ,25 to 54 years,30.98,
2025,New Brunswick,Utilities  ,Men ,25 to 54 years,46.49,
2025,New Brunswick,Utilities  ,Women ,25 to 54 years,41.99,
2025,New Brunswick,Wholesale and retail trade  ,Men ,25 to 54 years,27.59,
2025,New Brunswick,Wholesale and retail trade  ,Women ,25 to 54 years,25.17,
2025,New Brunswick,Accommodation and food services  ,Men ,55 years and over,19.57,
2025,New Brunswick,Accommodation and food services  ,Women ,55 years and over,19.34,
2025,New Brunswick,Agriculture  ,Men ,55 years and over,22.37,
2025,New Brunswick,Agriculture  ,Women ,55 years and over,,
2025,New Brunswick,"Business, building and other support services  ",Men ,55 years and over,26.78,
2025,New Brunswick,"Business, building and other support services  ",Women ,55 years and over,28.88,
2025,New Brunswick,Construction  ,Men ,55 years and over,33.7,
2025,New Brunswick,Construction  ,Women ,55 years and over,24.35,
2025,New Brunswick,Educational services  ,Men ,55 years and over,36.2,
2025,New Brunswick,Educational services  ,Women ,55 years and over,33.75,
2025,New Brunswick,"Finance, insurance, real estate, rental and leasing  ",Men ,55 years and over,36.57,
2025,New Brunswick,"Finance, insurance, real estate, rental and leasing  ",Women ,55 years and over,28.64,
2025,New Brunswick,"Forestry, fishing, mining, quarrying, oil and gas  ",Men ,55 years and over,29.26,
2025,New Brunswick,"Forestry, fishing, mining, quarrying, oil and gas  ",Women ,55 years and over,,
2025,New Brunswick,Health care and social assistance  ,Men ,55 years and over,37.5,
2025,New Brunswick,Health care and social assistance  ,Women ,55 years and over,30.84,
2025,New Brunswick,"Information, culture and recreation  ",Men ,55 years and over,35.45,
2025,New Brunswick,"Information, culture and recreation  ",Women ,55 years and over,24.68,
2025,New Brunswick,Manufacturing  ,Men ,55 years and over,29.35,
2025,New Brunswick,Manufacturing  ,Women ,55 years and over,23.76,
2025,New Brunswick,Other services (except public administration)  ,Men ,55 years and over,29.4,
2025,New Brunswick,Other services (except public administration)  ,Women ,55 years and over,30.36,
2025,New Brunswick,"Professional, scientific and technical services  ",Men ,55 years and over,42.95,
2025,New Brunswick,"Professional, scientific and technical services  ",Women ,55 years and over,33.46,
2025,New Brunswick,Public administration  ,Men ,55 years and over,42.69,
2025,New Brunswick,Public administration  ,Women ,55 years and over,37.65,
2025,New Brunswick,Transportation and warehousing  ,Men ,55 years and over,28.19,
2025,New Brunswick,Transportation and warehousing  ,Women ,55 years and over,24.61,
2025,New Brunswick,Utilities  ,Men ,55 years and over,53.32,
2025,New Brunswick,Utilities  ,Women ,55 years and over,,
2025,New Brunswick,Wholesale and retail trade  ,Men ,55 years and over,25.15,
2025,New Brunswick,Wholesale and retail trade  ,Women ,55 years and over,20.39,
2025,Newfoundland and Labrador,Accommodation and food services  ,Men ,15 to 24 years,17.28,
2025,Newfoundland and Labrador,Accommodation and food services  ,Women ,15 to 24 years,17.19,
2025,Newfoundland and Labrador,Agriculture  ,Men ,15 to 24 years,,
2025,Newfoundland and Labrador,Agriculture  ,Women ,15 to 24 years,,
2025,Newfoundland and Labrador,"Business, building and other support services  ",Men ,15 to 24 years,21.43,
2025,Newfoundland and Labrador,"Business, building and other support services  ",Women ,15 to 24 years,,
2025,Newfoundland and Labrador,Construction  ,Men ,15 to 24 years,24.64,
2025,Newfoundland and Labrador,Construction  ,Women ,15 to 24 years,,
2025,Newfoundland and Labrador,Educational services  ,Men ,15 to 24 years,23.68,
2025,Newfoundland and Labrador,Educational services  ,Women ,15 to 24 years,21.05,
2025,Newfoundland and Labrador,"Finance, insurance, real estate, rental and leasing  ",Men ,15 to 24 years,,
2025,Newfoundland and Labrador,"Finance, insurance, real estate, rental and leasing  ",Women ,15 to 24 years,,
2025,Newfoundland and Labrador,"Forestry, fishing, mining, quarrying, oil and gas  ",Men ,15 to 24 years,33.46,
2025,Newfoundland and Labrador,"Forestry, fishing, mining, quarrying, oil and gas  ",Women ,15 to 24 years,,
2025,Newfoundland and Labrador,Health care and social assistance  ,Men ,15 to 24 years,24.4,
2025,Newfoundland and Labrador,Health care and social assistance  ,Women ,15 to 24 years,24.86,
2025,Newfoundland and Labrador,"Information, culture and recreation  ",Men ,15 to 24 years,20.57,
2025,Newfoundland and Labrador,"Information, culture and recreation  ",Women ,15 to 24 years,19.06,
2025,Newfoundland and Labrador,Manufacturing  ,Men ,15 to 24 years,24.18,
2025,Newfoundland and Labrador,Manufacturing  ,Women ,15 to 24 years,,
2025,Newfoundland and Labrador,Other services (except public administration)  ,Men ,15 to 24 years,24.03,
2025,Newfoundland and Labrador,Other services (except public administration)  ,Women ,15 to 24 years,,
2025,Newfoundland and Labrador,"Professional, scientific and technical services  ",Men ,15 to 24 years,29.54,
2025,Newfoundland and Labrador,"Professional, scientific and technical services  ",Women ,15 to 24 years,,
2025,Newfoundland and Labrador,Public administration  ,Men ,15 to 24 years,23.67,
2025,Newfoundland and Labrador,Public administration  ,Women ,15 to 24 years,,
2025,Newfoundland and Labrador,Transportation and warehousing  ,Men ,15 to 24 years,23.36,
2025,Newfoundland and Labrador,Transportation and warehousing  ,Women ,15 to 24 years,,
2025,Newfoundland and Labrador,Utilities  ,Men ,15 to 24 years,,
2025,Newfoundland and Labrador,Utilities  ,Women ,15 to 24 years,,
2025,Newfoundland and Labrador,Wholesale and retail trade  ,Men ,15 to 24 years,18.61,
2025,Newfoundland and Labrador,Wholesale and retail trade  ,Women ,15 to 24 years,16.97,
2025,Newfoundland and Labrador,Accommodation and food services  ,Men ,25 to 54 years,20.66,
2025,Newfoundland and Labrador,Accommodation and food services  ,Women ,25 to 54 years,19.93,
2025,Newfoundland and Labrador,Agriculture  ,Men ,25 to 54 years,,
2025,Newfoundland and Labrador,Agriculture  ,Women ,25 to 54 years,,
2025,Newfoundland and Labrador,"Business, building and other support services  ",Men ,25 to 54 years,26.64,
2025,Newfoundland and Labrador,"Business, building and other support services  ",Women ,25 to 54 years,25.72,
2025,Newfoundland and Labrador,Construction  ,Men ,25 to 54 years,35.71,
2025,Newfoundland and Labrador,Construction  ,Women ,25 to 54 years,30.55,
2025,Newfoundland and Labrador,Educational services  ,Men ,25 to 54 years,41.2,
2025,Newfoundland and Labrador,Educational services  ,Women ,25 to 54 years,43.39,
2025,Newfoundland and Labrador,"Finance, insurance, real estate, rental and leasing  ",Men ,25 to 54 years,40.44,
2025,Newfoundland and Labrador,"Finance, insurance, real estate, rental and leasing  ",Women ,25 to 54 years,35.14,
2025,Newfoundland and Labrador,"Forestry, fishing, mining, quarrying, oil and gas  ",Men ,25 to 54 years,52.91,
2025,Newfoundland and Labrador,"Forestry, fishing, mining, quarrying, oil and gas  ",Women ,25 to 54 years,48.42,
2025,Newfoundland and Labrador,Health care and social assistance  ,Men ,25 to 54 years,33.36,
2025,Newfoundland and Labrador,Health care and social assistance  ,Women ,25 to 54 years,34.64,
2025,Newfoundland and Labrador,"Information, culture and recreation  ",Men ,25 to 54 years,38.41,
2025,Newfoundland and Labrador,"Information, culture and recreation  ",Women ,25 to 54 years,30.14,
2025,Newfoundland and Labrador,Manufacturing  ,Men ,25 to 54 years,33.31,
2025,Newfoundland and Labrador,Manufacturing  ,Women ,25 to 54 years,31.82,
2025,Newfoundland and Labrador,Other services (except public administration)  ,Men ,25 to 54 years,30.95,
2025,Newfoundland and Labrador,Other services (except public administration)  ,Women ,25 to 54 years,29.86,
2025,Newfoundland and Labrador,"Professional, scientific and technical services  ",Men ,25 to 54 years,45.64,
2025,Newfoundland and Labrador,"Professional, scientific and technical services  ",Women ,25 to 54 years,40.74,
2025,Newfoundland and Labrador,Public administration  ,Men ,25 to 54 years,43.84,
2025,Newfoundland and Labrador,Public administration  ,Women ,25 to 54 years,40.22,
2025,Newfoundland and Labrador,Transportation and warehousing  ,Men ,25 to 54 years,36.56,
2025,Newfoundland and Labrador,Transportation and warehousing  ,Women ,25 to 54 years,34.69,
2025,Newfoundland and Labrador,Utilities  ,Men ,25 to 54 years,49.72,
2025,Newfoundland and Labrador,Utilities  ,Women ,25 to 54 years,57.11,
2025,Newfoundland and Labrador,Wholesale and retail trade  ,Men ,25 to 54 years,27.73,
2025,Newfoundland and Labrador,Wholesale and retail trade  ,Women ,25 to 54 years,24.61,
2025,Newfoundland and Labrador,Accommodation and food services  ,Men ,55 years and over,28.91,
2025,Newfoundland and Labrador,Accommodation and food services  ,Women ,55 years and over,18.73,
2025,Newfoundland and Labrador,Agriculture  ,Men ,55 years and over,,
2025,Newfoundland and Labrador,Agriculture  ,Women ,55 years and over,,
2025,Newfoundland and Labrador,"Business, building and other support services  ",Men ,55 years and over,26.07,
2025,Newfoundland and Labrador,"Business, building and other support services  ",Women ,55 years and over,,
2025,Newfoundland and Labrador,Construction  ,Men ,55 years and over,34.01,
2025,Newfoundland and Labrador,Construction  ,Women ,55 years and over,26.37,
2025,Newfoundland and Labrador,Educational services  ,Men ,55 years and over,48.98,
2025,Newfoundland and Labrador,Educational services  ,Women ,55 years and over,40.92,
2025,Newfoundland and Labrador,"Finance, insurance, real estate, rental and leasing  ",Men ,55 years and over,35.09,
2025,Newfoundland and Labrador,"Finance, insurance, real estate, rental and leasing  ",Women ,55 years and over,34.61,
2025,Newfoundland and Labrador,"Forestry, fishing, mining, quarrying, oil and gas  ",Men ,55 years and over,43.27,
2025,Newfoundland and Labrador,"Forestry, fishing, mining, quarrying, oil and gas  ",Women ,55 years and over,37.36,
2025,Newfoundland and Labrador,Health care and social assistance  ,Men ,55 years and over,31.69,
2025,Newfoundland and Labrador,Health care and social assistance  ,Women ,55 years and over,27.87,
2025,Newfoundland and Labrador,"Information, culture and recreation  ",Men ,55 years and over,35.55,
2025,Newfoundland and Labrador,"Information, culture and recreation  ",Women ,55 years and over,22.04,
2025,Newfoundland and Labrador,Manufacturing  ,Men ,55 years and over,32.89,
2025,Newfoundland and Labrador,Manufacturing  ,Women ,55 years and over,19.63,
2025,Newfoundland and Labrador,Other services (except public administration)  ,Men ,55 years and over,31.32,
2025,Newfoundland and Labrador,Other services (except public administration)  ,Women ,55 years and over,24.82,
2025,Newfoundland and Labrador,"Professional, scientific and technical services  ",Men ,55 years and over,56.09,
2025,Newfoundland and Labrador,"Professional, scientific and technical services  ",Women ,55 years and over,50.35,
2025,Newfoundland and Labrador,Public administration  ,Men ,55 years and over,44.58,
2025,Newfoundland and Labrador,Public administration  ,Women ,55 years and over,39.31,
2025,Newfoundland and Labrador,Transportation and warehousing  ,Men ,55 years and over,35.16,
2025,Newfoundland and Labrador,Transportation and warehousing  ,Women ,55 years and over,26.43,
2025,Newfoundland and Labrador,Utilities  ,Men ,55 years and over,,
2025,Newfoundland and Labrador,Utilities  ,Women ,55 years and over,,
2025,Newfoundland and Labrador,Wholesale and retail trade  ,Men ,55 years and over,29.98,
2025,Newfoundland and Labrador,Wholesale and retail trade  ,Women ,55 years and over,20.76,
2025,Nova Scotia,Accommodation and food services  ,Men ,15 to 24 years,16.56,
2025,Nova Scotia,Accommodation and food services  ,Women ,15 to 24 years,17.72,
2025,Nova Scotia,Agriculture  ,Men ,15 to 24 years,,
2025,Nova Scotia,Agriculture  ,Women ,15 to 24 years,,
2025,Nova Scotia,"Business, building and other support services  ",Men ,15 to 24 years,20.51,
2025,Nova Scotia,"Business, building and other support services  ",Women ,15 to 24 years,20.12,
2025,Nova Scotia,Construction  ,Men ,15 to 24 years,22.43,
2025,Nova Scotia,Construction  ,Women ,15 to 24 years,20.79,
2025,Nova Scotia,Educational services  ,Men ,15 to 24 years,22.67,
2025,Nova Scotia,Educational services  ,Women ,15 to 24 years,20.58,
2025,Nova Scotia,"Finance, insurance, real estate, rental and leasing  ",Men ,15 to 24 years,19.95,
2025,Nova Scotia,"Finance, insurance, real estate, rental and leasing  ",Women ,15 to 24 years,25.17,
2025,Nova Scotia,"Forestry, fishing, mining, quarrying, oil and gas  ",Men ,15 to 24 years,24.3,
2025,Nova Scotia,"Forestry, fishing, mining, quarrying, oil and gas  ",Women ,15 to 24 years,,
2025,Nova Scotia,Health care and social assistance  ,Men ,15 to 24 years,21.88,
2025,Nova Scotia,Health care and social assistance  ,Women ,15 to 24 years,24.3,
2025,Nova Scotia,"Information, culture and recreation  ",Men ,15 to 24 years,20.41,
2025,Nova Scotia,"Information, culture and recreation  ",Women ,15 to 24 years,17.86,
2025,Nova Scotia,Manufacturing  ,Men ,15 to 24 years,23.35,
2025,Nova Scotia,Manufacturing  ,Women ,15 to 24 years,,
2025,Nova Scotia,Other services (except public administration)  ,Men ,15 to 24 years,19.93,
2025,Nova Scotia,Other services (except public administration)  ,Women ,15 to 24 years,18.02,
2025,Nova Scotia,"Professional, scientific and technical services  ",Men ,15 to 24 years,25.74,
2025,Nova Scotia,"Professional, scientific and technical services  ",Women ,15 to 24 years,23.33,
2025,Nova Scotia,Public administration  ,Men ,15 to 24 years,25.66,
2025,Nova Scotia,Public administration  ,Women ,15 to 24 years,22.54,
2025,Nova Scotia,Transportation and warehousing  ,Men ,15 to 24 years,21.1,
2025,Nova Scotia,Transportation and warehousing  ,Women ,15 to 24 years,,
2025,Nova Scotia,Utilities  ,Men ,15 to 24 years,,
2025,Nova Scotia,Utilities  ,Women ,15 to 24 years,,
2025,Nova Scotia,Wholesale and retail trade  ,Men ,15 to 24 years,17.52,
2025,Nova Scotia,Wholesale and retail trade  ,Women ,15 to 24 years,17.36,
2025,Nova Scotia,Accommodation and food services  ,Men ,25 to 54 years,21.28,
2025,Nova Scotia,Accommodation and food services  ,Women ,25 to 54 years,19.81,
2025,Nova Scotia,Agriculture  ,Men ,25 to 54 years,,
2025,Nova Scotia,Agriculture  ,Women ,25 to 54 years,19.63,
2025,Nova Scotia,"Business, building and other support services  ",Men ,25 to 54 years,25.07,
2025,Nova Scotia,"Business, building and other support services  ",Women ,25 to 54 years,24.79,
2025,Nova Scotia,Construction  ,Men ,25 to 54 years,32.74,
2025,Nova Scotia,Construction  ,Women ,25 to 54 years,31.2,
2025,Nova Scotia,Educational services  ,Men ,25 to 54 years,43.09,
2025,Nova Scotia,Educational services  ,Women ,25 to 54 years,36.61,
2025,Nova Scotia,"Finance, insurance, real estate, rental and leasing  ",Men ,25 to 54 years,40.61,
2025,Nova Scotia,"Finance, insurance, real estate, rental and leasing  ",Women ,25 to 54 years,34.85,
2025,Nova Scotia,"Forestry, fishing, mining, quarrying, oil and gas  ",Men ,25 to 54 years,28.65,
2025,Nova Scotia,"Forestry, fishing, mining, quarrying, oil and gas  ",Women ,25 to 54 years,33.27,
2025,Nova Scotia,Health care and social assistance  ,Men ,25 to 54 years,35.93,
2025,Nova Scotia,Health care and social assistance  ,Women ,25 to 54 years,35.61,
2025,Nova Scotia,"Information, culture and recreation  ",Men ,25 to 54 years,39.5,
2025,Nova Scotia,"Information, culture and recreation  ",Women ,25 to 54 years,32.8,
2025,Nova Scotia,Manufacturing  ,Men ,25 to 54 years,33.49,
2025,Nova Scotia,Manufacturing  ,Women ,25 to 54 years,28.11,
2025,Nova Scotia,Other services (except public administration)  ,Men ,25 to 54 years,29.08,
2025,Nova Scotia,Other services (except public administration)  ,Women ,25 to 54 years,30.37,
2025,Nova Scotia,"Professional, scientific and technical services  ",Men ,25 to 54 years,47.15,
2025,Nova Scotia,"Professional, scientific and technical services  ",Women ,25 to 54 years,41.01,
2025,Nova Scotia,Public administration  ,Men ,25 to 54 years,45.74,
2025,Nova Scotia,Public administration  ,Women ,25 to 54 years,43.26,
2025,Nova Scotia,Transportation and warehousing  ,Men ,25 to 54 years,33.57,
2025,Nova Scotia,Transportation and warehousing  ,Women ,25 to 54 years,32.07,
2025,Nova Scotia,Utilities  ,Men ,25 to 54 years,43.56,
2025,Nova Scotia,Utilities  ,Women ,25 to 54 years,45,
2025,Nova Scotia,Wholesale and retail trade  ,Men ,25 to 54 years,29.92,
2025,Nova Scotia,Wholesale and retail trade  ,Women ,25 to 54 years,24.64,
2025,Nova Scotia,Accommodation and food services  ,Men ,55 years and over,22.87,
2025,Nova Scotia,Accommodation and food services  ,Women ,55 years and over,21.01,
2025,Nova Scotia,Agriculture  ,Men ,55 years and over,24.47,
2025,Nova Scotia,Agriculture  ,Women ,55 years and over,,
2025,Nova Scotia,"Business, building and other support services  ",Men ,55 years and over,26.9,
2025,Nova Scotia,"Business, building and other support services  ",Women ,55 years and over,23.84,
2025,Nova Scotia,Construction  ,Men ,55 years and over,34.52,
2025,Nova Scotia,Construction  ,Women ,55 years and over,31.68,
2025,Nova Scotia,Educational services  ,Men ,55 years and over,47.93,
2025,Nova Scotia,Educational services  ,Women ,55 years and over,37.63,
2025,Nova Scotia,"Finance, insurance, real estate, rental and leasing  ",Men ,55 years and over,43.72,
2025,Nova Scotia,"Finance, insurance, real estate, rental and leasing  ",Women ,55 years and over,35.62,
2025,Nova Scotia,"Forestry, fishing, mining, quarrying, oil and gas  ",Men ,55 years and over,31.7,
2025,Nova Scotia,"Forestry, fishing, mining, quarrying, oil and gas  ",Women ,55 years and over,,
2025,Nova Scotia,Health care and social assistance  ,Men ,55 years and over,35.07,
2025,Nova Scotia,Health care and social assistance  ,Women ,55 years and over,34.2,
2025,Nova Scotia,"Information, culture and recreation  ",Men ,55 years and over,30.92,
2025,Nova Scotia,"Information, culture and recreation  ",Women ,55 years and over,32.55,
2025,Nova Scotia,Manufacturing  ,Men ,55 years and over,38.49,
2025,Nova Scotia,Manufacturing  ,Women ,55 years and over,25.78,
2025,Nova Scotia,Other services (except public administration)  ,Men ,55 years and over,31.13,
2025,Nova Scotia,Other services (except public administration)  ,Women ,55 years and over,26.67,
2025,Nova Scotia,"Professional, scientific and technical services  ",Men ,55 years and over,58.62,
2025,Nova Scotia,"Professional, scientific and technical services  ",Women ,55 years and over,35.96,
2025,Nova Scotia,Public administration  ,Men ,55 years and over,51.33,
2025,Nova Scotia,Public administration  ,Women ,55 years and over,38.12,
2025,Nova Scotia,Transportation and warehousing  ,Men ,55 years and over,31.49,
2025,Nova Scotia,Transportation and warehousing  ,Women ,55 years and over,28.12,
2025,Nova Scotia,Utilities  ,Men ,55 years and over,62.9,
2025,Nova Scotia,Utilities  ,Women ,55 years and over,,
2025,Nova Scotia,Wholesale and retail trade  ,Men ,55 years and over,27.24,
2025,Nova Scotia,Wholesale and retail trade  ,Women ,55 years and over,25.31,
2025,Ontario,Accommodation and food services  ,Men ,15 to 24 years,18.34,
2025,Ontario,Accommodation and food services  ,Women ,15 to 24 years,18.46,
2025,Ontario,Agriculture  ,Men ,15 to 24 years,20.85,
2025,Ontario,Agriculture  ,Women ,15 to 24 years,18.88,
2025,Ontario,"Business, building and other support services  ",Men ,15 to 24 years,20.97,
2025,Ontario,"Business, building and other support services  ",Women ,15 to 24 years,20,
2025,Ontario,Construction  ,Men ,15 to 24 years,26.44,
2025,Ontario,Construction  ,Women ,15 to 24 years,22.67,
2025,Ontario,Educational services  ,Men ,15 to 24 years,24,
2025,Ontario,Educational services  ,Women ,15 to 24 years,22.27,
2025,Ontario,"Finance, insurance, real estate, rental and leasing  ",Men ,15 to 24 years,27.85,
2025,Ontario,"Finance, insurance, real estate, rental and leasing  ",Women ,15 to 24 years,27.18,
2025,Ontario,"Forestry, fishing, mining, quarrying, oil and gas  ",Men ,15 to 24 years,30.76,
2025,Ontario,"Forestry, fishing, mining, quarrying, oil and gas  ",Women ,15 to 24 years,,
2025,Ontario,Health care and social assistance  ,Men ,15 to 24 years,25.91,
2025,Ontario,Health care and social assistance  ,Women ,15 to 24 years,25.2,
2025,Ontario,"Information, culture and recreation  ",Men ,15 to 24 years,20.92,
2025,Ontario,"Information, culture and recreation  ",Women ,15 to 24 years,20.59,
2025,Ontario,Manufacturing  ,Men ,15 to 24 years,23.95,
2025,Ontario,Manufacturing  ,Women ,15 to 24 years,21.39,
2025,Ontario,Other services (except public administration)  ,Men ,15 to 24 years,21.63,
2025,Ontario,Other services (except public administration)  ,Women ,15 to 24 years,20.07,
2025,Ontario,"Professional, scientific and technical services  ",Men ,15 to 24 years,32.42,
2025,Ontario,"Professional, scientific and technical services  ",Women ,15 to 24 years,26.99,
2025,Ontario,Public administration  ,Men ,15 to 24 years,26.17,
2025,Ontario,Public administration  ,Women ,15 to 24 years,27.81,
2025,Ontario,Transportation and warehousing  ,Men ,15 to 24 years,22.53,
2025,Ontario,Transportation and warehousing  ,Women ,15 to 24 years,25.2,
2025,Ontario,Utilities  ,Men ,15 to 24 years,35.87,
2025,Ontario,Utilities  ,Women ,15 to 24 years,,
2025,Ontario,Wholesale and retail trade  ,Men ,15 to 24 years,19.31,
2025,Ontario,Wholesale and retail trade  ,Women ,15 to 24 years,18.23,
2025,Ontario,Accommodation and food services  ,Men ,25 to 54 years,23.29,
2025,Ontario,Accommodation and food services  ,Women ,25 to 54 years,22.63,
2025,Ontario,Agriculture  ,Men ,25 to 54 years,26.79,
2025,Ontario,Agriculture  ,Women ,25 to 54 years,29.47,
2025,Ontario,"Business, building and other support services  ",Men ,25 to 54 years,31.23,
2025,Ontario,"Business, building and other support services  ",Women ,25 to 54 years,28.63,
2025,Ontario,Construction  ,Men ,25 to 54 years,41.3,
2025,Ontario,Construction  ,Women ,25 to 54 years,34.39,
2025,Ontario,Educational services  ,Men ,25 to 54 years,47.68,
2025,Ontario,Educational services  ,Women ,25 to 54 years,43.87,
2025,Ontario,"Finance, insurance, real estate, rental and leasing  ",Men ,25 to 54 years,51.69,
2025,Ontario,"Finance, insurance, real estate, rental and leasing  ",Women ,25 to 54 years,41.92,
2025,Ontario,"Forestry, fishing, mining, quarrying, oil and gas  ",Men ,25 to 54 years,49.99,
2025,Ontario,"Forestry, fishing, mining, quarrying, oil and gas  ",Women ,25 to 54 years,47.32,
2025,Ontario,Health care and social assistance  ,Men ,25 to 54 years,41.28,
2025,Ontario,Health care and social assistance  ,Women ,25 to 54 years,36.24,
2025,Ontario,"Information, culture and recreation  ",Men ,25 to 54 years,47.25,
2025,Ontario,"Information, culture and recreation  ",Women ,25 to 54 years,40.08,
2025,Ontario,Manufacturing  ,Men ,25 to 54 years,37.56,
2025,Ontario,Manufacturing  ,Women ,25 to 54 years,34.27,
2025,Ontario,Other services (except public administration)  ,Men ,25 to 54 years,35.29,
2025,Ontario,Other services (except public administration)  ,Women ,25 to 54 years,30.55,
2025,Ontario,"Professional, scientific and technical services  ",Men ,25 to 54 years,57.18,
2025,Ontario,"Professional, scientific and technical services  ",Women ,25 to 54 years,46.99,
2025,Ontario,Public administration  ,Men ,25 to 54 years,51.66,
2025,Ontario,Public administration  ,Women ,25 to 54 years,48.53,
2025,Ontario,Transportation and warehousing  ,Men ,25 to 54 years,34.81,
2025,Ontario,Transportation and warehousing  ,Women ,25 to 54 years,33.88,
2025,Ontario,Utilities  ,Men ,25 to 54 years,62.02,
2025,Ontario,Utilities  ,Women ,25 to 54 years,56.82,
2025,Ontario,Wholesale and retail trade  ,Men ,25 to 54 years,33.84,
2025,Ontario,Wholesale and retail trade  ,Women ,25 to 54 years,30.41,
2025,Ontario,Accommodation and food services  ,Men ,55 years and over,24.58,
2025,Ontario,Accommodation and food services  ,Women ,55 years and over,22.33,
2025,Ontario,Agriculture  ,Men ,55 years and over,28.89,
2025,Ontario,Agriculture  ,Women ,55 years and over,22.83,
2025,Ontario,"Business, building and other support services  ",Men ,55 years and over,32.65,
2025,Ontario,"Business, building and other support services  ",Women ,55 years and over,29.72,
2025,Ontario,Construction  ,Men ,55 years and over,43.96,
2025,Ontario,Construction  ,Women ,55 years and over,38.04,
2025,Ontario,Educational services  ,Men ,55 years and over,56.54,
2025,Ontario,Educational services  ,Women ,55 years and over,44.2,
2025,Ontario,"Finance, insurance, real estate, rental and leasing  ",Men ,55 years and over,60.66,
2025,Ontario,"Finance, insurance, real estate, rental and leasing  ",Women ,55 years and over,44.21,
2025,Ontario,"Forestry, fishing, mining, quarrying, oil and gas  ",Men ,55 years and over,47.84,
2025,Ontario,"Forestry, fishing, mining, quarrying, oil and gas  ",Women ,55 years and over,,
2025,Ontario,Health care and social assistance  ,Men ,55 years and over,44.17,
2025,Ontario,Health care and social assistance  ,Women ,55 years and over,35.92,
2025,Ontario,"Information, culture and recreation  ",Men ,55 years and over,41.25,
2025,Ontario,"Information, culture and recreation  ",Women ,55 years and over,41.3,
2025,Ontario,Manufacturing  ,Men ,55 years and over,37.46,
2025,Ontario,Manufacturing  ,Women ,55 years and over,29.09,
2025,Ontario,Other services (except public administration)  ,Men ,55 years and over,42.11,
2025,Ontario,Other services (except public administration)  ,Women ,55 years and over,32.86,
2025,Ontario,"Professional, scientific and technical services  ",Men ,55 years and over,62.41,
2025,Ontario,"Professional, scientific and technical services  ",Women ,55 years and over,47.26,
2025,Ontario,Public administration  ,Men ,55 years and over,53.13,
2025,Ontario,Public administration  ,Women ,55 years and over,48.84,
2025,Ontario,Transportation and warehousing  ,Men ,55 years and over,34.4,
2025,Ontario,Transportation and warehousing  ,Women ,55 years and over,30.6,
2025,Ontario,Utilities  ,Men ,55 years and over,66.18,
2025,Ontario,Utilities  ,Women ,55 years and over,56.13,
2025,Ontario,Wholesale and retail trade  ,Men ,55 years and over,34.07,
2025,Ontario,Wholesale and retail trade  ,Women ,55 years and over,26.08,
2025,Prince Edward Island,Accommodation and food services  ,Men ,15 to 24 years,17.36,
2025,Prince Edward Island,Accommodation and food services  ,Women ,15 to 24 years,17.6,
2025,Prince Edward Island,Agriculture  ,Men ,15 to 24 years,,
2025,Prince Edward Island,Agriculture  ,Women ,15 to 24 years,,
2025,Prince Edward Island,"Business, building and other support services  ",Men ,15 to 24 years,22.12,
2025,Prince Edward Island,"Business, building and other support services  ",Women ,15 to 24 years,,
2025,Prince Edward Island,Construction  ,Men ,15 to 24 years,23.15,
2025,Prince Edward Island,Construction  ,Women ,15 to 24 years,,
2025,Prince Edward Island,Educational services  ,Men ,15 to 24 years,22.96,
2025,Prince Edward Island,Educational services  ,Women ,15 to 24 years,20.73,
2025,Prince Edward Island,"Finance, insurance, real estate, rental and leasing  ",Men ,15 to 24 years,21.1,
2025,Prince Edward Island,"Finance, insurance, real estate, rental and leasing  ",Women ,15 to 24 years,20.19,
2025,Prince Edward Island,"Forestry, fishing, mining, quarrying, oil and gas  ",Men ,15 to 24 years,28.9,
2025,Prince Edward Island,"Forestry, fishing, mining, quarrying, oil and gas  ",Women ,15 to 24 years,,
2025,Prince Edward Island,Health care and social assistance  ,Men ,15 to 24 years,23.8,
2025,Prince Edward Island,Health care and social assistance  ,Women ,15 to 24 years,24.67,
2025,Prince Edward Island,"Information, culture and recreation  ",Men ,15 to 24 years,17.33,
2025,Prince Edward Island,"Information, culture and recreation  ",Women ,15 to 24 years,19.4,
2025,Prince Edward Island,Manufacturing  ,Men ,15 to 24 years,20.41,
2025,Prince Edward Island,Manufacturing  ,Women ,15 to 24 years,21.09,
2025,Prince Edward Island,Other services (except public administration)  ,Men ,15 to 24 years,,
2025,Prince Edward Island,Other services (except public administration)  ,Women ,15 to 24 years,19.03,
2025,Prince Edward Island,"Professional, scientific and technical services  ",Men ,15 to 24 years,24.63,
2025,Prince Edward Island,"Professional, scientific and technical services  ",Women ,15 to 24 years,,
2025,Prince Edward Island,Public administration  ,Men ,15 to 24 years,22.28,
2025,Prince Edward Island,Public administration  ,Women ,15 to 24 years,28.82,
2025,Prince Edward Island,Transportation and warehousing  ,Men ,15 to 24 years,21.79,
2025,Prince Edward Island,Transportation and warehousing  ,Women ,15 to 24 years,,
2025,Prince Edward Island,Utilities  ,Men ,15 to 24 years,,
2025,Prince Edward Island,Utilities  ,Women ,15 to 24 years,,
2025,Prince Edward Island,Wholesale and retail trade  ,Men ,15 to 24 years,17.81,
2025,Prince Edward Island,Wholesale and retail trade  ,Women ,15 to 24 years,16.86,
2025,Prince Edward Island,Accommodation and food services  ,Men ,25 to 54 years,20.47,
2025,Prince Edward Island,Accommodation and food services  ,Women ,25 to 54 years,18.76,
2025,Prince Edward Island,Agriculture  ,Men ,25 to 54 years,23.07,
2025,Prince Edward Island,Agriculture  ,Women ,25 to 54 years,21.28,
2025,Prince Edward Island,"Business, building and other support services  ",Men ,25 to 54 years,22.76,
2025,Prince Edward Island,"Business, building and other support services  ",Women ,25 to 54 years,24.72,
2025,Prince Edward Island,Construction  ,Men ,25 to 54 years,29.72,
2025,Prince Edward Island,Construction  ,Women ,25 to 54 years,27.59,
2025,Prince Edward Island,Educational services  ,Men ,25 to 54 years,37.89,
2025,Prince Edward Island,Educational services  ,Women ,25 to 54 years,37.99,
2025,Prince Edward Island,"Finance, insurance, real estate, rental and leasing  ",Men ,25 to 54 years,36.08,
2025,Prince Edward Island,"Finance, insurance, real estate, rental and leasing  ",Women ,25 to 54 years,31.33,
2025,Prince Edward Island,"Forestry, fishing, mining, quarrying, oil and gas  ",Men ,25 to 54 years,29.05,
2025,Prince Edward Island,"Forestry, fishing, mining, quarrying, oil and gas  ",Women ,25 to 54 years,,
2025,Prince Edward Island,Health care and social assistance  ,Men ,25 to 54 years,37.53,
2025,Prince Edward Island,Health care and social assistance  ,Women ,25 to 54 years,35.97,
2025,Prince Edward Island,"Information, culture and recreation  ",Men ,25 to 54 years,27.86,
2025,Prince Edward Island,"Information, culture and recreation  ",Women ,25 to 54 years,32.16,
2025,Prince Edward Island,Manufacturing  ,Men ,25 to 54 years,28.34,
2025,Prince Edward Island,Manufacturing  ,Women ,25 to 54 years,27.17,
2025,Prince Edward Island,Other services (except public administration)  ,Men ,25 to 54 years,26.91,
2025,Prince Edward Island,Other services (except public administration)  ,Women ,25 to 54 years,25.51,
2025,Prince Edward Island,"Professional, scientific and technical services  ",Men ,25 to 54 years,38.52,
2025,Prince Edward Island,"Professional, scientific and technical services  ",Women ,25 to 54 years,37,
2025,Prince Edward Island,Public administration  ,Men ,25 to 54 years,42.31,
2025,Prince Edward Island,Public administration  ,Women ,25 to 54 years,41.14,
2025,Prince Edward Island,Transportation and warehousing  ,Men ,25 to 54 years,26.4,
2025,Prince Edward Island,Transportation and warehousing  ,Women ,25 to 54 years,30.34,
2025,Prince Edward Island,Utilities  ,Men ,25 to 54 years,,
2025,Prince Edward Island,Utilities  ,Women ,25 to 54 years,,
2025,Prince Edward Island,Wholesale and retail trade  ,Men ,25 to 54 years,26.05,
2025,Prince Edward Island,Wholesale and retail trade  ,Women ,25 to 54 years,25.1,
2025,Prince Edward Island,Accommodation and food services  ,Men ,55 years and over,24.82,
2025,Prince Edward Island,Accommodation and food services  ,Women ,55 years and over,20.89,
2025,Prince Edward Island,Agriculture  ,Men ,55 years and over,21.85,
2025,Prince Edward Island,Agriculture  ,Women ,55 years and over,,
2025,Prince Edward Island,"Business, building and other support services  ",Men ,55 years and over,25.13,
2025,Prince Edward Island,"Business, building and other support services  ",Women ,55 years and over,,
2025,Prince Edward Island,Construction  ,Men ,55 years and over,30.8,
2025,Prince Edward Island,Construction  ,Women ,55 years and over,25.87,
2025,Prince Edward Island,Educational services  ,Men ,55 years and over,38.07,
2025,Prince Edward Island,Educational services  ,Women ,55 years and over,33.79,
2025,Prince Edward Island,"Finance, insurance, real estate, rental and leasing  ",Men ,55 years and over,45.47,
2025,Prince Edward Island,"Finance, insurance, real estate, rental and leasing  ",Women ,55 years and over,28.78,
2025,Prince Edward Island,"Forestry, fishing, mining, quarrying, oil and gas  ",Men ,55 years and over,26.46,
2025,Prince Edward Island,"Forestry, fishing, mining, quarrying, oil and gas  ",Women ,55 years and over,,
2025,Prince Edward Island,Health care and social assistance  ,Men ,55 years and over,35.4,
2025,Prince Edward Island,Health care and social assistance  ,Women ,55 years and over,30.52,
2025,Prince Edward Island,"Information, culture and recreation  ",Men ,55 years and over,,
2025,Prince Edward Island,"Information, culture and recreation  ",Women ,55 years and over,23.5,
2025,Prince Edward Island,Manufacturing  ,Men ,55 years and over,30.67,
2025,Prince Edward Island,Manufacturing  ,Women ,55 years and over,24.63,
2025,Prince Edward Island,Other services (except public administration)  ,Men ,55 years and over,,
2025,Prince Edward Island,Other services (except public administration)  ,Women ,55 years and over,24.28,
2025,Prince Edward Island,"Professional, scientific and technical services  ",Men ,55 years and over,45.36,
2025,Prince Edward Island,"Professional, scientific and technical services  ",Women ,55 years and over,,
2025,Prince Edward Island,Public administration  ,Men ,55 years and over,42.16,
2025,Prince Edward Island,Public administration  ,Women ,55 years and over,40,
2025,Prince Edward Island,Transportation and warehousing  ,Men ,55 years and over,32.9,
2025,Prince Edward Island,Transportation and warehousing  ,Women ,55 years and over,,
2025,Prince Edward Island,Utilities  ,Men ,55 years and over,,
2025,Prince Edward Island,Utilities  ,Women ,55 years and over,,
2025,Prince Edward Island,Wholesale and retail trade  ,Men ,55 years and over,27.18,
2025,Prince Edward Island,Wholesale and retail trade  ,Women ,55 years and over,22.88,
2025,Quebec,Accommodation and food services  ,Men ,15 to 24 years,17.29,
2025,Quebec,Accommodation and food services  ,Women ,15 to 24 years,18.18,
2025,Quebec,Agriculture  ,Men ,15 to 24 years,21.25,
2025,Quebec,Agriculture  ,Women ,15 to 24 years,18.86,
2025,Quebec,"Business, building and other support services  ",Men ,15 to 24 years,22.09,
2025,Quebec,"Business, building and other support services  ",Women ,15 to 24 years,22.84,
2025,Quebec,Construction  ,Men ,15 to 24 years,28.84,
2025,Quebec,Construction  ,Women ,15 to 24 years,24.71,
2025,Quebec,Educational services  ,Men ,15 to 24 years,26.13,
2025,Quebec,Educational services  ,Women ,15 to 24 years,28.88,
2025,Quebec,"Finance, insurance, real estate, rental and leasing  ",Men ,15 to 24 years,25.56,
2025,Quebec,"Finance, insurance, real estate, rental and leasing  ",Women ,15 to 24 years,24.52,
2025,Quebec,"Forestry, fishing, mining, quarrying, oil and gas  ",Men ,15 to 24 years,29.82,
2025,Quebec,"Forestry, fishing, mining, quarrying, oil and gas  ",Women ,15 to 24 years,,
2025,Quebec,Health care and social assistance  ,Men ,15 to 24 years,24.6,
2025,Quebec,Health care and social assistance  ,Women ,15 to 24 years,24.21,
2025,Quebec,"Information, culture and recreation  ",Men ,15 to 24 years,20.54,
2025,Quebec,"Information, culture and recreation  ",Women ,15 to 24 years,19.48,
2025,Quebec,Manufacturing  ,Men ,15 to 24 years,26.8,
2025,Quebec,Manufacturing  ,Women ,15 to 24 years,23.98,
2025,Quebec,Other services (except public administration)  ,Men ,15 to 24 years,23.48,
2025,Quebec,Other services (except public administration)  ,Women ,15 to 24 years,22.29,
2025,Quebec,"Professional, scientific and technical services  ",Men ,15 to 24 years,27.13,
2025,Quebec,"Professional, scientific and technical services  ",Women ,15 to 24 years,23.31,
2025,Quebec,Public administration  ,Men ,15 to 24 years,24.32,
2025,Quebec,Public administration  ,Women ,15 to 24 years,25.99,
2025,Quebec,Transportation and warehousing  ,Men ,15 to 24 years,23.6,
2025,Quebec,Transportation and warehousing  ,Women ,15 to 24 years,22.88,
2025,Quebec,Utilities  ,Men ,15 to 24 years,,
2025,Quebec,Utilities  ,Women ,15 to 24 years,,
2025,Quebec,Wholesale and retail trade  ,Men ,15 to 24 years,18.06,
2025,Quebec,Wholesale and retail trade  ,Women ,15 to 24 years,17.74,
2025,Quebec,Accommodation and food services  ,Men ,25 to 54 years,25.95,
2025,Quebec,Accommodation and food services  ,Women ,25 to 54 years,22.94,
2025,Quebec,Agriculture  ,Men ,25 to 54 years,28.23,
2025,Quebec,Agriculture  ,Women ,25 to 54 years,27.12,
2025,Quebec,"Business, building and other support services  ",Men ,25 to 54 years,29.28,
2025,Quebec,"Business, building and other support services  ",Women ,25 to 54 years,28.33,
2025,Quebec,Construction  ,Men ,25 to 54 years,40.06,
2025,Quebec,Construction  ,Women ,25 to 54 years,37.01,
2025,Quebec,Educational services  ,Men ,25 to 54 years,45.67,
2025,Quebec,Educational services  ,Women ,25 to 54 years,43.13,
2025,Quebec,"Finance, insurance, real estate, rental and leasing  ",Men ,25 to 54 years,49.74,
2025,Quebec,"Finance, insurance, real estate, rental and leasing  ",Women ,25 to 54 years,40.83,
2025,Quebec,"Forestry, fishing, mining, quarrying, oil and gas  ",Men ,25 to 54 years,46.57,
2025,Quebec,"Forestry, fishing, mining, quarrying, oil and gas  ",Women ,25 to 54 years,40.25,
2025,Quebec,Health care and social assistance  ,Men ,25 to 54 years,34.07,
2025,Quebec,Health care and social assistance  ,Women ,25 to 54 years,33.52,
2025,Quebec,"Information, culture and recreation  ",Men ,25 to 54 years,42.52,
2025,Quebec,"Information, culture and recreation  ",Women ,25 to 54 years,37.25,
2025,Quebec,Manufacturing  ,Men ,25 to 54 years,36.97,
2025,Quebec,Manufacturing  ,Women ,25 to 54 years,35.23,
2025,Quebec,Other services (except public administration)  ,Men ,25 to 54 years,34.57,
2025,Quebec,Other services (except public administration)  ,Women ,25 to 54 years,33.48,
2025,Quebec,"Professional, scientific and technical services  ",Men ,25 to 54 years,48.57,
2025,Quebec,"Professional, scientific and technical services  ",Women ,25 to 54 years,41.68,
2025,Quebec,Public administration  ,Men ,25 to 54 years,46.44,
2025,Quebec,Public administration  ,Women ,25 to 54 years,43.07,
2025,Quebec,Transportation and warehousing  ,Men ,25 to 54 years,33.1,
2025,Quebec,Transportation and warehousing  ,Women ,25 to 54 years,33.05,
2025,Quebec,Utilities  ,Men ,25 to 54 years,55.72,
2025,Quebec,Utilities  ,Women ,25 to 54 years,58.6,
2025,Quebec,Wholesale and retail trade  ,Men ,25 to 54 years,32.77,
2025,Quebec,Wholesale and retail trade  ,Women ,25 to 54 years,27.9,
2025,Quebec,Accommodation and food services  ,Men ,55 years and over,22,
2025,Quebec,Accommodation and food services  ,Women ,55 years and over,20.24,
2025,Quebec,Agriculture  ,Men ,55 years and over,22.69,
2025,Quebec,Agriculture  ,Women ,55 years and over,21.49,
2025,Quebec,"Business, building and other support services  ",Men ,55 years and over,31.15,
2025,Quebec,"Business, building and other support services  ",Women ,55 years and over,29.78,
2025,Quebec,Construction  ,Men ,55 years and over,40.21,
2025,Quebec,Construction  ,Women ,55 years and over,30.55,
2025,Quebec,Educational services  ,Men ,55 years and over,53.58,
2025,Quebec,Educational services  ,Women ,55 years and over,44.74,
2025,Quebec,"Finance, insurance, real estate, rental and leasing  ",Men ,55 years and over,47.28,
2025,Quebec,"Finance, insurance, real estate, rental and leasing  ",Women ,55 years and over,39.93,
2025,Quebec,"Forestry, fishing, mining, quarrying, oil and gas  ",Men ,55 years and over,40.67,
2025,Quebec,"Forestry, fishing, mining, quarrying, oil and gas  ",Women ,55 years and over,40.38,
2025,Quebec,Health care and social assistance  ,Men ,55 years and over,34.09,
2025,Quebec,Health care and social assistance  ,Women ,55 years and over,30.36,
2025,Quebec,"Information, culture and recreation  ",Men ,55 years and over,39.51,
2025,Quebec,"Information, culture and recreation  ",Women ,55 years and over,33.17,
2025,Quebec,Manufacturing  ,Men ,55 years and over,37.41,
2025,Quebec,Manufacturing  ,Women ,55 years and over,31.69,
2025,Quebec,Other services (except public administration)  ,Men ,55 years and over,30.96,
2025,Quebec,Other services (except public administration)  ,Women ,55 years and over,27.48,
2025,Quebec,"Professional, scientific and technical services  ",Men ,55 years and over,54.59,
2025,Quebec,"Professional, scientific and technical services  ",Women ,55 years and over,38.23,
2025,Quebec,Public administration  ,Men ,55 years and over,51.02,
2025,Quebec,Public administration  ,Women ,55 years and over,44.12,
2025,Quebec,Transportation and warehousing  ,Men ,55 years and over,30.6,
2025,Quebec,Transportation and warehousing  ,Women ,55 years and over,28.28,
2025,Quebec,Utilities  ,Men ,55 years and over,52.88,
2025,Quebec,Utilities  ,Women ,55 years and over,,
2025,Quebec,Wholesale and retail trade  ,Men ,55 years and over,30.21,
2025,Quebec,Wholesale and retail trade  ,Women ,55 years and over,24.14,
2025,Saskatchewan,Accommodation and food services  ,Men ,15 to 24 years,16.97,
2025,Saskatchewan,Accommodation and food services  ,Women ,15 to 24 years,17.24,
2025,Saskatchewan,Agriculture  ,Men ,15 to 24 years,22.23,
2025,Saskatchewan,Agriculture  ,Women ,15 to 24 years,,
2025,Saskatchewan,"Business, building and other support services  ",Men ,15 to 24 years,20.44,
2025,Saskatchewan,"Business, building and other support services  ",Women ,15 to 24 years,,
2025,Saskatchewan,Construction  ,Men ,15 to 24 years,22.7,
2025,Saskatchewan,Construction  ,Women ,15 to 24 years,20.14,
2025,Saskatchewan,Educational services  ,Men ,15 to 24 years,22.65,
2025,Saskatchewan,Educational services  ,Women ,15 to 24 years,22.24,
2025,Saskatchewan,"Finance, insurance, real estate, rental and leasing  ",Men ,15 to 24 years,24.79,
2025,Saskatchewan,"Finance, insurance, real estate, rental and leasing  ",Women ,15 to 24 years,23.97,
2025,Saskatchewan,"Forestry, fishing, mining, quarrying, oil and gas  ",Men ,15 to 24 years,35.95,
2025,Saskatchewan,"Forestry, fishing, mining, quarrying, oil and gas  ",Women ,15 to 24 years,,
2025,Saskatchewan,Health care and social assistance  ,Men ,15 to 24 years,22.09,
2025,Saskatchewan,Health care and social assistance  ,Women ,15 to 24 years,23.29,
2025,Saskatchewan,"Information, culture and recreation  ",Men ,15 to 24 years,20.48,
2025,Saskatchewan,"Information, culture and recreation  ",Women ,15 to 24 years,17.99,
2025,Saskatchewan,Manufacturing  ,Men ,15 to 24 years,24.19,
2025,Saskatchewan,Manufacturing  ,Women ,15 to 24 years,20.47,
2025,Saskatchewan,Other services (except public administration)  ,Men ,15 to 24 years,20.46,
2025,Saskatchewan,Other services (except public administration)  ,Women ,15 to 24 years,17.6,
2025,Saskatchewan,"Professional, scientific and technical services  ",Men ,15 to 24 years,35.26,
2025,Saskatchewan,"Professional, scientific and technical services  ",Women ,15 to 24 years,23.68,
2025,Saskatchewan,Public administration  ,Men ,15 to 24 years,24.7,
2025,Saskatchewan,Public administration  ,Women ,15 to 24 years,24.18,
2025,Saskatchewan,Transportation and warehousing  ,Men ,15 to 24 years,23.99,
2025,Saskatchewan,Transportation and warehousing  ,Women ,15 to 24 years,,
2025,Saskatchewan,Utilities  ,Men ,15 to 24 years,32.72,
2025,Saskatchewan,Utilities  ,Women ,15 to 24 years,,
2025,Saskatchewan,Wholesale and retail trade  ,Men ,15 to 24 years,18.31,
2025,Saskatchewan,Wholesale and retail trade  ,Women ,15 to 24 years,16.57,
2025,Saskatchewan,Accommodation and food services  ,Men ,25 to 54 years,18.66,
2025,Saskatchewan,Accommodation and food services  ,Women ,25 to 54 years,18.88,
2025,Saskatchewan,Agriculture  ,Men ,25 to 54 years,30.29,
2025,Saskatchewan,Agriculture  ,Women ,25 to 54 years,27,
2025,Saskatchewan,"Business, building and other support services  ",Men ,25 to 54 years,23.76,
2025,Saskatchewan,"Business, building and other support services  ",Women ,25 to 54 years,21.74,
2025,Saskatchewan,Construction  ,Men ,25 to 54 years,36.5,
2025,Saskatchewan,Construction  ,Women ,25 to 54 years,31.7,
2025,Saskatchewan,Educational services  ,Men ,25 to 54 years,41.3,
2025,Saskatchewan,Educational services  ,Women ,25 to 54 years,39.36,
2025,Saskatchewan,"Finance, insurance, real estate, rental and leasing  ",Men ,25 to 54 years,41.86,
2025,Saskatchewan,"Finance, insurance, real estate, rental and leasing  ",Women ,25 to 54 years,35.64,
2025,Saskatchewan,"Forestry, fishing, mining, quarrying, oil and gas  ",Men ,25 to 54 years,54.71,
2025,Saskatchewan,"Forestry, fishing, mining, quarrying, oil and gas  ",Women ,25 to 54 years,48.11,
2025,Saskatchewan,Health care and social assistance  ,Men ,25 to 54 years,32.07,
2025,Saskatchewan,Health care and social assistance  ,Women ,25 to 54 years,34.1,
2025,Saskatchewan,"Information, culture and recreation  ",Men ,25 to 54 years,37.58,
2025,Saskatchewan,"Information, culture and recreation  ",Women ,25 to 54 years,33.22,
2025,Saskatchewan,Manufacturing  ,Men ,25 to 54 years,36.78,
2025,Saskatchewan,Manufacturing  ,Women ,25 to 54 years,32.3,
2025,Saskatchewan,Other services (except public administration)  ,Men ,25 to 54 years,35.27,
2025,Saskatchewan,Other services (except public administration)  ,Women ,25 to 54 years,27.53,
2025,Saskatchewan,"Professional, scientific and technical services  ",Men ,25 to 54 years,46.39,
2025,Saskatchewan,"Professional, scientific and technical services  ",Women ,25 to 54 years,36.54,
2025,Saskatchewan,Public administration  ,Men ,25 to 54 years,47.52,
2025,Saskatchewan,Public administration  ,Women ,25 to 54 years,41.57,
2025,Saskatchewan,Transportation and warehousing  ,Men ,25 to 54 years,35.2,
2025,Saskatchewan,Transportation and warehousing  ,Women ,25 to 54 years,26.89,
2025,Saskatchewan,Utilities  ,Men ,25 to 54 years,49.11,
2025,Saskatchewan,Utilities  ,Women ,25 to 54 years,49.11,
2025,Saskatchewan,Wholesale and retail trade  ,Men ,25 to 54 years,31.73,
2025,Saskatchewan,Wholesale and retail trade  ,Women ,25 to 54 years,25.46,
2025,Saskatchewan,Accommodation and food services  ,Men ,55 years and over,21.42,
2025,Saskatchewan,Accommodation and food services  ,Women ,55 years and over,17.36,
2025,Saskatchewan,Agriculture  ,Men ,55 years and over,31.63,
2025,Saskatchewan,Agriculture  ,Women ,55 years and over,24.34,
2025,Saskatchewan,"Business, building and other support services  ",Men ,55 years and over,28.88,
2025,Saskatchewan,"Business, building and other support services  ",Women ,55 years and over,19.13,
2025,Saskatchewan,Construction  ,Men ,55 years and over,36.59,
2025,Saskatchewan,Construction  ,Women ,55 years and over,26.32,
2025,Saskatchewan,Educational services  ,Men ,55 years and over,42.87,
2025,Saskatchewan,Educational services  ,Women ,55 years and over,35.41,
2025,Saskatchewan,"Finance, insurance, real estate, rental and leasing  ",Men ,55 years and over,47.1,
2025,Saskatchewan,"Finance, insurance, real estate, rental and leasing  ",Women ,55 years and over,38.24,
2025,Saskatchewan,"Forestry, fishing, mining, quarrying, oil and gas  ",Men ,55 years and over,48.64,
2025,Saskatchewan,"Forestry, fishing, mining, quarrying, oil and gas  ",Women ,55 years and over,,
2025,Saskatchewan,Health care and social assistance  ,Men ,55 years and over,35.63,
2025,Saskatchewan,Health care and social assistance  ,Women ,55 years and over,33.27,
2025,Saskatchewan,"Information, culture and recreation  ",Men ,55 years and over,32.16,
2025,Saskatchewan,"Information, culture and recreation  ",Women ,55 years and over,25.68,
2025,Saskatchewan,Manufacturing  ,Men ,55 years and over,39.67,
2025,Saskatchewan,Manufacturing  ,Women ,55 years and over,28.25,
2025,Saskatchewan,Other services (except public administration)  ,Men ,55 years and over,32.86,
2025,Saskatchewan,Other services (except public administration)  ,Women ,55 years and over,26.87,
2025,Saskatchewan,"Professional, scientific and technical services  ",Men ,55 years and over,63.6,
2025,Saskatchewan,"Professional, scientific and technical services  ",Women ,55 years and over,31.86,
2025,Saskatchewan,Public administration  ,Men ,55 years and over,47.74,
2025,Saskatchewan,Public administration  ,Women ,55 years and over,45.42,
2025,Saskatchewan,Transportation and warehousing  ,Men ,55 years and over,31.46,
2025,Saskatchewan,Transportation and warehousing  ,Women ,55 years and over,25.52,
2025,Saskatchewan,Utilities  ,Men ,55 years and over,60.09,
2025,Saskatchewan,Utilities  ,Women ,55 years and over,,
2025,Saskatchewan,Wholesale and retail trade  ,Men ,55 years and over,32.34,
2025,Saskatchewan,Wholesale and retail trade  ,Women ,55 years and over,23.57,
