Province,NAICS,Gender,Age group,Year,"Labour force 7  (x 1,000)","Employment 8  (x 1,000)","Unemployment 9  (x 1,000)",Unemployment rate,Employment Total,Unemployment Total,Labour Force Total
Newfoundland and Labrador,Agriculture,Men,15 to 24 years,2021,x,x,x,x,x,x,x
Newfoundland and Labrador,Agriculture,Men,15 to 24 years,2022,x,x,x,x,x,x,x
Newfoundland and Labrador,Agriculture,Men,15 to 24 years,2023,x,x,x,x,x,x,x
Newfoundland and Labrador,Agriculture,Men,15 to 24 years,2024,x,x,x,x,x,x,x
Newfoundland and Labrador,Agriculture,Men,15 to 24 years,2025,x,x,x,x,x,x,x
Newfoundland and Labrador,Agriculture,Men,25 to 54 years,2021,0.7,0.5,x,x,500,x,700
Newfoundland and Labrador,Agriculture,Men,25 to 54 years,2022,x,x,x,x,x,x,x
Newfoundland and Labrador,Agriculture,Men,25 to 54 years,2023,0.6,0.6,x,x,600,x,600
Newfoundland and Labrador,Agriculture,Men,25 to 54 years,2024,0.7,0.6,x,x,600,x,700
Newfoundland and Labrador,Agriculture,Men,25 to 54 years,2025,x,x,x,x,x,x,x
Newfoundland and Labrador,Agriculture,Men,55 years and over,2021,x,x,x,x,x,x,x
Newfoundland and Labrador,Agriculture,Men,55 years and over,2022,x,x,x,x,x,x,x
Newfoundland and Labrador,Agriculture,Men,55 years and over,2023,x,x,x,x,x,x,x
Newfoundland and Labrador,Agriculture,Men,55 years and over,2024,x,x,x,x,x,x,x
Newfoundland and Labrador,Agriculture,Men,55 years and over,2025,x,x,x,x,x,x,x
Newfoundland and Labrador,Agriculture,Women,15 to 24 years,2021,x,x,x,x,x,x,x
Newfoundland and Labrador,Agriculture,Women,15 to 24 years,2022,x,x,x,x,x,x,x
Newfoundland and Labrador,Agriculture,Women,15 to 24 years,2023,x,x,x,x,x,x,x
Newfoundland and Labrador,Agriculture,Women,15 to 24 years,2024,x,x,x,x,x,x,x
Newfoundland and Labrador,Agriculture,Women,15 to 24 years,2025,x,x,x,x,x,x,x
Newfoundland and Labrador,Agriculture,Women,25 to 54 years,2021,x,x,x,x,x,x,x
Newfoundland and Labrador,Agriculture,Women,25 to 54 years,2022,x,x,x,x,x,x,x
Newfoundland and Labrador,Agriculture,Women,25 to 54 years,2023,x,x,x,x,x,x,x
Newfoundland and Labrador,Agriculture,Women,25 to 54 years,2024,x,x,x,x,x,x,x
Newfoundland and Labrador,Agriculture,Women,25 to 54 years,2025,x,x,x,x,x,x,x
Newfoundland and Labrador,Agriculture,Women,55 years and over,2021,x,x,x,x,x,x,x
Newfoundland and Labrador,Agriculture,Women,55 years and over,2022,x,x,x,x,x,x,x
Newfoundland and Labrador,Agriculture,Women,55 years and over,2023,x,x,x,x,x,x,x
Newfoundland and Labrador,Agriculture,Women,55 years and over,2024,x,x,x,x,x,x,x
Newfoundland and Labrador,Agriculture,Women,55 years and over,2025,x,x,x,x,x,x,x
Newfoundland and Labrador,"Forestry, fishing, mining, quarrying, oil and gas",Men,15 to 24 years,2021,0.8,0.6,x,x,600,x,800
Newfoundland and Labrador,"Forestry, fishing, mining, quarrying, oil and gas",Men,15 to 24 years,2022,1.2,0.7,0.5,41.7,700,500,1200
Newfoundland and Labrador,"Forestry, fishing, mining, quarrying, oil and gas",Men,15 to 24 years,2023,1.3,1.1,x,x,1100,x,1300
Newfoundland and Labrador,"Forestry, fishing, mining, quarrying, oil and gas",Men,15 to 24 years,2024,1,0.6,x,x,600,x,1000
Newfoundland and Labrador,"Forestry, fishing, mining, quarrying, oil and gas",Men,15 to 24 years,2025,1,0.8,x,x,800,x,1000
Newfoundland and Labrador,"Forestry, fishing, mining, quarrying, oil and gas",Men,25 to 54 years,2021,9.4,8,1.5,16,8000,1500,9400
Newfoundland and Labrador,"Forestry, fishing, mining, quarrying, oil and gas",Men,25 to 54 years,2022,11.5,10.1,1.3,11.3,10100,1300,11500
Newfoundland and Labrador,"Forestry, fishing, mining, quarrying, oil and gas",Men,25 to 54 years,2023,10.6,9.7,0.9,8.5,9700,900,10600
Newfoundland and Labrador,"Forestry, fishing, mining, quarrying, oil and gas",Men,25 to 54 years,2024,11.8,10.6,1.2,10.2,10600,1200,11800
Newfoundland and Labrador,"Forestry, fishing, mining, quarrying, oil and gas",Men,25 to 54 years,2025,10.3,9.1,1.2,11.7,9100,1200,10300
Newfoundland and Labrador,"Forestry, fishing, mining, quarrying, oil and gas",Men,55 years and over,2021,4.3,3.5,0.8,18.6,3500,800,4300
Newfoundland and Labrador,"Forestry, fishing, mining, quarrying, oil and gas",Men,55 years and over,2022,3.3,2.6,0.7,21.2,2600,700,3300
Newfoundland and Labrador,"Forestry, fishing, mining, quarrying, oil and gas",Men,55 years and over,2023,3.6,3.1,0.5,13.9,3100,500,3600
Newfoundland and Labrador,"Forestry, fishing, mining, quarrying, oil and gas",Men,55 years and over,2024,3.8,3.3,0.5,13.2,3300,500,3800
Newfoundland and Labrador,"Forestry, fishing, mining, quarrying, oil and gas",Men,55 years and over,2025,3.5,2.8,0.6,17.1,2800,600,3500
Newfoundland and Labrador,"Forestry, fishing, mining, quarrying, oil and gas",Women,15 to 24 years,2021,x,x,x,x,x,x,x
Newfoundland and Labrador,"Forestry, fishing, mining, quarrying, oil and gas",Women,15 to 24 years,2022,x,x,x,x,x,x,x
Newfoundland and Labrador,"Forestry, fishing, mining, quarrying, oil and gas",Women,15 to 24 years,2023,x,x,x,x,x,x,x
Newfoundland and Labrador,"Forestry, fishing, mining, quarrying, oil and gas",Women,15 to 24 years,2024,x,x,x,x,x,x,x
Newfoundland and Labrador,"Forestry, fishing, mining, quarrying, oil and gas",Women,15 to 24 years,2025,x,x,x,x,x,x,x
Newfoundland and Labrador,"Forestry, fishing, mining, quarrying, oil and gas",Women,25 to 54 years,2021,2.6,2.3,x,x,2300,x,2600
Newfoundland and Labrador,"Forestry, fishing, mining, quarrying, oil and gas",Women,25 to 54 years,2022,2.5,2.3,x,x,2300,x,2500
Newfoundland and Labrador,"Forestry, fishing, mining, quarrying, oil and gas",Women,25 to 54 years,2023,2.6,2.2,x,x,2200,x,2600
Newfoundland and Labrador,"Forestry, fishing, mining, quarrying, oil and gas",Women,25 to 54 years,2024,2.1,1.8,x,x,1800,x,2100
Newfoundland and Labrador,"Forestry, fishing, mining, quarrying, oil and gas",Women,25 to 54 years,2025,2.4,2,x,x,2000,x,2400
Newfoundland and Labrador,"Forestry, fishing, mining, quarrying, oil and gas",Women,55 years and over,2021,0.6,0.6,x,x,600,x,600
Newfoundland and Labrador,"Forestry, fishing, mining, quarrying, oil and gas",Women,55 years and over,2022,0.7,x,x,x,x,x,700
Newfoundland and Labrador,"Forestry, fishing, mining, quarrying, oil and gas",Women,55 years and over,2023,0.8,x,x,x,x,x,800
Newfoundland and Labrador,"Forestry, fishing, mining, quarrying, oil and gas",Women,55 years and over,2024,0.5,x,x,x,x,x,500
Newfoundland and Labrador,"Forestry, fishing, mining, quarrying, oil and gas",Women,55 years and over,2025,0.9,0.7,x,x,700,x,900
Newfoundland and Labrador,Utilities,Men,15 to 24 years,2021,x,x,x,x,x,x,x
Newfoundland and Labrador,Utilities,Men,15 to 24 years,2022,x,x,x,x,x,x,x
Newfoundland and Labrador,Utilities,Men,15 to 24 years,2023,x,x,x,x,x,x,x
Newfoundland and Labrador,Utilities,Men,15 to 24 years,2024,x,x,x,x,x,x,x
Newfoundland and Labrador,Utilities,Men,15 to 24 years,2025,x,x,x,x,x,x,x
Newfoundland and Labrador,Utilities,Men,25 to 54 years,2021,1.6,1.5,x,x,1500,x,1600
Newfoundland and Labrador,Utilities,Men,25 to 54 years,2022,1.5,1.5,x,x,1500,x,1500
Newfoundland and Labrador,Utilities,Men,25 to 54 years,2023,1.3,1.3,x,x,1300,x,1300
Newfoundland and Labrador,Utilities,Men,25 to 54 years,2024,1.1,1.1,x,x,1100,x,1100
Newfoundland and Labrador,Utilities,Men,25 to 54 years,2025,1.2,1.2,x,x,1200,x,1200
Newfoundland and Labrador,Utilities,Men,55 years and over,2021,x,x,x,x,x,x,x
Newfoundland and Labrador,Utilities,Men,55 years and over,2022,x,x,x,x,x,x,x
Newfoundland and Labrador,Utilities,Men,55 years and over,2023,x,x,x,x,x,x,x
Newfoundland and Labrador,Utilities,Men,55 years and over,2024,x,x,x,x,x,x,x
Newfoundland and Labrador,Utilities,Men,55 years and over,2025,x,x,x,x,x,x,x
Newfoundland and Labrador,Utilities,Women,15 to 24 years,2021,x,x,x,x,x,x,x
Newfoundland and Labrador,Utilities,Women,15 to 24 years,2022,x,x,x,x,x,x,x
Newfoundland and Labrador,Utilities,Women,15 to 24 years,2023,x,x,x,x,x,x,x
Newfoundland and Labrador,Utilities,Women,15 to 24 years,2024,x,x,x,x,x,x,x
Newfoundland and Labrador,Utilities,Women,15 to 24 years,2025,x,x,x,x,x,x,x
Newfoundland and Labrador,Utilities,Women,25 to 54 years,2021,0.5,0.5,x,x,500,x,500
Newfoundland and Labrador,Utilities,Women,25 to 54 years,2022,x,x,x,x,x,x,x
Newfoundland and Labrador,Utilities,Women,25 to 54 years,2023,0.8,0.8,x,x,800,x,800
Newfoundland and Labrador,Utilities,Women,25 to 54 years,2024,x,x,x,x,x,x,x
Newfoundland and Labrador,Utilities,Women,25 to 54 years,2025,0.6,0.6,x,x,600,x,600
Newfoundland and Labrador,Utilities,Women,55 years and over,2021,x,x,x,x,x,x,x
Newfoundland and Labrador,Utilities,Women,55 years and over,2022,x,x,x,x,x,x,x
Newfoundland and Labrador,Utilities,Women,55 years and over,2023,x,x,x,x,x,x,x
Newfoundland and Labrador,Utilities,Women,55 years and over,2024,x,x,x,x,x,x,x
Newfoundland and Labrador,Utilities,Women,55 years and over,2025,x,x,x,x,x,x,x
Newfoundland and Labrador,Construction,Men,15 to 24 years,2021,1.4,1,x,x,1000,x,1400
Newfoundland and Labrador,Construction,Men,15 to 24 years,2022,1.4,1.2,x,x,1200,x,1400
Newfoundland and Labrador,Construction,Men,15 to 24 years,2023,1.8,1.3,0.5,27.8,1300,500,1800
Newfoundland and Labrador,Construction,Men,15 to 24 years,2024,2.1,1.7,x,x,1700,x,2100
Newfoundland and Labrador,Construction,Men,15 to 24 years,2025,1.4,1.1,x,x,1100,x,1400
Newfoundland and Labrador,Construction,Men,25 to 54 years,2021,14.2,11.3,2.9,20.4,11300,2900,14200
Newfoundland and Labrador,Construction,Men,25 to 54 years,2022,13.4,10.7,2.7,20.1,10700,2700,13400
Newfoundland and Labrador,Construction,Men,25 to 54 years,2023,12.7,10.8,2,15.7,10800,2000,12700
Newfoundland and Labrador,Construction,Men,25 to 54 years,2024,13.1,10.6,2.5,19.1,10600,2500,13100
Newfoundland and Labrador,Construction,Men,25 to 54 years,2025,12,10.3,1.7,14.2,10300,1700,12000
Newfoundland and Labrador,Construction,Men,55 years and over,2021,4.6,3.1,1.6,34.8,3100,1600,4600
Newfoundland and Labrador,Construction,Men,55 years and over,2022,6.2,4.9,1.4,22.6,4900,1400,6200
Newfoundland and Labrador,Construction,Men,55 years and over,2023,6.8,4.8,1.9,27.9,4800,1900,6800
Newfoundland and Labrador,Construction,Men,55 years and over,2024,6.5,5.4,1.1,16.9,5400,1100,6500
Newfoundland and Labrador,Construction,Men,55 years and over,2025,5.9,4.4,1.5,25.4,4400,1500,5900
Newfoundland and Labrador,Construction,Women,15 to 24 years,2021,x,x,x,x,x,x,x
Newfoundland and Labrador,Construction,Women,15 to 24 years,2022,x,x,x,x,x,x,x
Newfoundland and Labrador,Construction,Women,15 to 24 years,2023,x,x,x,x,x,x,x
Newfoundland and Labrador,Construction,Women,15 to 24 years,2024,x,x,x,x,x,x,x
Newfoundland and Labrador,Construction,Women,15 to 24 years,2025,x,x,x,x,x,x,x
Newfoundland and Labrador,Construction,Women,25 to 54 years,2021,1.7,1.4,x,x,1400,x,1700
Newfoundland and Labrador,Construction,Women,25 to 54 years,2022,1.6,1.4,x,x,1400,x,1600
Newfoundland and Labrador,Construction,Women,25 to 54 years,2023,1.6,1.4,x,x,1400,x,1600
Newfoundland and Labrador,Construction,Women,25 to 54 years,2024,1.7,1.5,x,x,1500,x,1700
Newfoundland and Labrador,Construction,Women,25 to 54 years,2025,1.7,1.5,x,x,1500,x,1700
Newfoundland and Labrador,Construction,Women,55 years and over,2021,0.6,0.5,x,x,500,x,600
Newfoundland and Labrador,Construction,Women,55 years and over,2022,0.8,0.6,x,x,600,x,800
Newfoundland and Labrador,Construction,Women,55 years and over,2023,1,1,x,x,1000,x,1000
Newfoundland and Labrador,Construction,Women,55 years and over,2024,0.5,0.5,x,x,500,x,500
Newfoundland and Labrador,Construction,Women,55 years and over,2025,0.8,0.6,x,x,600,x,800
Newfoundland and Labrador,Manufacturing,Men,15 to 24 years,2021,0.9,0.6,x,x,600,x,900
Newfoundland and Labrador,Manufacturing,Men,15 to 24 years,2022,x,x,x,x,x,x,x
Newfoundland and Labrador,Manufacturing,Men,15 to 24 years,2023,0.6,0.5,x,x,500,x,600
Newfoundland and Labrador,Manufacturing,Men,15 to 24 years,2024,0.7,0.6,x,x,600,x,700
Newfoundland and Labrador,Manufacturing,Men,15 to 24 years,2025,0.7,0.6,x,x,600,x,700
Newfoundland and Labrador,Manufacturing,Men,25 to 54 years,2021,5.3,4.5,0.9,17,4500,900,5300
Newfoundland and Labrador,Manufacturing,Men,25 to 54 years,2022,5,4.2,0.8,16,4200,800,5000
Newfoundland and Labrador,Manufacturing,Men,25 to 54 years,2023,4.9,4.4,0.5,10.2,4400,500,4900
Newfoundland and Labrador,Manufacturing,Men,25 to 54 years,2024,3.9,3.4,0.5,12.8,3400,500,3900
Newfoundland and Labrador,Manufacturing,Men,25 to 54 years,2025,4.2,3.6,0.6,14.3,3600,600,4200
Newfoundland and Labrador,Manufacturing,Men,55 years and over,2021,2.9,2.5,x,x,2500,x,2900
Newfoundland and Labrador,Manufacturing,Men,55 years and over,2022,3.3,2.7,0.5,15.2,2700,500,3300
Newfoundland and Labrador,Manufacturing,Men,55 years and over,2023,2.8,2.1,0.6,21.4,2100,600,2800
Newfoundland and Labrador,Manufacturing,Men,55 years and over,2024,3.2,2.5,0.7,21.9,2500,700,3200
Newfoundland and Labrador,Manufacturing,Men,55 years and over,2025,2.7,2.3,x,x,2300,x,2700
Newfoundland and Labrador,Manufacturing,Women,15 to 24 years,2021,x,x,x,x,x,x,x
Newfoundland and Labrador,Manufacturing,Women,15 to 24 years,2022,x,x,x,x,x,x,x
Newfoundland and Labrador,Manufacturing,Women,15 to 24 years,2023,x,x,x,x,x,x,x
Newfoundland and Labrador,Manufacturing,Women,15 to 24 years,2024,x,x,x,x,x,x,x
Newfoundland and Labrador,Manufacturing,Women,15 to 24 years,2025,x,x,x,x,x,x,x
Newfoundland and Labrador,Manufacturing,Women,25 to 54 years,2021,2.5,2.1,x,x,2100,x,2500
Newfoundland and Labrador,Manufacturing,Women,25 to 54 years,2022,2.2,1.8,x,x,1800,x,2200
Newfoundland and Labrador,Manufacturing,Women,25 to 54 years,2023,2.1,1.6,0.5,23.8,1600,500,2100
Newfoundland and Labrador,Manufacturing,Women,25 to 54 years,2024,2.2,1.8,x,x,1800,x,2200
Newfoundland and Labrador,Manufacturing,Women,25 to 54 years,2025,2,1.7,x,x,1700,x,2000
Newfoundland and Labrador,Manufacturing,Women,55 years and over,2021,1.3,0.9,x,x,900,x,1300
Newfoundland and Labrador,Manufacturing,Women,55 years and over,2022,1.6,1.2,x,x,1200,x,1600
Newfoundland and Labrador,Manufacturing,Women,55 years and over,2023,1.3,0.9,x,x,900,x,1300
Newfoundland and Labrador,Manufacturing,Women,55 years and over,2024,1.7,1.4,x,x,1400,x,1700
Newfoundland and Labrador,Manufacturing,Women,55 years and over,2025,1.1,1,x,x,1000,x,1100
Newfoundland and Labrador,Wholesale and retail trade,Men,15 to 24 years,2021,5.1,4.7,x,x,4700,x,5100
Newfoundland and Labrador,Wholesale and retail trade,Men,15 to 24 years,2022,5.1,4.6,0.6,11.8,4600,600,5100
Newfoundland and Labrador,Wholesale and retail trade,Men,15 to 24 years,2023,4.5,4.3,x,x,4300,x,4500
Newfoundland and Labrador,Wholesale and retail trade,Men,15 to 24 years,2024,5.3,5,x,x,5000,x,5300
Newfoundland and Labrador,Wholesale and retail trade,Men,15 to 24 years,2025,5.1,4.7,x,x,4700,x,5100
Newfoundland and Labrador,Wholesale and retail trade,Men,25 to 54 years,2021,10.9,10.3,0.6,5.5,10300,600,10900
Newfoundland and Labrador,Wholesale and retail trade,Men,25 to 54 years,2022,10.5,9.8,0.6,5.7,9800,600,10500
Newfoundland and Labrador,Wholesale and retail trade,Men,25 to 54 years,2023,9.8,9.3,0.5,5.1,9300,500,9800
Newfoundland and Labrador,Wholesale and retail trade,Men,25 to 54 years,2024,11,10.4,0.6,5.5,10400,600,11000
Newfoundland and Labrador,Wholesale and retail trade,Men,25 to 54 years,2025,10.9,10.3,0.7,6.4,10300,700,10900
Newfoundland and Labrador,Wholesale and retail trade,Men,55 years and over,2021,4.8,4.6,x,x,4600,x,4800
Newfoundland and Labrador,Wholesale and retail trade,Men,55 years and over,2022,4.8,4.5,x,x,4500,x,4800
Newfoundland and Labrador,Wholesale and retail trade,Men,55 years and over,2023,4.7,4.5,x,x,4500,x,4700
Newfoundland and Labrador,Wholesale and retail trade,Men,55 years and over,2024,3.8,3.6,x,x,3600,x,3800
Newfoundland and Labrador,Wholesale and retail trade,Men,55 years and over,2025,5.2,4.7,x,x,4700,x,5200
Newfoundland and Labrador,Wholesale and retail trade,Women,15 to 24 years,2021,5.1,4.7,x,x,4700,x,5100
Newfoundland and Labrador,Wholesale and retail trade,Women,15 to 24 years,2022,5,4.8,x,x,4800,x,5000
Newfoundland and Labrador,Wholesale and retail trade,Women,15 to 24 years,2023,4.5,4.4,x,x,4400,x,4500
Newfoundland and Labrador,Wholesale and retail trade,Women,15 to 24 years,2024,5.2,4.9,x,x,4900,x,5200
Newfoundland and Labrador,Wholesale and retail trade,Women,15 to 24 years,2025,4.2,3.8,x,x,3800,x,4200
Newfoundland and Labrador,Wholesale and retail trade,Women,25 to 54 years,2021,9.8,9.2,0.6,6.1,9200,600,9800
Newfoundland and Labrador,Wholesale and retail trade,Women,25 to 54 years,2022,9.6,9.2,0.5,5.2,9200,500,9600
Newfoundland and Labrador,Wholesale and retail trade,Women,25 to 54 years,2023,9.8,9.4,x,x,9400,x,9800
Newfoundland and Labrador,Wholesale and retail trade,Women,25 to 54 years,2024,10.3,9.6,0.7,6.8,9600,700,10300
Newfoundland and Labrador,Wholesale and retail trade,Women,25 to 54 years,2025,10.2,9.8,x,x,9800,x,10200
Newfoundland and Labrador,Wholesale and retail trade,Women,55 years and over,2021,5.2,4.9,x,x,4900,x,5200
Newfoundland and Labrador,Wholesale and retail trade,Women,55 years and over,2022,5.4,5.2,x,x,5200,x,5400
Newfoundland and Labrador,Wholesale and retail trade,Women,55 years and over,2023,4.9,4.8,x,x,4800,x,4900
Newfoundland and Labrador,Wholesale and retail trade,Women,55 years and over,2024,5,4.5,0.5,10,4500,500,5000
Newfoundland and Labrador,Wholesale and retail trade,Women,55 years and over,2025,5.4,5.2,x,x,5200,x,5400
Newfoundland and Labrador,Transportation and warehousing,Men,15 to 24 years,2021,x,x,x,x,x,x,x
Newfoundland and Labrador,Transportation and warehousing,Men,15 to 24 years,2022,0.7,0.7,x,x,700,x,700
Newfoundland and Labrador,Transportation and warehousing,Men,15 to 24 years,2023,0.7,0.6,x,x,600,x,700
Newfoundland and Labrador,Transportation and warehousing,Men,15 to 24 years,2024,0.8,0.7,x,x,700,x,800
Newfoundland and Labrador,Transportation and warehousing,Men,15 to 24 years,2025,0.7,0.6,x,x,600,x,700
Newfoundland and Labrador,Transportation and warehousing,Men,25 to 54 years,2021,4.3,4,x,x,4000,x,4300
Newfoundland and Labrador,Transportation and warehousing,Men,25 to 54 years,2022,5.8,5.3,0.5,8.6,5300,500,5800
Newfoundland and Labrador,Transportation and warehousing,Men,25 to 54 years,2023,6.9,6.5,x,x,6500,x,6900
Newfoundland and Labrador,Transportation and warehousing,Men,25 to 54 years,2024,7.4,7,x,x,7000,x,7400
Newfoundland and Labrador,Transportation and warehousing,Men,25 to 54 years,2025,7.1,6.6,0.5,7,6600,500,7100
Newfoundland and Labrador,Transportation and warehousing,Men,55 years and over,2021,2.7,2.2,0.5,18.5,2200,500,2700
Newfoundland and Labrador,Transportation and warehousing,Men,55 years and over,2022,3.5,3,0.5,14.3,3000,500,3500
Newfoundland and Labrador,Transportation and warehousing,Men,55 years and over,2023,3.7,3.5,x,x,3500,x,3700
Newfoundland and Labrador,Transportation and warehousing,Men,55 years and over,2024,3.1,2.8,x,x,2800,x,3100
Newfoundland and Labrador,Transportation and warehousing,Men,55 years and over,2025,3.5,3.3,x,x,3300,x,3500
Newfoundland and Labrador,Transportation and warehousing,Women,15 to 24 years,2021,x,x,x,x,x,x,x
Newfoundland and Labrador,Transportation and warehousing,Women,15 to 24 years,2022,x,x,x,x,x,x,x
Newfoundland and Labrador,Transportation and warehousing,Women,15 to 24 years,2023,x,x,x,x,x,x,x
Newfoundland and Labrador,Transportation and warehousing,Women,15 to 24 years,2024,x,x,x,x,x,x,x
Newfoundland and Labrador,Transportation and warehousing,Women,15 to 24 years,2025,x,x,x,x,x,x,x
Newfoundland and Labrador,Transportation and warehousing,Women,25 to 54 years,2021,1.3,1.2,x,x,1200,x,1300
Newfoundland and Labrador,Transportation and warehousing,Women,25 to 54 years,2022,1.4,1.3,x,x,1300,x,1400
Newfoundland and Labrador,Transportation and warehousing,Women,25 to 54 years,2023,1.8,1.7,x,x,1700,x,1800
Newfoundland and Labrador,Transportation and warehousing,Women,25 to 54 years,2024,1.4,1.4,x,x,1400,x,1400
Newfoundland and Labrador,Transportation and warehousing,Women,25 to 54 years,2025,1.8,1.7,x,x,1700,x,1800
Newfoundland and Labrador,Transportation and warehousing,Women,55 years and over,2021,0.5,x,x,x,x,x,500
Newfoundland and Labrador,Transportation and warehousing,Women,55 years and over,2022,1,0.8,x,x,800,x,1000
Newfoundland and Labrador,Transportation and warehousing,Women,55 years and over,2023,0.7,0.6,x,x,600,x,700
Newfoundland and Labrador,Transportation and warehousing,Women,55 years and over,2024,1,0.9,x,x,900,x,1000
Newfoundland and Labrador,Transportation and warehousing,Women,55 years and over,2025,0.6,0.5,x,x,500,x,600
Newfoundland and Labrador,"Finance, insurance, real estate, rental and leasing",Men,15 to 24 years,2021,x,x,x,x,x,x,x
Newfoundland and Labrador,"Finance, insurance, real estate, rental and leasing",Men,15 to 24 years,2022,x,x,x,x,x,x,x
Newfoundland and Labrador,"Finance, insurance, real estate, rental and leasing",Men,15 to 24 years,2023,x,x,x,x,x,x,x
Newfoundland and Labrador,"Finance, insurance, real estate, rental and leasing",Men,15 to 24 years,2024,x,x,x,x,x,x,x
Newfoundland and Labrador,"Finance, insurance, real estate, rental and leasing",Men,15 to 24 years,2025,x,x,x,x,x,x,x
Newfoundland and Labrador,"Finance, insurance, real estate, rental and leasing",Men,25 to 54 years,2021,1.7,1.6,x,x,1600,x,1700
Newfoundland and Labrador,"Finance, insurance, real estate, rental and leasing",Men,25 to 54 years,2022,2.2,2.2,x,x,2200,x,2200
Newfoundland and Labrador,"Finance, insurance, real estate, rental and leasing",Men,25 to 54 years,2023,2.3,2.3,x,x,2300,x,2300
Newfoundland and Labrador,"Finance, insurance, real estate, rental and leasing",Men,25 to 54 years,2024,2.5,2.2,x,x,2200,x,2500
Newfoundland and Labrador,"Finance, insurance, real estate, rental and leasing",Men,25 to 54 years,2025,2,2,x,x,2000,x,2000
Newfoundland and Labrador,"Finance, insurance, real estate, rental and leasing",Men,55 years and over,2021,0.7,0.7,x,x,700,x,700
Newfoundland and Labrador,"Finance, insurance, real estate, rental and leasing",Men,55 years and over,2022,0.9,0.8,x,x,800,x,900
Newfoundland and Labrador,"Finance, insurance, real estate, rental and leasing",Men,55 years and over,2023,1,1,x,x,1000,x,1000
Newfoundland and Labrador,"Finance, insurance, real estate, rental and leasing",Men,55 years and over,2024,1,0.9,x,x,900,x,1000
Newfoundland and Labrador,"Finance, insurance, real estate, rental and leasing",Men,55 years and over,2025,1.5,1.4,x,x,1400,x,1500
Newfoundland and Labrador,"Finance, insurance, real estate, rental and leasing",Women,15 to 24 years,2021,x,x,x,x,x,x,x
Newfoundland and Labrador,"Finance, insurance, real estate, rental and leasing",Women,15 to 24 years,2022,x,x,x,x,x,x,x
Newfoundland and Labrador,"Finance, insurance, real estate, rental and leasing",Women,15 to 24 years,2023,x,x,x,x,x,x,x
Newfoundland and Labrador,"Finance, insurance, real estate, rental and leasing",Women,15 to 24 years,2024,x,x,x,x,x,x,x
Newfoundland and Labrador,"Finance, insurance, real estate, rental and leasing",Women,15 to 24 years,2025,x,x,x,x,x,x,x
Newfoundland and Labrador,"Finance, insurance, real estate, rental and leasing",Women,25 to 54 years,2021,3.3,3.2,x,x,3200,x,3300
Newfoundland and Labrador,"Finance, insurance, real estate, rental and leasing",Women,25 to 54 years,2022,2.8,2.7,x,x,2700,x,2800
Newfoundland and Labrador,"Finance, insurance, real estate, rental and leasing",Women,25 to 54 years,2023,3.1,3.1,x,x,3100,x,3100
Newfoundland and Labrador,"Finance, insurance, real estate, rental and leasing",Women,25 to 54 years,2024,3.2,3,x,x,3000,x,3200
Newfoundland and Labrador,"Finance, insurance, real estate, rental and leasing",Women,25 to 54 years,2025,3.6,3.5,x,x,3500,x,3600
Newfoundland and Labrador,"Finance, insurance, real estate, rental and leasing",Women,55 years and over,2021,1.4,1.3,x,x,1300,x,1400
Newfoundland and Labrador,"Finance, insurance, real estate, rental and leasing",Women,55 years and over,2022,0.9,0.9,x,x,900,x,900
Newfoundland and Labrador,"Finance, insurance, real estate, rental and leasing",Women,55 years and over,2023,0.8,0.7,x,x,700,x,800
Newfoundland and Labrador,"Finance, insurance, real estate, rental and leasing",Women,55 years and over,2024,1.2,1.2,x,x,1200,x,1200
Newfoundland and Labrador,"Finance, insurance, real estate, rental and leasing",Women,55 years and over,2025,1.1,1.1,x,x,1100,x,1100
Newfoundland and Labrador,"Professional, scientific and technical services",Men,15 to 24 years,2021,1,1,x,x,1000,x,1000
Newfoundland and Labrador,"Professional, scientific and technical services",Men,15 to 24 years,2022,0.9,0.8,x,x,800,x,900
Newfoundland and Labrador,"Professional, scientific and technical services",Men,15 to 24 years,2023,0.8,0.7,x,x,700,x,800
Newfoundland and Labrador,"Professional, scientific and technical services",Men,15 to 24 years,2024,0.9,0.7,x,x,700,x,900
Newfoundland and Labrador,"Professional, scientific and technical services",Men,15 to 24 years,2025,0.9,0.7,x,x,700,x,900
Newfoundland and Labrador,"Professional, scientific and technical services",Men,25 to 54 years,2021,4.6,4.4,x,x,4400,x,4600
Newfoundland and Labrador,"Professional, scientific and technical services",Men,25 to 54 years,2022,5.4,5.2,x,x,5200,x,5400
Newfoundland and Labrador,"Professional, scientific and technical services",Men,25 to 54 years,2023,5.3,5.2,x,x,5200,x,5300
Newfoundland and Labrador,"Professional, scientific and technical services",Men,25 to 54 years,2024,5.4,5.2,x,x,5200,x,5400
Newfoundland and Labrador,"Professional, scientific and technical services",Men,25 to 54 years,2025,5.9,5.6,x,x,5600,x,5900
Newfoundland and Labrador,"Professional, scientific and technical services",Men,55 years and over,2021,1.5,1.4,x,x,1400,x,1500
Newfoundland and Labrador,"Professional, scientific and technical services",Men,55 years and over,2022,1.2,1.2,x,x,1200,x,1200
Newfoundland and Labrador,"Professional, scientific and technical services",Men,55 years and over,2023,1.6,1.4,x,x,1400,x,1600
Newfoundland and Labrador,"Professional, scientific and technical services",Men,55 years and over,2024,1.8,1.8,x,x,1800,x,1800
Newfoundland and Labrador,"Professional, scientific and technical services",Men,55 years and over,2025,1.6,1.6,x,x,1600,x,1600
Newfoundland and Labrador,"Professional, scientific and technical services",Women,15 to 24 years,2021,x,x,x,x,x,x,x
Newfoundland and Labrador,"Professional, scientific and technical services",Women,15 to 24 years,2022,x,x,x,x,x,x,x
Newfoundland and Labrador,"Professional, scientific and technical services",Women,15 to 24 years,2023,x,x,x,x,x,x,x
Newfoundland and Labrador,"Professional, scientific and technical services",Women,15 to 24 years,2024,x,x,x,x,x,x,x
Newfoundland and Labrador,"Professional, scientific and technical services",Women,15 to 24 years,2025,x,x,x,x,x,x,x
Newfoundland and Labrador,"Professional, scientific and technical services",Women,25 to 54 years,2021,3.6,3.5,x,x,3500,x,3600
Newfoundland and Labrador,"Professional, scientific and technical services",Women,25 to 54 years,2022,3.3,3.2,x,x,3200,x,3300
Newfoundland and Labrador,"Professional, scientific and technical services",Women,25 to 54 years,2023,3.2,3.1,x,x,3100,x,3200
Newfoundland and Labrador,"Professional, scientific and technical services",Women,25 to 54 years,2024,3.5,3.4,x,x,3400,x,3500
Newfoundland and Labrador,"Professional, scientific and technical services",Women,25 to 54 years,2025,3.1,2.8,x,x,2800,x,3100
Newfoundland and Labrador,"Professional, scientific and technical services",Women,55 years and over,2021,0.7,0.6,x,x,600,x,700
Newfoundland and Labrador,"Professional, scientific and technical services",Women,55 years and over,2022,1.2,1.1,x,x,1100,x,1200
Newfoundland and Labrador,"Professional, scientific and technical services",Women,55 years and over,2023,1,0.9,x,x,900,x,1000
Newfoundland and Labrador,"Professional, scientific and technical services",Women,55 years and over,2024,1,0.9,x,x,900,x,1000
Newfoundland and Labrador,"Professional, scientific and technical services",Women,55 years and over,2025,1,0.9,x,x,900,x,1000
Newfoundland and Labrador,"Business, building and other support services",Men,15 to 24 years,2021,0.9,0.7,x,x,700,x,900
Newfoundland and Labrador,"Business, building and other support services",Men,15 to 24 years,2022,0.5,x,x,x,x,x,500
Newfoundland and Labrador,"Business, building and other support services",Men,15 to 24 years,2023,0.5,x,x,x,x,x,500
Newfoundland and Labrador,"Business, building and other support services",Men,15 to 24 years,2024,0.8,0.6,x,x,600,x,800
Newfoundland and Labrador,"Business, building and other support services",Men,15 to 24 years,2025,0.9,0.8,x,x,800,x,900
Newfoundland and Labrador,"Business, building and other support services",Men,25 to 54 years,2021,2.7,2.2,x,x,2200,x,2700
Newfoundland and Labrador,"Business, building and other support services",Men,25 to 54 years,2022,2.2,1.9,x,x,1900,x,2200
Newfoundland and Labrador,"Business, building and other support services",Men,25 to 54 years,2023,2.6,2.2,0.5,19.2,2200,500,2600
Newfoundland and Labrador,"Business, building and other support services",Men,25 to 54 years,2024,2.5,2.3,x,x,2300,x,2500
Newfoundland and Labrador,"Business, building and other support services",Men,25 to 54 years,2025,3.1,2.7,x,x,2700,x,3100
Newfoundland and Labrador,"Business, building and other support services",Men,55 years and over,2021,1.2,1.1,x,x,1100,x,1200
Newfoundland and Labrador,"Business, building and other support services",Men,55 years and over,2022,1.4,1.2,x,x,1200,x,1400
Newfoundland and Labrador,"Business, building and other support services",Men,55 years and over,2023,1.2,1,x,x,1000,x,1200
Newfoundland and Labrador,"Business, building and other support services",Men,55 years and over,2024,1.3,1.1,x,x,1100,x,1300
Newfoundland and Labrador,"Business, building and other support services",Men,55 years and over,2025,1.2,1.1,x,x,1100,x,1200
Newfoundland and Labrador,"Business, building and other support services",Women,15 to 24 years,2021,x,x,x,x,x,x,x
Newfoundland and Labrador,"Business, building and other support services",Women,15 to 24 years,2022,x,x,x,x,x,x,x
Newfoundland and Labrador,"Business, building and other support services",Women,15 to 24 years,2023,x,x,x,x,x,x,x
Newfoundland and Labrador,"Business, building and other support services",Women,15 to 24 years,2024,x,x,x,x,x,x,x
Newfoundland and Labrador,"Business, building and other support services",Women,15 to 24 years,2025,x,x,x,x,x,x,x
Newfoundland and Labrador,"Business, building and other support services",Women,25 to 54 years,2021,2.1,2,x,x,2000,x,2100
Newfoundland and Labrador,"Business, building and other support services",Women,25 to 54 years,2022,1.6,1.4,x,x,1400,x,1600
Newfoundland and Labrador,"Business, building and other support services",Women,25 to 54 years,2023,1.1,1,x,x,1000,x,1100
Newfoundland and Labrador,"Business, building and other support services",Women,25 to 54 years,2024,1.4,1.4,x,x,1400,x,1400
Newfoundland and Labrador,"Business, building and other support services",Women,25 to 54 years,2025,2.1,1.9,x,x,1900,x,2100
Newfoundland and Labrador,"Business, building and other support services",Women,55 years and over,2021,0.6,0.5,x,x,500,x,600
Newfoundland and Labrador,"Business, building and other support services",Women,55 years and over,2022,0.8,0.7,x,x,700,x,800
Newfoundland and Labrador,"Business, building and other support services",Women,55 years and over,2023,0.8,0.7,x,x,700,x,800
Newfoundland and Labrador,"Business, building and other support services",Women,55 years and over,2024,0.5,0.5,x,x,500,x,500
Newfoundland and Labrador,"Business, building and other support services",Women,55 years and over,2025,0.5,0.5,x,x,500,x,500
Newfoundland and Labrador,Educational services,Men,15 to 24 years,2021,x,x,x,x,x,x,x
Newfoundland and Labrador,Educational services,Men,15 to 24 years,2022,0.5,0.5,x,x,500,x,500
Newfoundland and Labrador,Educational services,Men,15 to 24 years,2023,x,x,x,x,x,x,x
Newfoundland and Labrador,Educational services,Men,15 to 24 years,2024,0.6,0.5,x,x,500,x,600
Newfoundland and Labrador,Educational services,Men,15 to 24 years,2025,0.6,0.6,x,x,600,x,600
Newfoundland and Labrador,Educational services,Men,25 to 54 years,2021,3.8,3.5,x,x,3500,x,3800
Newfoundland and Labrador,Educational services,Men,25 to 54 years,2022,3.5,3.4,x,x,3400,x,3500
Newfoundland and Labrador,Educational services,Men,25 to 54 years,2023,4,3.8,x,x,3800,x,4000
Newfoundland and Labrador,Educational services,Men,25 to 54 years,2024,4.6,4.5,x,x,4500,x,4600
Newfoundland and Labrador,Educational services,Men,25 to 54 years,2025,4.4,4.3,x,x,4300,x,4400
Newfoundland and Labrador,Educational services,Men,55 years and over,2021,1.6,1.5,x,x,1500,x,1600
Newfoundland and Labrador,Educational services,Men,55 years and over,2022,1.6,1.5,x,x,1500,x,1600
Newfoundland and Labrador,Educational services,Men,55 years and over,2023,1.7,1.6,x,x,1600,x,1700
Newfoundland and Labrador,Educational services,Men,55 years and over,2024,2.1,2,x,x,2000,x,2100
Newfoundland and Labrador,Educational services,Men,55 years and over,2025,2.1,2.1,x,x,2100,x,2100
Newfoundland and Labrador,Educational services,Women,15 to 24 years,2021,0.7,0.6,x,x,600,x,700
Newfoundland and Labrador,Educational services,Women,15 to 24 years,2022,0.7,0.7,x,x,700,x,700
Newfoundland and Labrador,Educational services,Women,15 to 24 years,2023,0.8,0.7,x,x,700,x,800
Newfoundland and Labrador,Educational services,Women,15 to 24 years,2024,0.8,0.8,x,x,800,x,800
Newfoundland and Labrador,Educational services,Women,15 to 24 years,2025,1,1,x,x,1000,x,1000
Newfoundland and Labrador,Educational services,Women,25 to 54 years,2021,8.7,8.4,x,x,8400,x,8700
Newfoundland and Labrador,Educational services,Women,25 to 54 years,2022,9.7,9,0.7,7.2,9000,700,9700
Newfoundland and Labrador,Educational services,Women,25 to 54 years,2023,9.3,9,x,x,9000,x,9300
Newfoundland and Labrador,Educational services,Women,25 to 54 years,2024,10.5,10,0.5,4.8,10000,500,10500
Newfoundland and Labrador,Educational services,Women,25 to 54 years,2025,9.9,9.6,x,x,9600,x,9900
Newfoundland and Labrador,Educational services,Women,55 years and over,2021,2.4,2.2,x,x,2200,x,2400
Newfoundland and Labrador,Educational services,Women,55 years and over,2022,2.2,2.1,x,x,2100,x,2200
Newfoundland and Labrador,Educational services,Women,55 years and over,2023,2.5,2.3,x,x,2300,x,2500
Newfoundland and Labrador,Educational services,Women,55 years and over,2024,3.3,3.1,x,x,3100,x,3300
Newfoundland and Labrador,Educational services,Women,55 years and over,2025,2.8,2.7,x,x,2700,x,2800
Newfoundland and Labrador,Health care and social assistance,Men,15 to 24 years,2021,0.8,0.6,x,x,600,x,800
Newfoundland and Labrador,Health care and social assistance,Men,15 to 24 years,2022,x,x,x,x,x,x,x
Newfoundland and Labrador,Health care and social assistance,Men,15 to 24 years,2023,0.7,0.7,x,x,700,x,700
Newfoundland and Labrador,Health care and social assistance,Men,15 to 24 years,2024,0.8,0.7,x,x,700,x,800
Newfoundland and Labrador,Health care and social assistance,Men,15 to 24 years,2025,0.6,0.6,x,x,600,x,600
Newfoundland and Labrador,Health care and social assistance,Men,25 to 54 years,2021,5.8,5.6,x,x,5600,x,5800
Newfoundland and Labrador,Health care and social assistance,Men,25 to 54 years,2022,6.6,6.3,x,x,6300,x,6600
Newfoundland and Labrador,Health care and social assistance,Men,25 to 54 years,2023,5.8,5.6,x,x,5600,x,5800
Newfoundland and Labrador,Health care and social assistance,Men,25 to 54 years,2024,6.6,6.5,x,x,6500,x,6600
Newfoundland and Labrador,Health care and social assistance,Men,25 to 54 years,2025,7.3,7.2,x,x,7200,x,7300
Newfoundland and Labrador,Health care and social assistance,Men,55 years and over,2021,2.7,2.6,x,x,2600,x,2700
Newfoundland and Labrador,Health care and social assistance,Men,55 years and over,2022,1.6,1.5,x,x,1500,x,1600
Newfoundland and Labrador,Health care and social assistance,Men,55 years and over,2023,2,1.9,x,x,1900,x,2000
Newfoundland and Labrador,Health care and social assistance,Men,55 years and over,2024,2,1.9,x,x,1900,x,2000
Newfoundland and Labrador,Health care and social assistance,Men,55 years and over,2025,1.8,1.7,x,x,1700,x,1800
Newfoundland and Labrador,Health care and social assistance,Women,15 to 24 years,2021,3.1,3,x,x,3000,x,3100
Newfoundland and Labrador,Health care and social assistance,Women,15 to 24 years,2022,2.9,2.6,x,x,2600,x,2900
Newfoundland and Labrador,Health care and social assistance,Women,15 to 24 years,2023,3.3,3.1,x,x,3100,x,3300
Newfoundland and Labrador,Health care and social assistance,Women,15 to 24 years,2024,3.1,3.1,x,x,3100,x,3100
Newfoundland and Labrador,Health care and social assistance,Women,15 to 24 years,2025,3.2,3.1,x,x,3100,x,3200
Newfoundland and Labrador,Health care and social assistance,Women,25 to 54 years,2021,26.5,25.7,0.8,3,25700,800,26500
Newfoundland and Labrador,Health care and social assistance,Women,25 to 54 years,2022,26.9,26.4,0.5,1.9,26400,500,26900
Newfoundland and Labrador,Health care and social assistance,Women,25 to 54 years,2023,26.8,26.2,0.6,2.2,26200,600,26800
Newfoundland and Labrador,Health care and social assistance,Women,25 to 54 years,2024,27.3,26.8,0.5,1.8,26800,500,27300
Newfoundland and Labrador,Health care and social assistance,Women,25 to 54 years,2025,26.9,26.6,x,x,26600,x,26900
Newfoundland and Labrador,Health care and social assistance,Women,55 years and over,2021,6.7,6.2,0.5,7.5,6200,500,6700
Newfoundland and Labrador,Health care and social assistance,Women,55 years and over,2022,7.9,7.5,0.5,6.3,7500,500,7900
Newfoundland and Labrador,Health care and social assistance,Women,55 years and over,2023,8.7,8.2,0.5,5.7,8200,500,8700
Newfoundland and Labrador,Health care and social assistance,Women,55 years and over,2024,9.1,8.6,0.5,5.5,8600,500,9100
Newfoundland and Labrador,Health care and social assistance,Women,55 years and over,2025,8.3,8.1,x,x,8100,x,8300
Newfoundland and Labrador,"Information, culture and recreation",Men,15 to 24 years,2021,0.9,0.7,x,x,700,x,900
Newfoundland and Labrador,"Information, culture and recreation",Men,15 to 24 years,2022,1.3,1.1,x,x,1100,x,1300
Newfoundland and Labrador,"Information, culture and recreation",Men,15 to 24 years,2023,1,0.9,x,x,900,x,1000
Newfoundland and Labrador,"Information, culture and recreation",Men,15 to 24 years,2024,0.8,0.6,x,x,600,x,800
Newfoundland and Labrador,"Information, culture and recreation",Men,15 to 24 years,2025,1.5,1.3,x,x,1300,x,1500
Newfoundland and Labrador,"Information, culture and recreation",Men,25 to 54 years,2021,2.2,1.9,x,x,1900,x,2200
Newfoundland and Labrador,"Information, culture and recreation",Men,25 to 54 years,2022,2.2,2,x,x,2000,x,2200
Newfoundland and Labrador,"Information, culture and recreation",Men,25 to 54 years,2023,2.7,2.5,x,x,2500,x,2700
Newfoundland and Labrador,"Information, culture and recreation",Men,25 to 54 years,2024,1.5,1.4,x,x,1400,x,1500
Newfoundland and Labrador,"Information, culture and recreation",Men,25 to 54 years,2025,1.8,1.6,x,x,1600,x,1800
Newfoundland and Labrador,"Information, culture and recreation",Men,55 years and over,2021,0.9,0.7,x,x,700,x,900
Newfoundland and Labrador,"Information, culture and recreation",Men,55 years and over,2022,0.6,0.5,x,x,500,x,600
Newfoundland and Labrador,"Information, culture and recreation",Men,55 years and over,2023,1,0.9,x,x,900,x,1000
Newfoundland and Labrador,"Information, culture and recreation",Men,55 years and over,2024,1.2,1.1,x,x,1100,x,1200
Newfoundland and Labrador,"Information, culture and recreation",Men,55 years and over,2025,0.8,0.7,x,x,700,x,800
Newfoundland and Labrador,"Information, culture and recreation",Women,15 to 24 years,2021,1,0.9,x,x,900,x,1000
Newfoundland and Labrador,"Information, culture and recreation",Women,15 to 24 years,2022,1,0.9,x,x,900,x,1000
Newfoundland and Labrador,"Information, culture and recreation",Women,15 to 24 years,2023,1.4,1.2,x,x,1200,x,1400
Newfoundland and Labrador,"Information, culture and recreation",Women,15 to 24 years,2024,1.3,1.2,x,x,1200,x,1300
Newfoundland and Labrador,"Information, culture and recreation",Women,15 to 24 years,2025,1.3,1.1,x,x,1100,x,1300
Newfoundland and Labrador,"Information, culture and recreation",Women,25 to 54 years,2021,1.4,1.2,x,x,1200,x,1400
Newfoundland and Labrador,"Information, culture and recreation",Women,25 to 54 years,2022,2,1.8,x,x,1800,x,2000
Newfoundland and Labrador,"Information, culture and recreation",Women,25 to 54 years,2023,1.7,1.6,x,x,1600,x,1700
Newfoundland and Labrador,"Information, culture and recreation",Women,25 to 54 years,2024,1.5,1.5,x,x,1500,x,1500
Newfoundland and Labrador,"Information, culture and recreation",Women,25 to 54 years,2025,2.1,1.7,x,x,1700,x,2100
Newfoundland and Labrador,"Information, culture and recreation",Women,55 years and over,2021,0.7,0.7,x,x,700,x,700
Newfoundland and Labrador,"Information, culture and recreation",Women,55 years and over,2022,0.7,0.5,x,x,500,x,700
Newfoundland and Labrador,"Information, culture and recreation",Women,55 years and over,2023,0.8,0.7,x,x,700,x,800
Newfoundland and Labrador,"Information, culture and recreation",Women,55 years and over,2024,0.7,0.6,x,x,600,x,700
Newfoundland and Labrador,"Information, culture and recreation",Women,55 years and over,2025,0.8,0.8,x,x,800,x,800
Newfoundland and Labrador,Accommodation and food services,Men,15 to 24 years,2021,2.4,2.2,x,x,2200,x,2400
Newfoundland and Labrador,Accommodation and food services,Men,15 to 24 years,2022,2.9,2.7,x,x,2700,x,2900
Newfoundland and Labrador,Accommodation and food services,Men,15 to 24 years,2023,2.8,2.6,x,x,2600,x,2800
Newfoundland and Labrador,Accommodation and food services,Men,15 to 24 years,2024,1.7,1.5,x,x,1500,x,1700
Newfoundland and Labrador,Accommodation and food services,Men,15 to 24 years,2025,2.3,2.1,x,x,2100,x,2300
Newfoundland and Labrador,Accommodation and food services,Men,25 to 54 years,2021,2.3,2.1,x,x,2100,x,2300
Newfoundland and Labrador,Accommodation and food services,Men,25 to 54 years,2022,2.6,2.5,x,x,2500,x,2600
Newfoundland and Labrador,Accommodation and food services,Men,25 to 54 years,2023,2.6,2.4,x,x,2400,x,2600
Newfoundland and Labrador,Accommodation and food services,Men,25 to 54 years,2024,3.3,2.9,x,x,2900,x,3300
Newfoundland and Labrador,Accommodation and food services,Men,25 to 54 years,2025,3.4,3,x,x,3000,x,3400
Newfoundland and Labrador,Accommodation and food services,Men,55 years and over,2021,0.8,0.5,x,x,500,x,800
Newfoundland and Labrador,Accommodation and food services,Men,55 years and over,2022,0.7,0.6,x,x,600,x,700
Newfoundland and Labrador,Accommodation and food services,Men,55 years and over,2023,0.6,0.6,x,x,600,x,600
Newfoundland and Labrador,Accommodation and food services,Men,55 years and over,2024,0.5,x,x,x,x,x,500
Newfoundland and Labrador,Accommodation and food services,Men,55 years and over,2025,0.7,0.6,x,x,600,x,700
Newfoundland and Labrador,Accommodation and food services,Women,15 to 24 years,2021,2.9,2.8,x,x,2800,x,2900
Newfoundland and Labrador,Accommodation and food services,Women,15 to 24 years,2022,3.8,3.6,x,x,3600,x,3800
Newfoundland and Labrador,Accommodation and food services,Women,15 to 24 years,2023,3.1,2.8,x,x,2800,x,3100
Newfoundland and Labrador,Accommodation and food services,Women,15 to 24 years,2024,3.6,3.3,x,x,3300,x,3600
Newfoundland and Labrador,Accommodation and food services,Women,15 to 24 years,2025,3.7,3.4,x,x,3400,x,3700
Newfoundland and Labrador,Accommodation and food services,Women,25 to 54 years,2021,3,2.7,x,x,2700,x,3000
Newfoundland and Labrador,Accommodation and food services,Women,25 to 54 years,2022,3.6,3.3,x,x,3300,x,3600
Newfoundland and Labrador,Accommodation and food services,Women,25 to 54 years,2023,5,4.7,x,x,4700,x,5000
Newfoundland and Labrador,Accommodation and food services,Women,25 to 54 years,2024,4.9,4.3,0.6,12.2,4300,600,4900
Newfoundland and Labrador,Accommodation and food services,Women,25 to 54 years,2025,4,3.5,0.5,12.5,3500,500,4000
Newfoundland and Labrador,Accommodation and food services,Women,55 years and over,2021,1.8,1.6,x,x,1600,x,1800
Newfoundland and Labrador,Accommodation and food services,Women,55 years and over,2022,2,1.6,x,x,1600,x,2000
Newfoundland and Labrador,Accommodation and food services,Women,55 years and over,2023,1.4,1,x,x,1000,x,1400
Newfoundland and Labrador,Accommodation and food services,Women,55 years and over,2024,1.4,1.4,x,x,1400,x,1400
Newfoundland and Labrador,Accommodation and food services,Women,55 years and over,2025,1.1,0.7,x,x,700,x,1100
Newfoundland and Labrador,Other services (except public administration),Men,15 to 24 years,2021,x,x,x,x,x,x,x
Newfoundland and Labrador,Other services (except public administration),Men,15 to 24 years,2022,0.9,0.8,x,x,800,x,900
Newfoundland and Labrador,Other services (except public administration),Men,15 to 24 years,2023,x,x,x,x,x,x,x
Newfoundland and Labrador,Other services (except public administration),Men,15 to 24 years,2024,x,x,x,x,x,x,x
Newfoundland and Labrador,Other services (except public administration),Men,15 to 24 years,2025,0.6,0.5,x,x,500,x,600
Newfoundland and Labrador,Other services (except public administration),Men,25 to 54 years,2021,2.1,1.8,x,x,1800,x,2100
Newfoundland and Labrador,Other services (except public administration),Men,25 to 54 years,2022,2.1,1.9,x,x,1900,x,2100
Newfoundland and Labrador,Other services (except public administration),Men,25 to 54 years,2023,2.3,2.1,x,x,2100,x,2300
Newfoundland and Labrador,Other services (except public administration),Men,25 to 54 years,2024,2,1.8,x,x,1800,x,2000
Newfoundland and Labrador,Other services (except public administration),Men,25 to 54 years,2025,2.5,2.4,x,x,2400,x,2500
Newfoundland and Labrador,Other services (except public administration),Men,55 years and over,2021,1.7,1.4,x,x,1400,x,1700
Newfoundland and Labrador,Other services (except public administration),Men,55 years and over,2022,1.1,0.9,x,x,900,x,1100
Newfoundland and Labrador,Other services (except public administration),Men,55 years and over,2023,1.3,1.2,x,x,1200,x,1300
Newfoundland and Labrador,Other services (except public administration),Men,55 years and over,2024,1.1,1.1,x,x,1100,x,1100
Newfoundland and Labrador,Other services (except public administration),Men,55 years and over,2025,1.4,1.3,x,x,1300,x,1400
Newfoundland and Labrador,Other services (except public administration),Women,15 to 24 years,2021,0.7,0.7,x,x,700,x,700
Newfoundland and Labrador,Other services (except public administration),Women,15 to 24 years,2022,0.5,x,x,x,x,x,500
Newfoundland and Labrador,Other services (except public administration),Women,15 to 24 years,2023,x,x,x,x,x,x,x
Newfoundland and Labrador,Other services (except public administration),Women,15 to 24 years,2024,0.5,0.5,x,x,500,x,500
Newfoundland and Labrador,Other services (except public administration),Women,15 to 24 years,2025,0.6,0.5,x,x,500,x,600
Newfoundland and Labrador,Other services (except public administration),Women,25 to 54 years,2021,3.4,3.2,x,x,3200,x,3400
Newfoundland and Labrador,Other services (except public administration),Women,25 to 54 years,2022,3.2,3.1,x,x,3100,x,3200
Newfoundland and Labrador,Other services (except public administration),Women,25 to 54 years,2023,3,2.7,x,x,2700,x,3000
Newfoundland and Labrador,Other services (except public administration),Women,25 to 54 years,2024,3.4,3.2,x,x,3200,x,3400
Newfoundland and Labrador,Other services (except public administration),Women,25 to 54 years,2025,3.2,3,x,x,3000,x,3200
Newfoundland and Labrador,Other services (except public administration),Women,55 years and over,2021,1.7,1.5,x,x,1500,x,1700
Newfoundland and Labrador,Other services (except public administration),Women,55 years and over,2022,1.4,1.3,x,x,1300,x,1400
Newfoundland and Labrador,Other services (except public administration),Women,55 years and over,2023,1.9,1.8,x,x,1800,x,1900
Newfoundland and Labrador,Other services (except public administration),Women,55 years and over,2024,1.5,1.4,x,x,1400,x,1500
Newfoundland and Labrador,Other services (except public administration),Women,55 years and over,2025,2.2,2.1,x,x,2100,x,2200
Newfoundland and Labrador,Public administration,Men,15 to 24 years,2021,0.8,0.6,x,x,600,x,800
Newfoundland and Labrador,Public administration,Men,15 to 24 years,2022,0.8,0.7,x,x,700,x,800
Newfoundland and Labrador,Public administration,Men,15 to 24 years,2023,0.5,x,x,x,x,x,500
Newfoundland and Labrador,Public administration,Men,15 to 24 years,2024,0.5,0.5,x,x,500,x,500
Newfoundland and Labrador,Public administration,Men,15 to 24 years,2025,0.7,0.6,x,x,600,x,700
Newfoundland and Labrador,Public administration,Men,25 to 54 years,2021,8,7.8,x,x,7800,x,8000
Newfoundland and Labrador,Public administration,Men,25 to 54 years,2022,7.7,7.6,x,x,7600,x,7700
Newfoundland and Labrador,Public administration,Men,25 to 54 years,2023,8,7.6,x,x,7600,x,8000
Newfoundland and Labrador,Public administration,Men,25 to 54 years,2024,7,6.8,x,x,6800,x,7000
Newfoundland and Labrador,Public administration,Men,25 to 54 years,2025,7.6,7.4,x,x,7400,x,7600
Newfoundland and Labrador,Public administration,Men,55 years and over,2021,2.4,2.2,x,x,2200,x,2400
Newfoundland and Labrador,Public administration,Men,55 years and over,2022,3.1,2.7,x,x,2700,x,3100
Newfoundland and Labrador,Public administration,Men,55 years and over,2023,2.2,2,x,x,2000,x,2200
Newfoundland and Labrador,Public administration,Men,55 years and over,2024,2.3,2.2,x,x,2200,x,2300
Newfoundland and Labrador,Public administration,Men,55 years and over,2025,2.7,2.6,x,x,2600,x,2700
Newfoundland and Labrador,Public administration,Women,15 to 24 years,2021,x,x,x,x,x,x,x
Newfoundland and Labrador,Public administration,Women,15 to 24 years,2022,x,x,x,x,x,x,x
Newfoundland and Labrador,Public administration,Women,15 to 24 years,2023,x,x,x,x,x,x,x
Newfoundland and Labrador,Public administration,Women,15 to 24 years,2024,x,x,x,x,x,x,x
Newfoundland and Labrador,Public administration,Women,15 to 24 years,2025,x,x,x,x,x,x,x
Newfoundland and Labrador,Public administration,Women,25 to 54 years,2021,7.6,7.4,x,x,7400,x,7600
Newfoundland and Labrador,Public administration,Women,25 to 54 years,2022,8,7.8,x,x,7800,x,8000
Newfoundland and Labrador,Public administration,Women,25 to 54 years,2023,8.1,7.8,x,x,7800,x,8100
Newfoundland and Labrador,Public administration,Women,25 to 54 years,2024,8.9,8.6,x,x,8600,x,8900
Newfoundland and Labrador,Public administration,Women,25 to 54 years,2025,8.6,8.3,x,x,8300,x,8600
Newfoundland and Labrador,Public administration,Women,55 years and over,2021,2.2,1.9,x,x,1900,x,2200
Newfoundland and Labrador,Public administration,Women,55 years and over,2022,2.2,1.9,x,x,1900,x,2200
Newfoundland and Labrador,Public administration,Women,55 years and over,2023,2.5,2.4,x,x,2400,x,2500
Newfoundland and Labrador,Public administration,Women,55 years and over,2024,2.3,2.3,x,x,2300,x,2300
Newfoundland and Labrador,Public administration,Women,55 years and over,2025,2.7,2.6,x,x,2600,x,2700
Prince Edward Island,Agriculture,Men,15 to 24 years,2021,0.4,0.3,x,x,300,x,400
Prince Edward Island,Agriculture,Men,15 to 24 years,2022,0.4,0.4,x,x,400,x,400
Prince Edward Island,Agriculture,Men,15 to 24 years,2023,0.4,0.4,x,x,400,x,400
Prince Edward Island,Agriculture,Men,15 to 24 years,2024,0.6,0.5,x,x,500,x,600
Prince Edward Island,Agriculture,Men,15 to 24 years,2025,0.3,0.2,x,x,200,x,300
Prince Edward Island,Agriculture,Men,25 to 54 years,2021,1.4,1.3,0.2,14.3,1300,200,1400
Prince Edward Island,Agriculture,Men,25 to 54 years,2022,1.3,1.2,x,x,1200,x,1300
Prince Edward Island,Agriculture,Men,25 to 54 years,2023,1.7,1.6,x,x,1600,x,1700
Prince Edward Island,Agriculture,Men,25 to 54 years,2024,1.7,1.5,0.2,11.8,1500,200,1700
Prince Edward Island,Agriculture,Men,25 to 54 years,2025,1.6,1.5,x,x,1500,x,1600
Prince Edward Island,Agriculture,Men,55 years and over,2021,1.4,1.2,0.2,14.3,1200,200,1400
Prince Edward Island,Agriculture,Men,55 years and over,2022,1.1,0.9,0.2,18.2,900,200,1100
Prince Edward Island,Agriculture,Men,55 years and over,2023,1.3,1.1,0.2,15.4,1100,200,1300
Prince Edward Island,Agriculture,Men,55 years and over,2024,1.3,1.1,0.2,15.4,1100,200,1300
Prince Edward Island,Agriculture,Men,55 years and over,2025,1.1,1,x,x,1000,x,1100
Prince Edward Island,Agriculture,Women,15 to 24 years,2021,x,x,x,x,x,x,x
Prince Edward Island,Agriculture,Women,15 to 24 years,2022,x,x,x,x,x,x,x
Prince Edward Island,Agriculture,Women,15 to 24 years,2023,0.3,0.2,x,x,200,x,300
Prince Edward Island,Agriculture,Women,15 to 24 years,2024,x,x,x,x,x,x,x
Prince Edward Island,Agriculture,Women,15 to 24 years,2025,x,x,x,x,x,x,x
Prince Edward Island,Agriculture,Women,25 to 54 years,2021,0.5,0.4,x,x,400,x,500
Prince Edward Island,Agriculture,Women,25 to 54 years,2022,0.5,0.4,x,x,400,x,500
Prince Edward Island,Agriculture,Women,25 to 54 years,2023,0.6,0.5,x,x,500,x,600
Prince Edward Island,Agriculture,Women,25 to 54 years,2024,0.5,0.4,x,x,400,x,500
Prince Edward Island,Agriculture,Women,25 to 54 years,2025,0.4,0.4,x,x,400,x,400
Prince Edward Island,Agriculture,Women,55 years and over,2021,0.2,0.2,x,x,200,x,200
Prince Edward Island,Agriculture,Women,55 years and over,2022,0.3,0.3,x,x,300,x,300
Prince Edward Island,Agriculture,Women,55 years and over,2023,0.3,0.3,x,x,300,x,300
Prince Edward Island,Agriculture,Women,55 years and over,2024,0.5,0.3,x,x,300,x,500
Prince Edward Island,Agriculture,Women,55 years and over,2025,0.3,0.2,x,x,200,x,300
Prince Edward Island,"Forestry, fishing, mining, quarrying, oil and gas",Men,15 to 24 years,2021,0.4,0.2,0.2,50,200,200,400
Prince Edward Island,"Forestry, fishing, mining, quarrying, oil and gas",Men,15 to 24 years,2022,0.3,0.2,x,x,200,x,300
Prince Edward Island,"Forestry, fishing, mining, quarrying, oil and gas",Men,15 to 24 years,2023,0.2,x,x,x,x,x,200
Prince Edward Island,"Forestry, fishing, mining, quarrying, oil and gas",Men,15 to 24 years,2024,0.3,0.2,x,x,200,x,300
Prince Edward Island,"Forestry, fishing, mining, quarrying, oil and gas",Men,15 to 24 years,2025,0.3,0.3,x,x,300,x,300
Prince Edward Island,"Forestry, fishing, mining, quarrying, oil and gas",Men,25 to 54 years,2021,1.6,1.2,0.4,25,1200,400,1600
Prince Edward Island,"Forestry, fishing, mining, quarrying, oil and gas",Men,25 to 54 years,2022,1.2,1,0.2,16.7,1000,200,1200
Prince Edward Island,"Forestry, fishing, mining, quarrying, oil and gas",Men,25 to 54 years,2023,1.4,1,0.4,28.6,1000,400,1400
Prince Edward Island,"Forestry, fishing, mining, quarrying, oil and gas",Men,25 to 54 years,2024,1.7,1.1,0.6,35.3,1100,600,1700
Prince Edward Island,"Forestry, fishing, mining, quarrying, oil and gas",Men,25 to 54 years,2025,1.6,1.1,0.5,31.3,1100,500,1600
Prince Edward Island,"Forestry, fishing, mining, quarrying, oil and gas",Men,55 years and over,2021,1.3,1.1,0.2,15.4,1100,200,1300
Prince Edward Island,"Forestry, fishing, mining, quarrying, oil and gas",Men,55 years and over,2022,1,0.8,0.3,30,800,300,1000
Prince Edward Island,"Forestry, fishing, mining, quarrying, oil and gas",Men,55 years and over,2023,0.8,0.6,0.2,25,600,200,800
Prince Edward Island,"Forestry, fishing, mining, quarrying, oil and gas",Men,55 years and over,2024,0.7,0.5,x,x,500,x,700
Prince Edward Island,"Forestry, fishing, mining, quarrying, oil and gas",Men,55 years and over,2025,0.8,0.6,0.2,25,600,200,800
Prince Edward Island,"Forestry, fishing, mining, quarrying, oil and gas",Women,15 to 24 years,2021,x,x,x,x,x,x,x
Prince Edward Island,"Forestry, fishing, mining, quarrying, oil and gas",Women,15 to 24 years,2022,x,x,x,x,x,x,x
Prince Edward Island,"Forestry, fishing, mining, quarrying, oil and gas",Women,15 to 24 years,2023,x,x,x,x,x,x,x
Prince Edward Island,"Forestry, fishing, mining, quarrying, oil and gas",Women,15 to 24 years,2024,x,x,x,x,x,x,x
Prince Edward Island,"Forestry, fishing, mining, quarrying, oil and gas",Women,15 to 24 years,2025,x,x,x,x,x,x,x
Prince Edward Island,"Forestry, fishing, mining, quarrying, oil and gas",Women,25 to 54 years,2021,0.5,0.4,x,x,400,x,500
Prince Edward Island,"Forestry, fishing, mining, quarrying, oil and gas",Women,25 to 54 years,2022,0.3,0.2,x,x,200,x,300
Prince Edward Island,"Forestry, fishing, mining, quarrying, oil and gas",Women,25 to 54 years,2023,0.2,x,x,x,x,x,200
Prince Edward Island,"Forestry, fishing, mining, quarrying, oil and gas",Women,25 to 54 years,2024,0.4,0.2,0.2,50,200,200,400
Prince Edward Island,"Forestry, fishing, mining, quarrying, oil and gas",Women,25 to 54 years,2025,0.3,0.2,x,x,200,x,300
Prince Edward Island,"Forestry, fishing, mining, quarrying, oil and gas",Women,55 years and over,2021,0.2,0.2,x,x,200,x,200
Prince Edward Island,"Forestry, fishing, mining, quarrying, oil and gas",Women,55 years and over,2022,x,x,x,x,x,x,x
Prince Edward Island,"Forestry, fishing, mining, quarrying, oil and gas",Women,55 years and over,2023,0.2,0.2,x,x,200,x,200
Prince Edward Island,"Forestry, fishing, mining, quarrying, oil and gas",Women,55 years and over,2024,x,x,x,x,x,x,x
Prince Edward Island,"Forestry, fishing, mining, quarrying, oil and gas",Women,55 years and over,2025,x,x,x,x,x,x,x
Prince Edward Island,Utilities,Men,15 to 24 years,2021,x,x,x,x,x,x,x
Prince Edward Island,Utilities,Men,15 to 24 years,2022,x,x,x,x,x,x,x
Prince Edward Island,Utilities,Men,15 to 24 years,2023,x,x,x,x,x,x,x
Prince Edward Island,Utilities,Men,15 to 24 years,2024,x,x,x,x,x,x,x
Prince Edward Island,Utilities,Men,15 to 24 years,2025,x,x,x,x,x,x,x
Prince Edward Island,Utilities,Men,25 to 54 years,2021,0.2,0.2,x,x,200,x,200
Prince Edward Island,Utilities,Men,25 to 54 years,2022,x,x,x,x,x,x,x
Prince Edward Island,Utilities,Men,25 to 54 years,2023,0.2,0.2,x,x,200,x,200
Prince Edward Island,Utilities,Men,25 to 54 years,2024,0.2,0.2,x,x,200,x,200
Prince Edward Island,Utilities,Men,25 to 54 years,2025,x,x,x,x,x,x,x
Prince Edward Island,Utilities,Men,55 years and over,2021,x,x,x,x,x,x,x
Prince Edward Island,Utilities,Men,55 years and over,2022,x,x,x,x,x,x,x
Prince Edward Island,Utilities,Men,55 years and over,2023,x,x,x,x,x,x,x
Prince Edward Island,Utilities,Men,55 years and over,2024,x,x,x,x,x,x,x
Prince Edward Island,Utilities,Men,55 years and over,2025,x,x,x,x,x,x,x
Prince Edward Island,Utilities,Women,15 to 24 years,2021,x,x,x,x,x,x,x
Prince Edward Island,Utilities,Women,15 to 24 years,2022,x,x,x,x,x,x,x
Prince Edward Island,Utilities,Women,15 to 24 years,2023,x,x,x,x,x,x,x
Prince Edward Island,Utilities,Women,15 to 24 years,2024,x,x,x,x,x,x,x
Prince Edward Island,Utilities,Women,15 to 24 years,2025,x,x,x,x,x,x,x
Prince Edward Island,Utilities,Women,25 to 54 years,2021,x,x,x,x,x,x,x
Prince Edward Island,Utilities,Women,25 to 54 years,2022,x,x,x,x,x,x,x
Prince Edward Island,Utilities,Women,25 to 54 years,2023,x,x,x,x,x,x,x
Prince Edward Island,Utilities,Women,25 to 54 years,2024,x,x,x,x,x,x,x
Prince Edward Island,Utilities,Women,25 to 54 years,2025,x,x,x,x,x,x,x
Prince Edward Island,Utilities,Women,55 years and over,2021,x,x,x,x,x,x,x
Prince Edward Island,Utilities,Women,55 years and over,2022,x,x,x,x,x,x,x
Prince Edward Island,Utilities,Women,55 years and over,2023,x,x,x,x,x,x,x
Prince Edward Island,Utilities,Women,55 years and over,2024,x,x,x,x,x,x,x
Prince Edward Island,Utilities,Women,55 years and over,2025,x,x,x,x,x,x,x
Prince Edward Island,Construction,Men,15 to 24 years,2021,0.7,0.7,x,x,700,x,700
Prince Edward Island,Construction,Men,15 to 24 years,2022,1.1,1.1,x,x,1100,x,1100
Prince Edward Island,Construction,Men,15 to 24 years,2023,1,0.8,0.2,20,800,200,1000
Prince Edward Island,Construction,Men,15 to 24 years,2024,1.6,1.4,x,x,1400,x,1600
Prince Edward Island,Construction,Men,15 to 24 years,2025,1.4,1.3,x,x,1300,x,1400
Prince Edward Island,Construction,Men,25 to 54 years,2021,3.7,3.4,0.3,8.1,3400,300,3700
Prince Edward Island,Construction,Men,25 to 54 years,2022,4.2,4,0.2,4.8,4000,200,4200
Prince Edward Island,Construction,Men,25 to 54 years,2023,4.7,4.5,0.2,4.3,4500,200,4700
Prince Edward Island,Construction,Men,25 to 54 years,2024,4.8,4.5,0.3,6.3,4500,300,4800
Prince Edward Island,Construction,Men,25 to 54 years,2025,5.5,5.3,0.2,3.6,5300,200,5500
Prince Edward Island,Construction,Men,55 years and over,2021,1.5,1.3,0.2,13.3,1300,200,1500
Prince Edward Island,Construction,Men,55 years and over,2022,1.5,1.4,x,x,1400,x,1500
Prince Edward Island,Construction,Men,55 years and over,2023,2,1.8,0.2,10,1800,200,2000
Prince Edward Island,Construction,Men,55 years and over,2024,2.2,2,0.2,9.1,2000,200,2200
Prince Edward Island,Construction,Men,55 years and over,2025,2.3,2,0.2,8.7,2000,200,2300
Prince Edward Island,Construction,Women,15 to 24 years,2021,x,x,x,x,x,x,x
Prince Edward Island,Construction,Women,15 to 24 years,2022,x,x,x,x,x,x,x
Prince Edward Island,Construction,Women,15 to 24 years,2023,x,x,x,x,x,x,x
Prince Edward Island,Construction,Women,15 to 24 years,2024,x,x,x,x,x,x,x
Prince Edward Island,Construction,Women,15 to 24 years,2025,x,x,x,x,x,x,x
Prince Edward Island,Construction,Women,25 to 54 years,2021,0.3,0.2,x,x,200,x,300
Prince Edward Island,Construction,Women,25 to 54 years,2022,0.4,0.3,x,x,300,x,400
Prince Edward Island,Construction,Women,25 to 54 years,2023,0.4,0.4,x,x,400,x,400
Prince Edward Island,Construction,Women,25 to 54 years,2024,0.7,0.7,x,x,700,x,700
Prince Edward Island,Construction,Women,25 to 54 years,2025,0.6,0.6,x,x,600,x,600
Prince Edward Island,Construction,Women,55 years and over,2021,x,x,x,x,x,x,x
Prince Edward Island,Construction,Women,55 years and over,2022,0.3,0.2,x,x,200,x,300
Prince Edward Island,Construction,Women,55 years and over,2023,0.2,x,x,x,x,x,200
Prince Edward Island,Construction,Women,55 years and over,2024,0.4,0.3,x,x,300,x,400
Prince Edward Island,Construction,Women,55 years and over,2025,0.3,0.3,x,x,300,x,300
Prince Edward Island,Manufacturing,Men,15 to 24 years,2021,0.8,0.7,x,x,700,x,800
Prince Edward Island,Manufacturing,Men,15 to 24 years,2022,0.8,0.6,x,x,600,x,800
Prince Edward Island,Manufacturing,Men,15 to 24 years,2023,0.8,0.7,x,x,700,x,800
Prince Edward Island,Manufacturing,Men,15 to 24 years,2024,0.5,0.5,x,x,500,x,500
Prince Edward Island,Manufacturing,Men,15 to 24 years,2025,0.6,0.5,x,x,500,x,600
Prince Edward Island,Manufacturing,Men,25 to 54 years,2021,3.6,3.3,0.3,8.3,3300,300,3600
Prince Edward Island,Manufacturing,Men,25 to 54 years,2022,4,3.8,0.2,5,3800,200,4000
Prince Edward Island,Manufacturing,Men,25 to 54 years,2023,4,3.9,x,x,3900,x,4000
Prince Edward Island,Manufacturing,Men,25 to 54 years,2024,4.2,4,x,x,4000,x,4200
Prince Edward Island,Manufacturing,Men,25 to 54 years,2025,4.5,4.4,0.2,4.4,4400,200,4500
Prince Edward Island,Manufacturing,Men,55 years and over,2021,1,0.9,x,x,900,x,1000
Prince Edward Island,Manufacturing,Men,55 years and over,2022,1.9,1.7,0.2,10.5,1700,200,1900
Prince Edward Island,Manufacturing,Men,55 years and over,2023,1.4,1.3,x,x,1300,x,1400
Prince Edward Island,Manufacturing,Men,55 years and over,2024,0.9,0.9,x,x,900,x,900
Prince Edward Island,Manufacturing,Men,55 years and over,2025,1.1,1,x,x,1000,x,1100
Prince Edward Island,Manufacturing,Women,15 to 24 years,2021,0.2,0.2,x,x,200,x,200
Prince Edward Island,Manufacturing,Women,15 to 24 years,2022,0.3,0.3,x,x,300,x,300
Prince Edward Island,Manufacturing,Women,15 to 24 years,2023,0.3,0.2,x,x,200,x,300
Prince Edward Island,Manufacturing,Women,15 to 24 years,2024,x,x,x,x,x,x,x
Prince Edward Island,Manufacturing,Women,15 to 24 years,2025,0.3,0.2,x,x,200,x,300
Prince Edward Island,Manufacturing,Women,25 to 54 years,2021,2,1.8,0.3,15,1800,300,2000
Prince Edward Island,Manufacturing,Women,25 to 54 years,2022,1.9,1.7,0.2,10.5,1700,200,1900
Prince Edward Island,Manufacturing,Women,25 to 54 years,2023,1.7,1.5,0.2,11.8,1500,200,1700
Prince Edward Island,Manufacturing,Women,25 to 54 years,2024,1.8,1.7,x,x,1700,x,1800
Prince Edward Island,Manufacturing,Women,25 to 54 years,2025,1.9,1.9,x,x,1900,x,1900
Prince Edward Island,Manufacturing,Women,55 years and over,2021,0.6,0.5,x,x,500,x,600
Prince Edward Island,Manufacturing,Women,55 years and over,2022,0.8,0.7,x,x,700,x,800
Prince Edward Island,Manufacturing,Women,55 years and over,2023,0.4,0.4,x,x,400,x,400
Prince Edward Island,Manufacturing,Women,55 years and over,2024,0.7,0.5,x,x,500,x,700
Prince Edward Island,Manufacturing,Women,55 years and over,2025,0.6,0.5,x,x,500,x,600
Prince Edward Island,Wholesale and retail trade,Men,15 to 24 years,2021,2,1.8,0.2,10,1800,200,2000
Prince Edward Island,Wholesale and retail trade,Men,15 to 24 years,2022,1.4,1.2,x,x,1200,x,1400
Prince Edward Island,Wholesale and retail trade,Men,15 to 24 years,2023,1.5,1.4,x,x,1400,x,1500
Prince Edward Island,Wholesale and retail trade,Men,15 to 24 years,2024,1.6,1.5,x,x,1500,x,1600
Prince Edward Island,Wholesale and retail trade,Men,15 to 24 years,2025,1.7,1.4,0.2,11.8,1400,200,1700
Prince Edward Island,Wholesale and retail trade,Men,25 to 54 years,2021,3.1,3,x,x,3000,x,3100
Prince Edward Island,Wholesale and retail trade,Men,25 to 54 years,2022,2.7,2.6,x,x,2600,x,2700
Prince Edward Island,Wholesale and retail trade,Men,25 to 54 years,2023,2.6,2.5,x,x,2500,x,2600
Prince Edward Island,Wholesale and retail trade,Men,25 to 54 years,2024,2.8,2.7,x,x,2700,x,2800
Prince Edward Island,Wholesale and retail trade,Men,25 to 54 years,2025,2.9,2.8,x,x,2800,x,2900
Prince Edward Island,Wholesale and retail trade,Men,55 years and over,2021,1.5,1.4,x,x,1400,x,1500
Prince Edward Island,Wholesale and retail trade,Men,55 years and over,2022,1.4,1.3,x,x,1300,x,1400
Prince Edward Island,Wholesale and retail trade,Men,55 years and over,2023,1.4,1.3,x,x,1300,x,1400
Prince Edward Island,Wholesale and retail trade,Men,55 years and over,2024,1.3,1.2,x,x,1200,x,1300
Prince Edward Island,Wholesale and retail trade,Men,55 years and over,2025,1.2,1.2,x,x,1200,x,1200
Prince Edward Island,Wholesale and retail trade,Women,15 to 24 years,2021,1.5,1.4,x,x,1400,x,1500
Prince Edward Island,Wholesale and retail trade,Women,15 to 24 years,2022,1.9,1.8,x,x,1800,x,1900
Prince Edward Island,Wholesale and retail trade,Women,15 to 24 years,2023,1.7,1.6,x,x,1600,x,1700
Prince Edward Island,Wholesale and retail trade,Women,15 to 24 years,2024,1.9,1.7,x,x,1700,x,1900
Prince Edward Island,Wholesale and retail trade,Women,15 to 24 years,2025,2.1,2,x,x,2000,x,2100
Prince Edward Island,Wholesale and retail trade,Women,25 to 54 years,2021,2.8,2.7,x,x,2700,x,2800
Prince Edward Island,Wholesale and retail trade,Women,25 to 54 years,2022,2.5,2.4,x,x,2400,x,2500
Prince Edward Island,Wholesale and retail trade,Women,25 to 54 years,2023,2.7,2.7,x,x,2700,x,2700
Prince Edward Island,Wholesale and retail trade,Women,25 to 54 years,2024,3,2.9,x,x,2900,x,3000
Prince Edward Island,Wholesale and retail trade,Women,25 to 54 years,2025,2.8,2.6,0.2,7.1,2600,200,2800
Prince Edward Island,Wholesale and retail trade,Women,55 years and over,2021,1.1,1.1,x,x,1100,x,1100
Prince Edward Island,Wholesale and retail trade,Women,55 years and over,2022,1.7,1.6,x,x,1600,x,1700
Prince Edward Island,Wholesale and retail trade,Women,55 years and over,2023,1.5,1.5,x,x,1500,x,1500
Prince Edward Island,Wholesale and retail trade,Women,55 years and over,2024,1.2,1.1,x,x,1100,x,1200
Prince Edward Island,Wholesale and retail trade,Women,55 years and over,2025,1.3,1.2,x,x,1200,x,1300
Prince Edward Island,Transportation and warehousing,Men,15 to 24 years,2021,0.3,0.2,x,x,200,x,300
Prince Edward Island,Transportation and warehousing,Men,15 to 24 years,2022,x,x,x,x,x,x,x
Prince Edward Island,Transportation and warehousing,Men,15 to 24 years,2023,0.2,0.2,x,x,200,x,200
Prince Edward Island,Transportation and warehousing,Men,15 to 24 years,2024,0.3,0.3,x,x,300,x,300
Prince Edward Island,Transportation and warehousing,Men,15 to 24 years,2025,0.2,0.2,x,x,200,x,200
Prince Edward Island,Transportation and warehousing,Men,25 to 54 years,2021,1,0.8,x,x,800,x,1000
Prince Edward Island,Transportation and warehousing,Men,25 to 54 years,2022,0.9,0.9,x,x,900,x,900
Prince Edward Island,Transportation and warehousing,Men,25 to 54 years,2023,1.1,1,x,x,1000,x,1100
Prince Edward Island,Transportation and warehousing,Men,25 to 54 years,2024,1.2,1.1,x,x,1100,x,1200
Prince Edward Island,Transportation and warehousing,Men,25 to 54 years,2025,1.2,1.1,x,x,1100,x,1200
Prince Edward Island,Transportation and warehousing,Men,55 years and over,2021,1,0.9,x,x,900,x,1000
Prince Edward Island,Transportation and warehousing,Men,55 years and over,2022,0.7,0.6,0.2,28.6,600,200,700
Prince Edward Island,Transportation and warehousing,Men,55 years and over,2023,0.8,0.8,x,x,800,x,800
Prince Edward Island,Transportation and warehousing,Men,55 years and over,2024,1.3,1.2,x,x,1200,x,1300
Prince Edward Island,Transportation and warehousing,Men,55 years and over,2025,0.7,0.6,x,x,600,x,700
Prince Edward Island,Transportation and warehousing,Women,15 to 24 years,2021,x,x,x,x,x,x,x
Prince Edward Island,Transportation and warehousing,Women,15 to 24 years,2022,x,x,x,x,x,x,x
Prince Edward Island,Transportation and warehousing,Women,15 to 24 years,2023,x,x,x,x,x,x,x
Prince Edward Island,Transportation and warehousing,Women,15 to 24 years,2024,x,x,x,x,x,x,x
Prince Edward Island,Transportation and warehousing,Women,15 to 24 years,2025,x,x,x,x,x,x,x
Prince Edward Island,Transportation and warehousing,Women,25 to 54 years,2021,0.3,0.3,x,x,300,x,300
Prince Edward Island,Transportation and warehousing,Women,25 to 54 years,2022,0.3,0.3,x,x,300,x,300
Prince Edward Island,Transportation and warehousing,Women,25 to 54 years,2023,0.3,0.3,x,x,300,x,300
Prince Edward Island,Transportation and warehousing,Women,25 to 54 years,2024,0.4,0.4,x,x,400,x,400
Prince Edward Island,Transportation and warehousing,Women,25 to 54 years,2025,0.3,0.3,x,x,300,x,300
Prince Edward Island,Transportation and warehousing,Women,55 years and over,2021,0.3,0.3,x,x,300,x,300
Prince Edward Island,Transportation and warehousing,Women,55 years and over,2022,0.2,0.2,x,x,200,x,200
Prince Edward Island,Transportation and warehousing,Women,55 years and over,2023,0.2,0.2,x,x,200,x,200
Prince Edward Island,Transportation and warehousing,Women,55 years and over,2024,x,x,x,x,x,x,x
Prince Edward Island,Transportation and warehousing,Women,55 years and over,2025,x,x,x,x,x,x,x
Prince Edward Island,"Finance, insurance, real estate, rental and leasing",Men,15 to 24 years,2021,x,x,x,x,x,x,x
Prince Edward Island,"Finance, insurance, real estate, rental and leasing",Men,15 to 24 years,2022,x,x,x,x,x,x,x
Prince Edward Island,"Finance, insurance, real estate, rental and leasing",Men,15 to 24 years,2023,x,x,x,x,x,x,x
Prince Edward Island,"Finance, insurance, real estate, rental and leasing",Men,15 to 24 years,2024,x,x,x,x,x,x,x
Prince Edward Island,"Finance, insurance, real estate, rental and leasing",Men,15 to 24 years,2025,0.3,0.3,x,x,300,x,300
Prince Edward Island,"Finance, insurance, real estate, rental and leasing",Men,25 to 54 years,2021,0.8,0.8,x,x,800,x,800
Prince Edward Island,"Finance, insurance, real estate, rental and leasing",Men,25 to 54 years,2022,1.1,1.1,x,x,1100,x,1100
Prince Edward Island,"Finance, insurance, real estate, rental and leasing",Men,25 to 54 years,2023,1.2,1.2,x,x,1200,x,1200
Prince Edward Island,"Finance, insurance, real estate, rental and leasing",Men,25 to 54 years,2024,1.2,1.1,x,x,1100,x,1200
Prince Edward Island,"Finance, insurance, real estate, rental and leasing",Men,25 to 54 years,2025,1.1,1.1,x,x,1100,x,1100
Prince Edward Island,"Finance, insurance, real estate, rental and leasing",Men,55 years and over,2021,0.4,0.3,x,x,300,x,400
Prince Edward Island,"Finance, insurance, real estate, rental and leasing",Men,55 years and over,2022,0.3,0.3,x,x,300,x,300
Prince Edward Island,"Finance, insurance, real estate, rental and leasing",Men,55 years and over,2023,0.5,0.5,x,x,500,x,500
Prince Edward Island,"Finance, insurance, real estate, rental and leasing",Men,55 years and over,2024,0.6,0.6,x,x,600,x,600
Prince Edward Island,"Finance, insurance, real estate, rental and leasing",Men,55 years and over,2025,0.5,0.5,x,x,500,x,500
Prince Edward Island,"Finance, insurance, real estate, rental and leasing",Women,15 to 24 years,2021,0.2,x,x,x,x,x,200
Prince Edward Island,"Finance, insurance, real estate, rental and leasing",Women,15 to 24 years,2022,x,x,x,x,x,x,x
Prince Edward Island,"Finance, insurance, real estate, rental and leasing",Women,15 to 24 years,2023,x,x,x,x,x,x,x
Prince Edward Island,"Finance, insurance, real estate, rental and leasing",Women,15 to 24 years,2024,x,x,x,x,x,x,x
Prince Edward Island,"Finance, insurance, real estate, rental and leasing",Women,15 to 24 years,2025,0.4,0.4,x,x,400,x,400
Prince Edward Island,"Finance, insurance, real estate, rental and leasing",Women,25 to 54 years,2021,1.1,1.1,x,x,1100,x,1100
Prince Edward Island,"Finance, insurance, real estate, rental and leasing",Women,25 to 54 years,2022,0.9,0.9,x,x,900,x,900
Prince Edward Island,"Finance, insurance, real estate, rental and leasing",Women,25 to 54 years,2023,1.2,1.1,x,x,1100,x,1200
Prince Edward Island,"Finance, insurance, real estate, rental and leasing",Women,25 to 54 years,2024,1.5,1.5,x,x,1500,x,1500
Prince Edward Island,"Finance, insurance, real estate, rental and leasing",Women,25 to 54 years,2025,1.3,1.2,x,x,1200,x,1300
Prince Edward Island,"Finance, insurance, real estate, rental and leasing",Women,55 years and over,2021,0.4,0.4,x,x,400,x,400
Prince Edward Island,"Finance, insurance, real estate, rental and leasing",Women,55 years and over,2022,0.3,0.2,x,x,200,x,300
Prince Edward Island,"Finance, insurance, real estate, rental and leasing",Women,55 years and over,2023,0.6,0.6,x,x,600,x,600
Prince Edward Island,"Finance, insurance, real estate, rental and leasing",Women,55 years and over,2024,0.7,0.7,x,x,700,x,700
Prince Edward Island,"Finance, insurance, real estate, rental and leasing",Women,55 years and over,2025,0.5,0.5,x,x,500,x,500
Prince Edward Island,"Professional, scientific and technical services",Men,15 to 24 years,2021,x,x,x,x,x,x,x
Prince Edward Island,"Professional, scientific and technical services",Men,15 to 24 years,2022,x,x,x,x,x,x,x
Prince Edward Island,"Professional, scientific and technical services",Men,15 to 24 years,2023,0.2,0.2,x,x,200,x,200
Prince Edward Island,"Professional, scientific and technical services",Men,15 to 24 years,2024,x,x,x,x,x,x,x
Prince Edward Island,"Professional, scientific and technical services",Men,15 to 24 years,2025,0.2,0.2,x,x,200,x,200
Prince Edward Island,"Professional, scientific and technical services",Men,25 to 54 years,2021,1.9,1.9,x,x,1900,x,1900
Prince Edward Island,"Professional, scientific and technical services",Men,25 to 54 years,2022,1.8,1.8,x,x,1800,x,1800
Prince Edward Island,"Professional, scientific and technical services",Men,25 to 54 years,2023,1.7,1.6,x,x,1600,x,1700
Prince Edward Island,"Professional, scientific and technical services",Men,25 to 54 years,2024,2.3,2.2,x,x,2200,x,2300
Prince Edward Island,"Professional, scientific and technical services",Men,25 to 54 years,2025,2.6,2.4,x,x,2400,x,2600
Prince Edward Island,"Professional, scientific and technical services",Men,55 years and over,2021,0.5,0.4,x,x,400,x,500
Prince Edward Island,"Professional, scientific and technical services",Men,55 years and over,2022,0.4,0.4,x,x,400,x,400
Prince Edward Island,"Professional, scientific and technical services",Men,55 years and over,2023,0.7,0.7,x,x,700,x,700
Prince Edward Island,"Professional, scientific and technical services",Men,55 years and over,2024,0.6,0.6,x,x,600,x,600
Prince Edward Island,"Professional, scientific and technical services",Men,55 years and over,2025,0.4,0.4,x,x,400,x,400
Prince Edward Island,"Professional, scientific and technical services",Women,15 to 24 years,2021,x,x,x,x,x,x,x
Prince Edward Island,"Professional, scientific and technical services",Women,15 to 24 years,2022,0.2,0.2,x,x,200,x,200
Prince Edward Island,"Professional, scientific and technical services",Women,15 to 24 years,2023,0.3,0.3,x,x,300,x,300
Prince Edward Island,"Professional, scientific and technical services",Women,15 to 24 years,2024,0.3,0.2,x,x,200,x,300
Prince Edward Island,"Professional, scientific and technical services",Women,15 to 24 years,2025,x,x,x,x,x,x,x
Prince Edward Island,"Professional, scientific and technical services",Women,25 to 54 years,2021,1.3,1.2,x,x,1200,x,1300
Prince Edward Island,"Professional, scientific and technical services",Women,25 to 54 years,2022,1.9,1.9,x,x,1900,x,1900
Prince Edward Island,"Professional, scientific and technical services",Women,25 to 54 years,2023,1.4,1.3,x,x,1300,x,1400
Prince Edward Island,"Professional, scientific and technical services",Women,25 to 54 years,2024,1.4,1.3,x,x,1300,x,1400
Prince Edward Island,"Professional, scientific and technical services",Women,25 to 54 years,2025,1.8,1.7,x,x,1700,x,1800
Prince Edward Island,"Professional, scientific and technical services",Women,55 years and over,2021,0.4,0.4,x,x,400,x,400
Prince Edward Island,"Professional, scientific and technical services",Women,55 years and over,2022,0.4,0.4,x,x,400,x,400
Prince Edward Island,"Professional, scientific and technical services",Women,55 years and over,2023,0.5,0.4,x,x,400,x,500
Prince Edward Island,"Professional, scientific and technical services",Women,55 years and over,2024,0.3,0.3,x,x,300,x,300
Prince Edward Island,"Professional, scientific and technical services",Women,55 years and over,2025,0.4,0.4,x,x,400,x,400
Prince Edward Island,"Business, building and other support services",Men,15 to 24 years,2021,0.3,0.2,x,x,200,x,300
Prince Edward Island,"Business, building and other support services",Men,15 to 24 years,2022,0.3,0.3,x,x,300,x,300
Prince Edward Island,"Business, building and other support services",Men,15 to 24 years,2023,0.2,0.2,x,x,200,x,200
Prince Edward Island,"Business, building and other support services",Men,15 to 24 years,2024,0.4,0.3,x,x,300,x,400
Prince Edward Island,"Business, building and other support services",Men,15 to 24 years,2025,0.3,0.2,x,x,200,x,300
Prince Edward Island,"Business, building and other support services",Men,25 to 54 years,2021,0.7,0.7,x,x,700,x,700
Prince Edward Island,"Business, building and other support services",Men,25 to 54 years,2022,0.7,0.7,x,x,700,x,700
Prince Edward Island,"Business, building and other support services",Men,25 to 54 years,2023,0.8,0.7,x,x,700,x,800
Prince Edward Island,"Business, building and other support services",Men,25 to 54 years,2024,0.9,0.7,x,x,700,x,900
Prince Edward Island,"Business, building and other support services",Men,25 to 54 years,2025,1.1,1,0.2,18.2,1000,200,1100
Prince Edward Island,"Business, building and other support services",Men,55 years and over,2021,0.4,0.3,x,x,300,x,400
Prince Edward Island,"Business, building and other support services",Men,55 years and over,2022,0.5,0.5,x,x,500,x,500
Prince Edward Island,"Business, building and other support services",Men,55 years and over,2023,0.3,0.2,x,x,200,x,300
Prince Edward Island,"Business, building and other support services",Men,55 years and over,2024,0.5,0.5,x,x,500,x,500
Prince Edward Island,"Business, building and other support services",Men,55 years and over,2025,0.5,0.4,x,x,400,x,500
Prince Edward Island,"Business, building and other support services",Women,15 to 24 years,2021,0.4,0.4,x,x,400,x,400
Prince Edward Island,"Business, building and other support services",Women,15 to 24 years,2022,x,x,x,x,x,x,x
Prince Edward Island,"Business, building and other support services",Women,15 to 24 years,2023,0.4,0.4,x,x,400,x,400
Prince Edward Island,"Business, building and other support services",Women,15 to 24 years,2024,0.2,0.2,x,x,200,x,200
Prince Edward Island,"Business, building and other support services",Women,15 to 24 years,2025,0.2,x,x,x,x,x,200
Prince Edward Island,"Business, building and other support services",Women,25 to 54 years,2021,0.6,0.6,x,x,600,x,600
Prince Edward Island,"Business, building and other support services",Women,25 to 54 years,2022,0.5,0.4,x,x,400,x,500
Prince Edward Island,"Business, building and other support services",Women,25 to 54 years,2023,0.4,0.3,x,x,300,x,400
Prince Edward Island,"Business, building and other support services",Women,25 to 54 years,2024,0.6,0.5,x,x,500,x,600
Prince Edward Island,"Business, building and other support services",Women,25 to 54 years,2025,0.4,0.4,x,x,400,x,400
Prince Edward Island,"Business, building and other support services",Women,55 years and over,2021,0.2,0.2,x,x,200,x,200
Prince Edward Island,"Business, building and other support services",Women,55 years and over,2022,0.4,0.4,x,x,400,x,400
Prince Edward Island,"Business, building and other support services",Women,55 years and over,2023,x,x,x,x,x,x,x
Prince Edward Island,"Business, building and other support services",Women,55 years and over,2024,x,x,x,x,x,x,x
Prince Edward Island,"Business, building and other support services",Women,55 years and over,2025,0.3,0.2,x,x,200,x,300
Prince Edward Island,Educational services,Men,15 to 24 years,2021,0.2,0.2,x,x,200,x,200
Prince Edward Island,Educational services,Men,15 to 24 years,2022,x,x,x,x,x,x,x
Prince Edward Island,Educational services,Men,15 to 24 years,2023,x,x,x,x,x,x,x
Prince Edward Island,Educational services,Men,15 to 24 years,2024,x,x,x,x,x,x,x
Prince Edward Island,Educational services,Men,15 to 24 years,2025,0.3,0.3,x,x,300,x,300
Prince Edward Island,Educational services,Men,25 to 54 years,2021,1.3,1.2,x,x,1200,x,1300
Prince Edward Island,Educational services,Men,25 to 54 years,2022,1.1,1.1,x,x,1100,x,1100
Prince Edward Island,Educational services,Men,25 to 54 years,2023,1.2,1.1,x,x,1100,x,1200
Prince Edward Island,Educational services,Men,25 to 54 years,2024,1.3,1.3,x,x,1300,x,1300
Prince Edward Island,Educational services,Men,25 to 54 years,2025,1.2,1.2,x,x,1200,x,1200
Prince Edward Island,Educational services,Men,55 years and over,2021,0.6,0.5,x,x,500,x,600
Prince Edward Island,Educational services,Men,55 years and over,2022,0.6,0.5,x,x,500,x,600
Prince Edward Island,Educational services,Men,55 years and over,2023,0.7,0.6,x,x,600,x,700
Prince Edward Island,Educational services,Men,55 years and over,2024,0.7,0.7,x,x,700,x,700
Prince Edward Island,Educational services,Men,55 years and over,2025,0.8,0.8,x,x,800,x,800
Prince Edward Island,Educational services,Women,15 to 24 years,2021,0.2,0.2,x,x,200,x,200
Prince Edward Island,Educational services,Women,15 to 24 years,2022,0.4,0.4,x,x,400,x,400
Prince Edward Island,Educational services,Women,15 to 24 years,2023,0.5,0.4,x,x,400,x,500
Prince Edward Island,Educational services,Women,15 to 24 years,2024,0.3,0.2,x,x,200,x,300
Prince Edward Island,Educational services,Women,15 to 24 years,2025,0.2,0.2,x,x,200,x,200
Prince Edward Island,Educational services,Women,25 to 54 years,2021,3.3,3.3,x,x,3300,x,3300
Prince Edward Island,Educational services,Women,25 to 54 years,2022,3,2.9,0.2,6.7,2900,200,3000
Prince Edward Island,Educational services,Women,25 to 54 years,2023,3,2.9,x,x,2900,x,3000
Prince Edward Island,Educational services,Women,25 to 54 years,2024,3.4,3.2,0.2,5.9,3200,200,3400
Prince Edward Island,Educational services,Women,25 to 54 years,2025,3.1,3,x,x,3000,x,3100
Prince Edward Island,Educational services,Women,55 years and over,2021,0.8,0.7,x,x,700,x,800
Prince Edward Island,Educational services,Women,55 years and over,2022,0.9,0.9,x,x,900,x,900
Prince Edward Island,Educational services,Women,55 years and over,2023,1.1,1.1,x,x,1100,x,1100
Prince Edward Island,Educational services,Women,55 years and over,2024,1.1,1,x,x,1000,x,1100
Prince Edward Island,Educational services,Women,55 years and over,2025,0.7,0.7,x,x,700,x,700
Prince Edward Island,Health care and social assistance,Men,15 to 24 years,2021,0.3,0.2,x,x,200,x,300
Prince Edward Island,Health care and social assistance,Men,15 to 24 years,2022,x,x,x,x,x,x,x
Prince Edward Island,Health care and social assistance,Men,15 to 24 years,2023,0.3,0.3,x,x,300,x,300
Prince Edward Island,Health care and social assistance,Men,15 to 24 years,2024,0.3,0.3,x,x,300,x,300
Prince Edward Island,Health care and social assistance,Men,15 to 24 years,2025,0.3,0.3,x,x,300,x,300
Prince Edward Island,Health care and social assistance,Men,25 to 54 years,2021,1.3,1.3,x,x,1300,x,1300
Prince Edward Island,Health care and social assistance,Men,25 to 54 years,2022,1.6,1.6,x,x,1600,x,1600
Prince Edward Island,Health care and social assistance,Men,25 to 54 years,2023,1.7,1.7,x,x,1700,x,1700
Prince Edward Island,Health care and social assistance,Men,25 to 54 years,2024,1.7,1.7,x,x,1700,x,1700
Prince Edward Island,Health care and social assistance,Men,25 to 54 years,2025,2.1,2.1,x,x,2100,x,2100
Prince Edward Island,Health care and social assistance,Men,55 years and over,2021,0.5,0.5,x,x,500,x,500
Prince Edward Island,Health care and social assistance,Men,55 years and over,2022,0.4,0.4,x,x,400,x,400
Prince Edward Island,Health care and social assistance,Men,55 years and over,2023,0.8,0.7,x,x,700,x,800
Prince Edward Island,Health care and social assistance,Men,55 years and over,2024,0.7,0.7,x,x,700,x,700
Prince Edward Island,Health care and social assistance,Men,55 years and over,2025,0.5,0.5,x,x,500,x,500
Prince Edward Island,Health care and social assistance,Women,15 to 24 years,2021,1.1,1.1,x,x,1100,x,1100
Prince Edward Island,Health care and social assistance,Women,15 to 24 years,2022,1.3,1.2,x,x,1200,x,1300
Prince Edward Island,Health care and social assistance,Women,15 to 24 years,2023,1.1,1.1,x,x,1100,x,1100
Prince Edward Island,Health care and social assistance,Women,15 to 24 years,2024,1.3,1.3,x,x,1300,x,1300
Prince Edward Island,Health care and social assistance,Women,15 to 24 years,2025,1.7,1.7,x,x,1700,x,1700
Prince Edward Island,Health care and social assistance,Women,25 to 54 years,2021,6.6,6.5,0.2,3,6500,200,6600
Prince Edward Island,Health care and social assistance,Women,25 to 54 years,2022,6.9,6.8,0.2,2.9,6800,200,6900
Prince Edward Island,Health care and social assistance,Women,25 to 54 years,2023,8.4,8.3,x,x,8300,x,8400
Prince Edward Island,Health care and social assistance,Women,25 to 54 years,2024,8.1,8.1,x,x,8100,x,8100
Prince Edward Island,Health care and social assistance,Women,25 to 54 years,2025,9.1,8.9,0.2,2.2,8900,200,9100
Prince Edward Island,Health care and social assistance,Women,55 years and over,2021,2,1.9,x,x,1900,x,2000
Prince Edward Island,Health care and social assistance,Women,55 years and over,2022,2,1.9,x,x,1900,x,2000
Prince Edward Island,Health care and social assistance,Women,55 years and over,2023,2.5,2.5,x,x,2500,x,2500
Prince Edward Island,Health care and social assistance,Women,55 years and over,2024,2.5,2.5,x,x,2500,x,2500
Prince Edward Island,Health care and social assistance,Women,55 years and over,2025,2.6,2.5,x,x,2500,x,2600
Prince Edward Island,"Information, culture and recreation",Men,15 to 24 years,2021,0.3,0.2,x,x,200,x,300
Prince Edward Island,"Information, culture and recreation",Men,15 to 24 years,2022,0.5,0.4,x,x,400,x,500
Prince Edward Island,"Information, culture and recreation",Men,15 to 24 years,2023,0.5,0.4,x,x,400,x,500
Prince Edward Island,"Information, culture and recreation",Men,15 to 24 years,2024,0.6,0.5,x,x,500,x,600
Prince Edward Island,"Information, culture and recreation",Men,15 to 24 years,2025,0.4,0.4,x,x,400,x,400
Prince Edward Island,"Information, culture and recreation",Men,25 to 54 years,2021,0.9,0.9,x,x,900,x,900
Prince Edward Island,"Information, culture and recreation",Men,25 to 54 years,2022,0.9,0.9,x,x,900,x,900
Prince Edward Island,"Information, culture and recreation",Men,25 to 54 years,2023,0.9,0.8,x,x,800,x,900
Prince Edward Island,"Information, culture and recreation",Men,25 to 54 years,2024,0.8,0.7,x,x,700,x,800
Prince Edward Island,"Information, culture and recreation",Men,25 to 54 years,2025,0.8,0.6,0.2,25,600,200,800
Prince Edward Island,"Information, culture and recreation",Men,55 years and over,2021,0.5,0.4,x,x,400,x,500
Prince Edward Island,"Information, culture and recreation",Men,55 years and over,2022,0.4,0.3,x,x,300,x,400
Prince Edward Island,"Information, culture and recreation",Men,55 years and over,2023,0.3,0.3,x,x,300,x,300
Prince Edward Island,"Information, culture and recreation",Men,55 years and over,2024,0.3,0.2,x,x,200,x,300
Prince Edward Island,"Information, culture and recreation",Men,55 years and over,2025,0.2,x,x,x,x,x,200
Prince Edward Island,"Information, culture and recreation",Women,15 to 24 years,2021,0.4,0.3,x,x,300,x,400
Prince Edward Island,"Information, culture and recreation",Women,15 to 24 years,2022,0.3,0.2,x,x,200,x,300
Prince Edward Island,"Information, culture and recreation",Women,15 to 24 years,2023,0.4,0.3,x,x,300,x,400
Prince Edward Island,"Information, culture and recreation",Women,15 to 24 years,2024,0.5,0.4,x,x,400,x,500
Prince Edward Island,"Information, culture and recreation",Women,15 to 24 years,2025,0.5,0.5,x,x,500,x,500
Prince Edward Island,"Information, culture and recreation",Women,25 to 54 years,2021,0.5,0.5,x,x,500,x,500
Prince Edward Island,"Information, culture and recreation",Women,25 to 54 years,2022,0.9,0.9,x,x,900,x,900
Prince Edward Island,"Information, culture and recreation",Women,25 to 54 years,2023,0.8,0.8,x,x,800,x,800
Prince Edward Island,"Information, culture and recreation",Women,25 to 54 years,2024,0.7,0.6,x,x,600,x,700
Prince Edward Island,"Information, culture and recreation",Women,25 to 54 years,2025,0.5,0.4,x,x,400,x,500
Prince Edward Island,"Information, culture and recreation",Women,55 years and over,2021,0.3,0.2,x,x,200,x,300
Prince Edward Island,"Information, culture and recreation",Women,55 years and over,2022,0.2,0.2,x,x,200,x,200
Prince Edward Island,"Information, culture and recreation",Women,55 years and over,2023,0.4,0.3,x,x,300,x,400
Prince Edward Island,"Information, culture and recreation",Women,55 years and over,2024,0.3,0.3,x,x,300,x,300
Prince Edward Island,"Information, culture and recreation",Women,55 years and over,2025,0.3,0.2,x,x,200,x,300
Prince Edward Island,Accommodation and food services,Men,15 to 24 years,2021,0.6,0.5,x,x,500,x,600
Prince Edward Island,Accommodation and food services,Men,15 to 24 years,2022,1.2,1.1,x,x,1100,x,1200
Prince Edward Island,Accommodation and food services,Men,15 to 24 years,2023,1.4,1.3,x,x,1300,x,1400
Prince Edward Island,Accommodation and food services,Men,15 to 24 years,2024,1.2,1.1,x,x,1100,x,1200
Prince Edward Island,Accommodation and food services,Men,15 to 24 years,2025,1.4,1.3,x,x,1300,x,1400
Prince Edward Island,Accommodation and food services,Men,25 to 54 years,2021,1.1,0.9,0.2,18.2,900,200,1100
Prince Edward Island,Accommodation and food services,Men,25 to 54 years,2022,0.8,0.7,x,x,700,x,800
Prince Edward Island,Accommodation and food services,Men,25 to 54 years,2023,1,0.9,x,x,900,x,1000
Prince Edward Island,Accommodation and food services,Men,25 to 54 years,2024,1.3,1.1,x,x,1100,x,1300
Prince Edward Island,Accommodation and food services,Men,25 to 54 years,2025,1.4,1.2,0.2,14.3,1200,200,1400
Prince Edward Island,Accommodation and food services,Men,55 years and over,2021,0.3,0.2,x,x,200,x,300
Prince Edward Island,Accommodation and food services,Men,55 years and over,2022,0.2,0.2,x,x,200,x,200
Prince Edward Island,Accommodation and food services,Men,55 years and over,2023,0.3,0.3,x,x,300,x,300
Prince Edward Island,Accommodation and food services,Men,55 years and over,2024,0.2,x,x,x,x,x,200
Prince Edward Island,Accommodation and food services,Men,55 years and over,2025,0.4,0.3,x,x,300,x,400
Prince Edward Island,Accommodation and food services,Women,15 to 24 years,2021,1.5,1.4,0.2,13.3,1400,200,1500
Prince Edward Island,Accommodation and food services,Women,15 to 24 years,2022,1.3,1.1,0.2,15.4,1100,200,1300
Prince Edward Island,Accommodation and food services,Women,15 to 24 years,2023,1.6,1.4,x,x,1400,x,1600
Prince Edward Island,Accommodation and food services,Women,15 to 24 years,2024,1.9,1.7,x,x,1700,x,1900
Prince Edward Island,Accommodation and food services,Women,15 to 24 years,2025,1.6,1.5,x,x,1500,x,1600
Prince Edward Island,Accommodation and food services,Women,25 to 54 years,2021,1.1,0.8,0.2,18.2,800,200,1100
Prince Edward Island,Accommodation and food services,Women,25 to 54 years,2022,1.5,1.3,0.2,13.3,1300,200,1500
Prince Edward Island,Accommodation and food services,Women,25 to 54 years,2023,1.4,1.2,0.2,14.3,1200,200,1400
Prince Edward Island,Accommodation and food services,Women,25 to 54 years,2024,1.5,1.3,0.2,13.3,1300,200,1500
Prince Edward Island,Accommodation and food services,Women,25 to 54 years,2025,1.7,1.5,0.2,11.8,1500,200,1700
Prince Edward Island,Accommodation and food services,Women,55 years and over,2021,0.6,0.5,x,x,500,x,600
Prince Edward Island,Accommodation and food services,Women,55 years and over,2022,0.5,0.4,x,x,400,x,500
Prince Edward Island,Accommodation and food services,Women,55 years and over,2023,0.4,0.4,x,x,400,x,400
Prince Edward Island,Accommodation and food services,Women,55 years and over,2024,0.5,0.5,x,x,500,x,500
Prince Edward Island,Accommodation and food services,Women,55 years and over,2025,0.6,0.4,x,x,400,x,600
Prince Edward Island,Other services (except public administration),Men,15 to 24 years,2021,0.3,0.3,x,x,300,x,300
Prince Edward Island,Other services (except public administration),Men,15 to 24 years,2022,0.3,0.3,x,x,300,x,300
Prince Edward Island,Other services (except public administration),Men,15 to 24 years,2023,0.4,0.3,x,x,300,x,400
Prince Edward Island,Other services (except public administration),Men,15 to 24 years,2024,0.4,0.4,x,x,400,x,400
Prince Edward Island,Other services (except public administration),Men,15 to 24 years,2025,0.2,x,x,x,x,x,200
Prince Edward Island,Other services (except public administration),Men,25 to 54 years,2021,0.9,0.8,x,x,800,x,900
Prince Edward Island,Other services (except public administration),Men,25 to 54 years,2022,1,0.9,x,x,900,x,1000
Prince Edward Island,Other services (except public administration),Men,25 to 54 years,2023,1,1,x,x,1000,x,1000
Prince Edward Island,Other services (except public administration),Men,25 to 54 years,2024,1.2,1.2,x,x,1200,x,1200
Prince Edward Island,Other services (except public administration),Men,25 to 54 years,2025,1.1,1.1,x,x,1100,x,1100
Prince Edward Island,Other services (except public administration),Men,55 years and over,2021,0.5,0.5,x,x,500,x,500
Prince Edward Island,Other services (except public administration),Men,55 years and over,2022,0.6,0.6,x,x,600,x,600
Prince Edward Island,Other services (except public administration),Men,55 years and over,2023,0.6,0.6,x,x,600,x,600
Prince Edward Island,Other services (except public administration),Men,55 years and over,2024,0.6,0.5,x,x,500,x,600
Prince Edward Island,Other services (except public administration),Men,55 years and over,2025,0.3,0.2,x,x,200,x,300
Prince Edward Island,Other services (except public administration),Women,15 to 24 years,2021,0.3,0.3,x,x,300,x,300
Prince Edward Island,Other services (except public administration),Women,15 to 24 years,2022,x,x,x,x,x,x,x
Prince Edward Island,Other services (except public administration),Women,15 to 24 years,2023,0.3,0.3,x,x,300,x,300
Prince Edward Island,Other services (except public administration),Women,15 to 24 years,2024,0.2,0.2,x,x,200,x,200
Prince Edward Island,Other services (except public administration),Women,15 to 24 years,2025,0.2,0.2,x,x,200,x,200
Prince Edward Island,Other services (except public administration),Women,25 to 54 years,2021,0.9,0.8,x,x,800,x,900
Prince Edward Island,Other services (except public administration),Women,25 to 54 years,2022,1.4,1.4,x,x,1400,x,1400
Prince Edward Island,Other services (except public administration),Women,25 to 54 years,2023,1.2,1.2,x,x,1200,x,1200
Prince Edward Island,Other services (except public administration),Women,25 to 54 years,2024,1.1,1.1,x,x,1100,x,1100
Prince Edward Island,Other services (except public administration),Women,25 to 54 years,2025,1,0.9,x,x,900,x,1000
Prince Edward Island,Other services (except public administration),Women,55 years and over,2021,0.5,0.5,x,x,500,x,500
Prince Edward Island,Other services (except public administration),Women,55 years and over,2022,0.3,0.3,x,x,300,x,300
Prince Edward Island,Other services (except public administration),Women,55 years and over,2023,0.4,0.4,x,x,400,x,400
Prince Edward Island,Other services (except public administration),Women,55 years and over,2024,0.4,0.4,x,x,400,x,400
Prince Edward Island,Other services (except public administration),Women,55 years and over,2025,0.5,0.4,x,x,400,x,500
Prince Edward Island,Public administration,Men,15 to 24 years,2021,0.5,0.4,x,x,400,x,500
Prince Edward Island,Public administration,Men,15 to 24 years,2022,0.5,0.5,x,x,500,x,500
Prince Edward Island,Public administration,Men,15 to 24 years,2023,0.4,0.4,x,x,400,x,400
Prince Edward Island,Public administration,Men,15 to 24 years,2024,0.4,0.4,x,x,400,x,400
Prince Edward Island,Public administration,Men,15 to 24 years,2025,0.3,0.2,x,x,200,x,300
Prince Edward Island,Public administration,Men,25 to 54 years,2021,2.4,2.3,x,x,2300,x,2400
Prince Edward Island,Public administration,Men,25 to 54 years,2022,3.3,3.3,x,x,3300,x,3300
Prince Edward Island,Public administration,Men,25 to 54 years,2023,3.4,3.3,x,x,3300,x,3400
Prince Edward Island,Public administration,Men,25 to 54 years,2024,3.5,3.4,x,x,3400,x,3500
Prince Edward Island,Public administration,Men,25 to 54 years,2025,2.6,2.5,x,x,2500,x,2600
Prince Edward Island,Public administration,Men,55 years and over,2021,1,1,x,x,1000,x,1000
Prince Edward Island,Public administration,Men,55 years and over,2022,0.8,0.8,x,x,800,x,800
Prince Edward Island,Public administration,Men,55 years and over,2023,1,1,x,x,1000,x,1000
Prince Edward Island,Public administration,Men,55 years and over,2024,1.3,1.2,x,x,1200,x,1300
Prince Edward Island,Public administration,Men,55 years and over,2025,1.2,1.2,x,x,1200,x,1200
Prince Edward Island,Public administration,Women,15 to 24 years,2021,0.4,0.4,x,x,400,x,400
Prince Edward Island,Public administration,Women,15 to 24 years,2022,0.5,0.5,x,x,500,x,500
Prince Edward Island,Public administration,Women,15 to 24 years,2023,0.2,0.2,x,x,200,x,200
Prince Edward Island,Public administration,Women,15 to 24 years,2024,0.2,0.2,x,x,200,x,200
Prince Edward Island,Public administration,Women,15 to 24 years,2025,0.3,0.2,x,x,200,x,300
Prince Edward Island,Public administration,Women,25 to 54 years,2021,3.8,3.7,x,x,3700,x,3800
Prince Edward Island,Public administration,Women,25 to 54 years,2022,4,3.9,x,x,3900,x,4000
Prince Edward Island,Public administration,Women,25 to 54 years,2023,4.4,4.3,x,x,4300,x,4400
Prince Edward Island,Public administration,Women,25 to 54 years,2024,4.2,4.1,x,x,4100,x,4200
Prince Edward Island,Public administration,Women,25 to 54 years,2025,5.2,5,x,x,5000,x,5200
Prince Edward Island,Public administration,Women,55 years and over,2021,1.4,1.3,x,x,1300,x,1400
Prince Edward Island,Public administration,Women,55 years and over,2022,1.4,1.2,x,x,1200,x,1400
Prince Edward Island,Public administration,Women,55 years and over,2023,1.4,1.4,x,x,1400,x,1400
Prince Edward Island,Public administration,Women,55 years and over,2024,1.1,1.1,x,x,1100,x,1100
Prince Edward Island,Public administration,Women,55 years and over,2025,1.5,1.4,x,x,1400,x,1500
Nova Scotia,Agriculture,Men,15 to 24 years,2021,1.4,1.2,x,x,1200,x,1400
Nova Scotia,Agriculture,Men,15 to 24 years,2022,0.6,0.6,x,x,600,x,600
Nova Scotia,Agriculture,Men,15 to 24 years,2023,0.5,0.5,x,x,500,x,500
Nova Scotia,Agriculture,Men,15 to 24 years,2024,x,x,x,x,x,x,x
Nova Scotia,Agriculture,Men,15 to 24 years,2025,x,x,x,x,x,x,x
Nova Scotia,Agriculture,Men,25 to 54 years,2021,2,1.9,x,x,1900,x,2000
Nova Scotia,Agriculture,Men,25 to 54 years,2022,1.8,1.7,x,x,1700,x,1800
Nova Scotia,Agriculture,Men,25 to 54 years,2023,1.7,1.7,x,x,1700,x,1700
Nova Scotia,Agriculture,Men,25 to 54 years,2024,1.3,1.2,x,x,1200,x,1300
Nova Scotia,Agriculture,Men,25 to 54 years,2025,0.8,0.7,x,x,700,x,800
Nova Scotia,Agriculture,Men,55 years and over,2021,1.6,1.4,x,x,1400,x,1600
Nova Scotia,Agriculture,Men,55 years and over,2022,1.3,1.2,x,x,1200,x,1300
Nova Scotia,Agriculture,Men,55 years and over,2023,1.2,1.2,x,x,1200,x,1200
Nova Scotia,Agriculture,Men,55 years and over,2024,1.4,1.2,x,x,1200,x,1400
Nova Scotia,Agriculture,Men,55 years and over,2025,1.2,1.1,x,x,1100,x,1200
Nova Scotia,Agriculture,Women,15 to 24 years,2021,x,x,x,x,x,x,x
Nova Scotia,Agriculture,Women,15 to 24 years,2022,x,x,x,x,x,x,x
Nova Scotia,Agriculture,Women,15 to 24 years,2023,x,x,x,x,x,x,x
Nova Scotia,Agriculture,Women,15 to 24 years,2024,x,x,x,x,x,x,x
Nova Scotia,Agriculture,Women,15 to 24 years,2025,x,x,x,x,x,x,x
Nova Scotia,Agriculture,Women,25 to 54 years,2021,1,0.8,x,x,800,x,1000
Nova Scotia,Agriculture,Women,25 to 54 years,2022,1.1,1,x,x,1000,x,1100
Nova Scotia,Agriculture,Women,25 to 54 years,2023,1.1,1.1,x,x,1100,x,1100
Nova Scotia,Agriculture,Women,25 to 54 years,2024,0.5,0.5,x,x,500,x,500
Nova Scotia,Agriculture,Women,25 to 54 years,2025,0.9,0.8,x,x,800,x,900
Nova Scotia,Agriculture,Women,55 years and over,2021,0.8,0.7,x,x,700,x,800
Nova Scotia,Agriculture,Women,55 years and over,2022,0.5,x,x,x,x,x,500
Nova Scotia,Agriculture,Women,55 years and over,2023,0.7,0.7,x,x,700,x,700
Nova Scotia,Agriculture,Women,55 years and over,2024,x,x,x,x,x,x,x
Nova Scotia,Agriculture,Women,55 years and over,2025,0.5,0.5,x,x,500,x,500
Nova Scotia,"Forestry, fishing, mining, quarrying, oil and gas",Men,15 to 24 years,2021,1.4,1,x,x,1000,x,1400
Nova Scotia,"Forestry, fishing, mining, quarrying, oil and gas",Men,15 to 24 years,2022,1.2,0.9,x,x,900,x,1200
Nova Scotia,"Forestry, fishing, mining, quarrying, oil and gas",Men,15 to 24 years,2023,1.5,1.1,x,x,1100,x,1500
Nova Scotia,"Forestry, fishing, mining, quarrying, oil and gas",Men,15 to 24 years,2024,1.6,1.2,x,x,1200,x,1600
Nova Scotia,"Forestry, fishing, mining, quarrying, oil and gas",Men,15 to 24 years,2025,1,0.9,x,x,900,x,1000
Nova Scotia,"Forestry, fishing, mining, quarrying, oil and gas",Men,25 to 54 years,2021,7,5.8,1.2,17.1,5800,1200,7000
Nova Scotia,"Forestry, fishing, mining, quarrying, oil and gas",Men,25 to 54 years,2022,6.6,5.4,1.2,18.2,5400,1200,6600
Nova Scotia,"Forestry, fishing, mining, quarrying, oil and gas",Men,25 to 54 years,2023,6.8,5.4,1.4,20.6,5400,1400,6800
Nova Scotia,"Forestry, fishing, mining, quarrying, oil and gas",Men,25 to 54 years,2024,6.7,5.6,1.1,16.4,5600,1100,6700
Nova Scotia,"Forestry, fishing, mining, quarrying, oil and gas",Men,25 to 54 years,2025,6.4,5.2,1.2,18.8,5200,1200,6400
Nova Scotia,"Forestry, fishing, mining, quarrying, oil and gas",Men,55 years and over,2021,3.3,2.7,0.6,18.2,2700,600,3300
Nova Scotia,"Forestry, fishing, mining, quarrying, oil and gas",Men,55 years and over,2022,3,2.5,0.5,16.7,2500,500,3000
Nova Scotia,"Forestry, fishing, mining, quarrying, oil and gas",Men,55 years and over,2023,2.8,2.3,0.6,21.4,2300,600,2800
Nova Scotia,"Forestry, fishing, mining, quarrying, oil and gas",Men,55 years and over,2024,3.1,2.6,0.5,16.1,2600,500,3100
Nova Scotia,"Forestry, fishing, mining, quarrying, oil and gas",Men,55 years and over,2025,3.9,3.4,0.5,12.8,3400,500,3900
Nova Scotia,"Forestry, fishing, mining, quarrying, oil and gas",Women,15 to 24 years,2021,x,x,x,x,x,x,x
Nova Scotia,"Forestry, fishing, mining, quarrying, oil and gas",Women,15 to 24 years,2022,x,x,x,x,x,x,x
Nova Scotia,"Forestry, fishing, mining, quarrying, oil and gas",Women,15 to 24 years,2023,x,x,x,x,x,x,x
Nova Scotia,"Forestry, fishing, mining, quarrying, oil and gas",Women,15 to 24 years,2024,x,x,x,x,x,x,x
Nova Scotia,"Forestry, fishing, mining, quarrying, oil and gas",Women,15 to 24 years,2025,x,x,x,x,x,x,x
Nova Scotia,"Forestry, fishing, mining, quarrying, oil and gas",Women,25 to 54 years,2021,1.4,1.1,x,x,1100,x,1400
Nova Scotia,"Forestry, fishing, mining, quarrying, oil and gas",Women,25 to 54 years,2022,0.7,0.6,x,x,600,x,700
Nova Scotia,"Forestry, fishing, mining, quarrying, oil and gas",Women,25 to 54 years,2023,0.9,0.5,x,x,500,x,900
Nova Scotia,"Forestry, fishing, mining, quarrying, oil and gas",Women,25 to 54 years,2024,0.9,0.7,x,x,700,x,900
Nova Scotia,"Forestry, fishing, mining, quarrying, oil and gas",Women,25 to 54 years,2025,0.9,0.8,x,x,800,x,900
Nova Scotia,"Forestry, fishing, mining, quarrying, oil and gas",Women,55 years and over,2021,0.9,0.7,x,x,700,x,900
Nova Scotia,"Forestry, fishing, mining, quarrying, oil and gas",Women,55 years and over,2022,0.8,0.6,x,x,600,x,800
Nova Scotia,"Forestry, fishing, mining, quarrying, oil and gas",Women,55 years and over,2023,0.5,x,x,x,x,x,500
Nova Scotia,"Forestry, fishing, mining, quarrying, oil and gas",Women,55 years and over,2024,0.6,0.5,x,x,500,x,600
Nova Scotia,"Forestry, fishing, mining, quarrying, oil and gas",Women,55 years and over,2025,0.9,0.7,x,x,700,x,900
Nova Scotia,Utilities,Men,15 to 24 years,2021,x,x,x,x,x,x,x
Nova Scotia,Utilities,Men,15 to 24 years,2022,x,x,x,x,x,x,x
Nova Scotia,Utilities,Men,15 to 24 years,2023,x,x,x,x,x,x,x
Nova Scotia,Utilities,Men,15 to 24 years,2024,x,x,x,x,x,x,x
Nova Scotia,Utilities,Men,15 to 24 years,2025,x,x,x,x,x,x,x
Nova Scotia,Utilities,Men,25 to 54 years,2021,2.2,2.2,x,x,2200,x,2200
Nova Scotia,Utilities,Men,25 to 54 years,2022,2.7,2.6,x,x,2600,x,2700
Nova Scotia,Utilities,Men,25 to 54 years,2023,2.3,2.3,x,x,2300,x,2300
Nova Scotia,Utilities,Men,25 to 54 years,2024,2.3,2.3,x,x,2300,x,2300
Nova Scotia,Utilities,Men,25 to 54 years,2025,2.5,2.5,x,x,2500,x,2500
Nova Scotia,Utilities,Men,55 years and over,2021,0.9,0.9,x,x,900,x,900
Nova Scotia,Utilities,Men,55 years and over,2022,0.8,0.7,x,x,700,x,800
Nova Scotia,Utilities,Men,55 years and over,2023,x,x,x,x,x,x,x
Nova Scotia,Utilities,Men,55 years and over,2024,0.6,0.6,x,x,600,x,600
Nova Scotia,Utilities,Men,55 years and over,2025,0.5,0.5,x,x,500,x,500
Nova Scotia,Utilities,Women,15 to 24 years,2021,x,x,x,x,x,x,x
Nova Scotia,Utilities,Women,15 to 24 years,2022,x,x,x,x,x,x,x
Nova Scotia,Utilities,Women,15 to 24 years,2023,x,x,x,x,x,x,x
Nova Scotia,Utilities,Women,15 to 24 years,2024,x,x,x,x,x,x,x
Nova Scotia,Utilities,Women,15 to 24 years,2025,x,x,x,x,x,x,x
Nova Scotia,Utilities,Women,25 to 54 years,2021,1.6,1.6,x,x,1600,x,1600
Nova Scotia,Utilities,Women,25 to 54 years,2022,1,1,x,x,1000,x,1000
Nova Scotia,Utilities,Women,25 to 54 years,2023,x,x,x,x,x,x,x
Nova Scotia,Utilities,Women,25 to 54 years,2024,1.1,1.1,x,x,1100,x,1100
Nova Scotia,Utilities,Women,25 to 54 years,2025,1.1,1.1,x,x,1100,x,1100
Nova Scotia,Utilities,Women,55 years and over,2021,x,x,x,x,x,x,x
Nova Scotia,Utilities,Women,55 years and over,2022,x,x,x,x,x,x,x
Nova Scotia,Utilities,Women,55 years and over,2023,x,x,x,x,x,x,x
Nova Scotia,Utilities,Women,55 years and over,2024,x,x,x,x,x,x,x
Nova Scotia,Utilities,Women,55 years and over,2025,x,x,x,x,x,x,x
Nova Scotia,Construction,Men,15 to 24 years,2021,5.1,4.4,0.7,13.7,4400,700,5100
Nova Scotia,Construction,Men,15 to 24 years,2022,4.1,3.9,x,x,3900,x,4100
Nova Scotia,Construction,Men,15 to 24 years,2023,4.2,4,x,x,4000,x,4200
Nova Scotia,Construction,Men,15 to 24 years,2024,5.3,4.9,x,x,4900,x,5300
Nova Scotia,Construction,Men,15 to 24 years,2025,5.5,5.1,x,x,5100,x,5500
Nova Scotia,Construction,Men,25 to 54 years,2021,22.7,20.7,2,8.8,20700,2000,22700
Nova Scotia,Construction,Men,25 to 54 years,2022,25.7,24.4,1.2,4.7,24400,1200,25700
Nova Scotia,Construction,Men,25 to 54 years,2023,23.7,22.1,1.6,6.8,22100,1600,23700
Nova Scotia,Construction,Men,25 to 54 years,2024,27.3,25.8,1.5,5.5,25800,1500,27300
Nova Scotia,Construction,Men,25 to 54 years,2025,27.3,25.5,1.8,6.6,25500,1800,27300
Nova Scotia,Construction,Men,55 years and over,2021,8.4,7.8,0.6,7.1,7800,600,8400
Nova Scotia,Construction,Men,55 years and over,2022,11.2,10.5,0.7,6.3,10500,700,11200
Nova Scotia,Construction,Men,55 years and over,2023,9,8.1,0.9,10,8100,900,9000
Nova Scotia,Construction,Men,55 years and over,2024,8.3,7.6,0.7,8.4,7600,700,8300
Nova Scotia,Construction,Men,55 years and over,2025,8.8,8.2,0.6,6.8,8200,600,8800
Nova Scotia,Construction,Women,15 to 24 years,2021,x,x,x,x,x,x,x
Nova Scotia,Construction,Women,15 to 24 years,2022,0.8,0.6,x,x,600,x,800
Nova Scotia,Construction,Women,15 to 24 years,2023,x,x,x,x,x,x,x
Nova Scotia,Construction,Women,15 to 24 years,2024,0.5,0.5,x,x,500,x,500
Nova Scotia,Construction,Women,15 to 24 years,2025,0.7,0.6,x,x,600,x,700
Nova Scotia,Construction,Women,25 to 54 years,2021,2.6,2.4,x,x,2400,x,2600
Nova Scotia,Construction,Women,25 to 54 years,2022,3.2,3.1,x,x,3100,x,3200
Nova Scotia,Construction,Women,25 to 54 years,2023,2.8,2.7,x,x,2700,x,2800
Nova Scotia,Construction,Women,25 to 54 years,2024,2.5,2.4,x,x,2400,x,2500
Nova Scotia,Construction,Women,25 to 54 years,2025,3.8,3.7,x,x,3700,x,3800
Nova Scotia,Construction,Women,55 years and over,2021,0.8,0.8,x,x,800,x,800
Nova Scotia,Construction,Women,55 years and over,2022,1.2,1,x,x,1000,x,1200
Nova Scotia,Construction,Women,55 years and over,2023,1.3,1.3,x,x,1300,x,1300
Nova Scotia,Construction,Women,55 years and over,2024,1.2,1.1,x,x,1100,x,1200
Nova Scotia,Construction,Women,55 years and over,2025,0.5,0.5,x,x,500,x,500
Nova Scotia,Manufacturing,Men,15 to 24 years,2021,3.7,3.3,x,x,3300,x,3700
Nova Scotia,Manufacturing,Men,15 to 24 years,2022,3.2,3.1,x,x,3100,x,3200
Nova Scotia,Manufacturing,Men,15 to 24 years,2023,2.2,1.9,x,x,1900,x,2200
Nova Scotia,Manufacturing,Men,15 to 24 years,2024,2,1.9,x,x,1900,x,2000
Nova Scotia,Manufacturing,Men,15 to 24 years,2025,2.8,2.5,x,x,2500,x,2800
Nova Scotia,Manufacturing,Men,25 to 54 years,2021,17.5,16.6,0.9,5.1,16600,900,17500
Nova Scotia,Manufacturing,Men,25 to 54 years,2022,17.1,16.4,0.8,4.7,16400,800,17100
Nova Scotia,Manufacturing,Men,25 to 54 years,2023,20.4,19.8,0.6,2.9,19800,600,20400
Nova Scotia,Manufacturing,Men,25 to 54 years,2024,17.2,16.5,0.7,4.1,16500,700,17200
Nova Scotia,Manufacturing,Men,25 to 54 years,2025,17.5,17.2,x,x,17200,x,17500
Nova Scotia,Manufacturing,Men,55 years and over,2021,6.8,6.5,x,x,6500,x,6800
Nova Scotia,Manufacturing,Men,55 years and over,2022,7.4,7.1,x,x,7100,x,7400
Nova Scotia,Manufacturing,Men,55 years and over,2023,6.8,6.5,x,x,6500,x,6800
Nova Scotia,Manufacturing,Men,55 years and over,2024,7.2,6.9,x,x,6900,x,7200
Nova Scotia,Manufacturing,Men,55 years and over,2025,6.4,6.3,x,x,6300,x,6400
Nova Scotia,Manufacturing,Women,15 to 24 years,2021,0.7,0.7,x,x,700,x,700
Nova Scotia,Manufacturing,Women,15 to 24 years,2022,0.9,0.8,x,x,800,x,900
Nova Scotia,Manufacturing,Women,15 to 24 years,2023,1.2,1.1,x,x,1100,x,1200
Nova Scotia,Manufacturing,Women,15 to 24 years,2024,1.1,0.9,x,x,900,x,1100
Nova Scotia,Manufacturing,Women,15 to 24 years,2025,x,x,x,x,x,x,x
Nova Scotia,Manufacturing,Women,25 to 54 years,2021,4,3.7,x,x,3700,x,4000
Nova Scotia,Manufacturing,Women,25 to 54 years,2022,6.3,6.1,x,x,6100,x,6300
Nova Scotia,Manufacturing,Women,25 to 54 years,2023,6.4,5.9,0.5,7.8,5900,500,6400
Nova Scotia,Manufacturing,Women,25 to 54 years,2024,6.9,6.8,x,x,6800,x,6900
Nova Scotia,Manufacturing,Women,25 to 54 years,2025,6.6,6.3,x,x,6300,x,6600
Nova Scotia,Manufacturing,Women,55 years and over,2021,3.3,3.1,x,x,3100,x,3300
Nova Scotia,Manufacturing,Women,55 years and over,2022,2.8,2.5,x,x,2500,x,2800
Nova Scotia,Manufacturing,Women,55 years and over,2023,2.8,2.4,x,x,2400,x,2800
Nova Scotia,Manufacturing,Women,55 years and over,2024,2.6,2.5,x,x,2500,x,2600
Nova Scotia,Manufacturing,Women,55 years and over,2025,2.2,2.1,x,x,2100,x,2200
Nova Scotia,Wholesale and retail trade,Men,15 to 24 years,2021,11.4,10.4,1,8.8,10400,1000,11400
Nova Scotia,Wholesale and retail trade,Men,15 to 24 years,2022,9.7,9.3,x,x,9300,x,9700
Nova Scotia,Wholesale and retail trade,Men,15 to 24 years,2023,10.6,9.7,0.8,7.5,9700,800,10600
Nova Scotia,Wholesale and retail trade,Men,15 to 24 years,2024,11.3,10.7,0.6,5.3,10700,600,11300
Nova Scotia,Wholesale and retail trade,Men,15 to 24 years,2025,10.9,10.4,x,x,10400,x,10900
Nova Scotia,Wholesale and retail trade,Men,25 to 54 years,2021,19.1,18.4,0.8,4.2,18400,800,19100
Nova Scotia,Wholesale and retail trade,Men,25 to 54 years,2022,20.6,19.6,1,4.9,19600,1000,20600
Nova Scotia,Wholesale and retail trade,Men,25 to 54 years,2023,23.4,22.6,0.7,3,22600,700,23400
Nova Scotia,Wholesale and retail trade,Men,25 to 54 years,2024,23,22.2,0.9,3.9,22200,900,23000
Nova Scotia,Wholesale and retail trade,Men,25 to 54 years,2025,22.5,21.4,1.1,4.9,21400,1100,22500
Nova Scotia,Wholesale and retail trade,Men,55 years and over,2021,8.6,8.1,0.5,5.8,8100,500,8600
Nova Scotia,Wholesale and retail trade,Men,55 years and over,2022,9.9,9.7,x,x,9700,x,9900
Nova Scotia,Wholesale and retail trade,Men,55 years and over,2023,10.5,10.3,x,x,10300,x,10500
Nova Scotia,Wholesale and retail trade,Men,55 years and over,2024,9.9,9.5,x,x,9500,x,9900
Nova Scotia,Wholesale and retail trade,Men,55 years and over,2025,10.1,10,x,x,10000,x,10100
Nova Scotia,Wholesale and retail trade,Women,15 to 24 years,2021,9.9,9.5,x,x,9500,x,9900
Nova Scotia,Wholesale and retail trade,Women,15 to 24 years,2022,11.4,11,x,x,11000,x,11400
Nova Scotia,Wholesale and retail trade,Women,15 to 24 years,2023,10,9.5,0.5,5,9500,500,10000
Nova Scotia,Wholesale and retail trade,Women,15 to 24 years,2024,8.7,8.4,x,x,8400,x,8700
Nova Scotia,Wholesale and retail trade,Women,15 to 24 years,2025,10.3,9.6,0.7,6.8,9600,700,10300
Nova Scotia,Wholesale and retail trade,Women,25 to 54 years,2021,18.5,17.7,0.8,4.3,17700,800,18500
Nova Scotia,Wholesale and retail trade,Women,25 to 54 years,2022,18.2,17.4,0.8,4.4,17400,800,18200
Nova Scotia,Wholesale and retail trade,Women,25 to 54 years,2023,19.3,18.9,x,x,18900,x,19300
Nova Scotia,Wholesale and retail trade,Women,25 to 54 years,2024,19.5,18.8,0.7,3.6,18800,700,19500
Nova Scotia,Wholesale and retail trade,Women,25 to 54 years,2025,17.8,17.3,0.5,2.8,17300,500,17800
Nova Scotia,Wholesale and retail trade,Women,55 years and over,2021,9.1,8.6,0.5,5.5,8600,500,9100
Nova Scotia,Wholesale and retail trade,Women,55 years and over,2022,8.1,8,x,x,8000,x,8100
Nova Scotia,Wholesale and retail trade,Women,55 years and over,2023,8.4,8.3,x,x,8300,x,8400
Nova Scotia,Wholesale and retail trade,Women,55 years and over,2024,9.4,9.3,x,x,9300,x,9400
Nova Scotia,Wholesale and retail trade,Women,55 years and over,2025,10,9.7,x,x,9700,x,10000
Nova Scotia,Transportation and warehousing,Men,15 to 24 years,2021,2.1,1.9,x,x,1900,x,2100
Nova Scotia,Transportation and warehousing,Men,15 to 24 years,2022,1.3,1.1,x,x,1100,x,1300
Nova Scotia,Transportation and warehousing,Men,15 to 24 years,2023,1.3,1,x,x,1000,x,1300
Nova Scotia,Transportation and warehousing,Men,15 to 24 years,2024,1,0.9,x,x,900,x,1000
Nova Scotia,Transportation and warehousing,Men,15 to 24 years,2025,1.6,1.5,x,x,1500,x,1600
Nova Scotia,Transportation and warehousing,Men,25 to 54 years,2021,11.4,10.4,1,8.8,10400,1000,11400
Nova Scotia,Transportation and warehousing,Men,25 to 54 years,2022,9.7,9.3,x,x,9300,x,9700
Nova Scotia,Transportation and warehousing,Men,25 to 54 years,2023,10.2,9.7,0.5,4.9,9700,500,10200
Nova Scotia,Transportation and warehousing,Men,25 to 54 years,2024,11.3,10.9,0.5,4.4,10900,500,11300
Nova Scotia,Transportation and warehousing,Men,25 to 54 years,2025,12.2,11.7,0.5,4.1,11700,500,12200
Nova Scotia,Transportation and warehousing,Men,55 years and over,2021,6.9,6.6,x,x,6600,x,6900
Nova Scotia,Transportation and warehousing,Men,55 years and over,2022,5.7,5.4,x,x,5400,x,5700
Nova Scotia,Transportation and warehousing,Men,55 years and over,2023,6.3,6.1,x,x,6100,x,6300
Nova Scotia,Transportation and warehousing,Men,55 years and over,2024,5.9,5.6,x,x,5600,x,5900
Nova Scotia,Transportation and warehousing,Men,55 years and over,2025,6.4,6,x,x,6000,x,6400
Nova Scotia,Transportation and warehousing,Women,15 to 24 years,2021,x,x,x,x,x,x,x
Nova Scotia,Transportation and warehousing,Women,15 to 24 years,2022,x,x,x,x,x,x,x
Nova Scotia,Transportation and warehousing,Women,15 to 24 years,2023,x,x,x,x,x,x,x
Nova Scotia,Transportation and warehousing,Women,15 to 24 years,2024,x,x,x,x,x,x,x
Nova Scotia,Transportation and warehousing,Women,15 to 24 years,2025,x,x,x,x,x,x,x
Nova Scotia,Transportation and warehousing,Women,25 to 54 years,2021,4.5,4.3,x,x,4300,x,4500
Nova Scotia,Transportation and warehousing,Women,25 to 54 years,2022,3.1,3,x,x,3000,x,3100
Nova Scotia,Transportation and warehousing,Women,25 to 54 years,2023,3.3,3.1,x,x,3100,x,3300
Nova Scotia,Transportation and warehousing,Women,25 to 54 years,2024,3.4,3.2,x,x,3200,x,3400
Nova Scotia,Transportation and warehousing,Women,25 to 54 years,2025,3.8,3.5,x,x,3500,x,3800
Nova Scotia,Transportation and warehousing,Women,55 years and over,2021,1.8,1.6,x,x,1600,x,1800
Nova Scotia,Transportation and warehousing,Women,55 years and over,2022,2.1,2,x,x,2000,x,2100
Nova Scotia,Transportation and warehousing,Women,55 years and over,2023,1.7,1.6,x,x,1600,x,1700
Nova Scotia,Transportation and warehousing,Women,55 years and over,2024,1.1,1,x,x,1000,x,1100
Nova Scotia,Transportation and warehousing,Women,55 years and over,2025,1.3,1.2,x,x,1200,x,1300
Nova Scotia,"Finance, insurance, real estate, rental and leasing",Men,15 to 24 years,2021,0.5,x,x,x,x,x,500
Nova Scotia,"Finance, insurance, real estate, rental and leasing",Men,15 to 24 years,2022,1.2,1.2,x,x,1200,x,1200
Nova Scotia,"Finance, insurance, real estate, rental and leasing",Men,15 to 24 years,2023,0.8,0.8,x,x,800,x,800
Nova Scotia,"Finance, insurance, real estate, rental and leasing",Men,15 to 24 years,2024,x,x,x,x,x,x,x
Nova Scotia,"Finance, insurance, real estate, rental and leasing",Men,15 to 24 years,2025,0.6,0.5,x,x,500,x,600
Nova Scotia,"Finance, insurance, real estate, rental and leasing",Men,25 to 54 years,2021,7.6,7.6,x,x,7600,x,7600
Nova Scotia,"Finance, insurance, real estate, rental and leasing",Men,25 to 54 years,2022,7.8,7.6,x,x,7600,x,7800
Nova Scotia,"Finance, insurance, real estate, rental and leasing",Men,25 to 54 years,2023,9.4,9.1,x,x,9100,x,9400
Nova Scotia,"Finance, insurance, real estate, rental and leasing",Men,25 to 54 years,2024,9.8,9.4,x,x,9400,x,9800
Nova Scotia,"Finance, insurance, real estate, rental and leasing",Men,25 to 54 years,2025,10.5,10.3,x,x,10300,x,10500
Nova Scotia,"Finance, insurance, real estate, rental and leasing",Men,55 years and over,2021,3,2.8,x,x,2800,x,3000
Nova Scotia,"Finance, insurance, real estate, rental and leasing",Men,55 years and over,2022,3.3,3.2,x,x,3200,x,3300
Nova Scotia,"Finance, insurance, real estate, rental and leasing",Men,55 years and over,2023,3.5,3.5,x,x,3500,x,3500
Nova Scotia,"Finance, insurance, real estate, rental and leasing",Men,55 years and over,2024,3.7,3.6,x,x,3600,x,3700
Nova Scotia,"Finance, insurance, real estate, rental and leasing",Men,55 years and over,2025,3.7,3.7,x,x,3700,x,3700
Nova Scotia,"Finance, insurance, real estate, rental and leasing",Women,15 to 24 years,2021,1,1,x,x,1000,x,1000
Nova Scotia,"Finance, insurance, real estate, rental and leasing",Women,15 to 24 years,2022,0.7,0.7,x,x,700,x,700
Nova Scotia,"Finance, insurance, real estate, rental and leasing",Women,15 to 24 years,2023,0.5,0.5,x,x,500,x,500
Nova Scotia,"Finance, insurance, real estate, rental and leasing",Women,15 to 24 years,2024,1.4,1.4,x,x,1400,x,1400
Nova Scotia,"Finance, insurance, real estate, rental and leasing",Women,15 to 24 years,2025,0.6,0.5,x,x,500,x,600
Nova Scotia,"Finance, insurance, real estate, rental and leasing",Women,25 to 54 years,2021,11.3,11,x,x,11000,x,11300
Nova Scotia,"Finance, insurance, real estate, rental and leasing",Women,25 to 54 years,2022,11.3,11,x,x,11000,x,11300
Nova Scotia,"Finance, insurance, real estate, rental and leasing",Women,25 to 54 years,2023,12.4,12.3,x,x,12300,x,12400
Nova Scotia,"Finance, insurance, real estate, rental and leasing",Women,25 to 54 years,2024,11.8,11.4,x,x,11400,x,11800
Nova Scotia,"Finance, insurance, real estate, rental and leasing",Women,25 to 54 years,2025,11.7,11.7,x,x,11700,x,11700
Nova Scotia,"Finance, insurance, real estate, rental and leasing",Women,55 years and over,2021,3.1,2.9,x,x,2900,x,3100
Nova Scotia,"Finance, insurance, real estate, rental and leasing",Women,55 years and over,2022,3.7,3.7,x,x,3700,x,3700
Nova Scotia,"Finance, insurance, real estate, rental and leasing",Women,55 years and over,2023,4.1,4,x,x,4000,x,4100
Nova Scotia,"Finance, insurance, real estate, rental and leasing",Women,55 years and over,2024,4.3,4.2,x,x,4200,x,4300
Nova Scotia,"Finance, insurance, real estate, rental and leasing",Women,55 years and over,2025,3.5,3.5,x,x,3500,x,3500
Nova Scotia,"Professional, scientific and technical services",Men,15 to 24 years,2021,0.8,0.7,x,x,700,x,800
Nova Scotia,"Professional, scientific and technical services",Men,15 to 24 years,2022,1.4,1.4,x,x,1400,x,1400
Nova Scotia,"Professional, scientific and technical services",Men,15 to 24 years,2023,1.3,1.3,x,x,1300,x,1300
Nova Scotia,"Professional, scientific and technical services",Men,15 to 24 years,2024,1.2,1.1,x,x,1100,x,1200
Nova Scotia,"Professional, scientific and technical services",Men,15 to 24 years,2025,1.3,1.3,x,x,1300,x,1300
Nova Scotia,"Professional, scientific and technical services",Men,25 to 54 years,2021,12.9,12.7,x,x,12700,x,12900
Nova Scotia,"Professional, scientific and technical services",Men,25 to 54 years,2022,16,15.5,0.5,3.1,15500,500,16000
Nova Scotia,"Professional, scientific and technical services",Men,25 to 54 years,2023,15.5,15.1,x,x,15100,x,15500
Nova Scotia,"Professional, scientific and technical services",Men,25 to 54 years,2024,15.8,14.9,0.8,5.1,14900,800,15800
Nova Scotia,"Professional, scientific and technical services",Men,25 to 54 years,2025,17.3,16.6,0.8,4.6,16600,800,17300
Nova Scotia,"Professional, scientific and technical services",Men,55 years and over,2021,5.5,5.3,x,x,5300,x,5500
Nova Scotia,"Professional, scientific and technical services",Men,55 years and over,2022,5.7,5.6,x,x,5600,x,5700
Nova Scotia,"Professional, scientific and technical services",Men,55 years and over,2023,5.1,5,x,x,5000,x,5100
Nova Scotia,"Professional, scientific and technical services",Men,55 years and over,2024,4.3,4.1,x,x,4100,x,4300
Nova Scotia,"Professional, scientific and technical services",Men,55 years and over,2025,3.5,3.4,x,x,3400,x,3500
Nova Scotia,"Professional, scientific and technical services",Women,15 to 24 years,2021,1.8,1.6,x,x,1600,x,1800
Nova Scotia,"Professional, scientific and technical services",Women,15 to 24 years,2022,1.3,1.2,x,x,1200,x,1300
Nova Scotia,"Professional, scientific and technical services",Women,15 to 24 years,2023,1.3,1.1,x,x,1100,x,1300
Nova Scotia,"Professional, scientific and technical services",Women,15 to 24 years,2024,1.6,1.5,x,x,1500,x,1600
Nova Scotia,"Professional, scientific and technical services",Women,15 to 24 years,2025,1.3,1.2,x,x,1200,x,1300
Nova Scotia,"Professional, scientific and technical services",Women,25 to 54 years,2021,10.8,10.5,x,x,10500,x,10800
Nova Scotia,"Professional, scientific and technical services",Women,25 to 54 years,2022,11.8,11.6,x,x,11600,x,11800
Nova Scotia,"Professional, scientific and technical services",Women,25 to 54 years,2023,13.7,13.5,x,x,13500,x,13700
Nova Scotia,"Professional, scientific and technical services",Women,25 to 54 years,2024,11.6,11.1,0.5,4.3,11100,500,11600
Nova Scotia,"Professional, scientific and technical services",Women,25 to 54 years,2025,11.9,11.8,x,x,11800,x,11900
Nova Scotia,"Professional, scientific and technical services",Women,55 years and over,2021,3,3,x,x,3000,x,3000
Nova Scotia,"Professional, scientific and technical services",Women,55 years and over,2022,3.4,3.3,x,x,3300,x,3400
Nova Scotia,"Professional, scientific and technical services",Women,55 years and over,2023,3.3,3.2,x,x,3200,x,3300
Nova Scotia,"Professional, scientific and technical services",Women,55 years and over,2024,3.5,3.2,x,x,3200,x,3500
Nova Scotia,"Professional, scientific and technical services",Women,55 years and over,2025,2.9,2.9,x,x,2900,x,2900
Nova Scotia,"Business, building and other support services",Men,15 to 24 years,2021,1.4,1.2,x,x,1200,x,1400
Nova Scotia,"Business, building and other support services",Men,15 to 24 years,2022,2.2,1.8,x,x,1800,x,2200
Nova Scotia,"Business, building and other support services",Men,15 to 24 years,2023,2.2,2,x,x,2000,x,2200
Nova Scotia,"Business, building and other support services",Men,15 to 24 years,2024,2.2,1.9,x,x,1900,x,2200
Nova Scotia,"Business, building and other support services",Men,15 to 24 years,2025,2.1,1.9,x,x,1900,x,2100
Nova Scotia,"Business, building and other support services",Men,25 to 54 years,2021,7.2,6.5,0.7,9.7,6500,700,7200
Nova Scotia,"Business, building and other support services",Men,25 to 54 years,2022,6.3,6,x,x,6000,x,6300
Nova Scotia,"Business, building and other support services",Men,25 to 54 years,2023,7.2,6.6,0.6,8.3,6600,600,7200
Nova Scotia,"Business, building and other support services",Men,25 to 54 years,2024,5.6,5.2,x,x,5200,x,5600
Nova Scotia,"Business, building and other support services",Men,25 to 54 years,2025,7.2,6.6,0.6,8.3,6600,600,7200
Nova Scotia,"Business, building and other support services",Men,55 years and over,2021,2.9,2.9,x,x,2900,x,2900
Nova Scotia,"Business, building and other support services",Men,55 years and over,2022,2.7,2.5,x,x,2500,x,2700
Nova Scotia,"Business, building and other support services",Men,55 years and over,2023,2.8,2.7,x,x,2700,x,2800
Nova Scotia,"Business, building and other support services",Men,55 years and over,2024,2.6,2.5,x,x,2500,x,2600
Nova Scotia,"Business, building and other support services",Men,55 years and over,2025,3.2,2.7,0.5,15.6,2700,500,3200
Nova Scotia,"Business, building and other support services",Women,15 to 24 years,2021,1.4,1.2,x,x,1200,x,1400
Nova Scotia,"Business, building and other support services",Women,15 to 24 years,2022,0.8,0.8,x,x,800,x,800
Nova Scotia,"Business, building and other support services",Women,15 to 24 years,2023,x,x,x,x,x,x,x
Nova Scotia,"Business, building and other support services",Women,15 to 24 years,2024,0.5,x,x,x,x,x,500
Nova Scotia,"Business, building and other support services",Women,15 to 24 years,2025,0.7,0.6,x,x,600,x,700
Nova Scotia,"Business, building and other support services",Women,25 to 54 years,2021,4.8,4.3,0.5,10.4,4300,500,4800
Nova Scotia,"Business, building and other support services",Women,25 to 54 years,2022,5.3,5,x,x,5000,x,5300
Nova Scotia,"Business, building and other support services",Women,25 to 54 years,2023,4.4,4.2,x,x,4200,x,4400
Nova Scotia,"Business, building and other support services",Women,25 to 54 years,2024,4.7,4.2,0.5,10.6,4200,500,4700
Nova Scotia,"Business, building and other support services",Women,25 to 54 years,2025,4.8,4.4,x,x,4400,x,4800
Nova Scotia,"Business, building and other support services",Women,55 years and over,2021,2.7,2.6,x,x,2600,x,2700
Nova Scotia,"Business, building and other support services",Women,55 years and over,2022,3.2,3,x,x,3000,x,3200
Nova Scotia,"Business, building and other support services",Women,55 years and over,2023,2.3,2.2,x,x,2200,x,2300
Nova Scotia,"Business, building and other support services",Women,55 years and over,2024,2.9,2.6,x,x,2600,x,2900
Nova Scotia,"Business, building and other support services",Women,55 years and over,2025,1.8,1.7,x,x,1700,x,1800
Nova Scotia,Educational services,Men,15 to 24 years,2021,0.7,0.6,x,x,600,x,700
Nova Scotia,Educational services,Men,15 to 24 years,2022,0.6,0.6,x,x,600,x,600
Nova Scotia,Educational services,Men,15 to 24 years,2023,0.8,0.8,x,x,800,x,800
Nova Scotia,Educational services,Men,15 to 24 years,2024,1.7,1.7,x,x,1700,x,1700
Nova Scotia,Educational services,Men,15 to 24 years,2025,1.1,1,x,x,1000,x,1100
Nova Scotia,Educational services,Men,25 to 54 years,2021,7.4,7.1,x,x,7100,x,7400
Nova Scotia,Educational services,Men,25 to 54 years,2022,7.2,7,x,x,7000,x,7200
Nova Scotia,Educational services,Men,25 to 54 years,2023,8.4,8.2,x,x,8200,x,8400
Nova Scotia,Educational services,Men,25 to 54 years,2024,8.5,8.1,x,x,8100,x,8500
Nova Scotia,Educational services,Men,25 to 54 years,2025,7.8,7.6,x,x,7600,x,7800
Nova Scotia,Educational services,Men,55 years and over,2021,4.1,3.9,x,x,3900,x,4100
Nova Scotia,Educational services,Men,55 years and over,2022,4,3.8,x,x,3800,x,4000
Nova Scotia,Educational services,Men,55 years and over,2023,2.8,2.7,x,x,2700,x,2800
Nova Scotia,Educational services,Men,55 years and over,2024,3.6,3.5,x,x,3500,x,3600
Nova Scotia,Educational services,Men,55 years and over,2025,3.5,3.3,x,x,3300,x,3500
Nova Scotia,Educational services,Women,15 to 24 years,2021,1.8,1.8,x,x,1800,x,1800
Nova Scotia,Educational services,Women,15 to 24 years,2022,2,1.9,x,x,1900,x,2000
Nova Scotia,Educational services,Women,15 to 24 years,2023,2.2,2.2,x,x,2200,x,2200
Nova Scotia,Educational services,Women,15 to 24 years,2024,2.3,2.2,x,x,2200,x,2300
Nova Scotia,Educational services,Women,15 to 24 years,2025,2.7,2.5,x,x,2500,x,2700
Nova Scotia,Educational services,Women,25 to 54 years,2021,18.7,17.9,0.8,4.3,17900,800,18700
Nova Scotia,Educational services,Women,25 to 54 years,2022,19.5,18.7,0.8,4.1,18700,800,19500
Nova Scotia,Educational services,Women,25 to 54 years,2023,20.8,19.8,1,4.8,19800,1000,20800
Nova Scotia,Educational services,Women,25 to 54 years,2024,22.2,21.5,0.7,3.2,21500,700,22200
Nova Scotia,Educational services,Women,25 to 54 years,2025,21.6,20.4,1.3,6,20400,1300,21600
Nova Scotia,Educational services,Women,55 years and over,2021,6.1,5.7,x,x,5700,x,6100
Nova Scotia,Educational services,Women,55 years and over,2022,5.5,5.2,x,x,5200,x,5500
Nova Scotia,Educational services,Women,55 years and over,2023,5.7,5.3,x,x,5300,x,5700
Nova Scotia,Educational services,Women,55 years and over,2024,6.5,6.2,x,x,6200,x,6500
Nova Scotia,Educational services,Women,55 years and over,2025,6.8,6.7,x,x,6700,x,6800
Nova Scotia,Health care and social assistance,Men,15 to 24 years,2021,0.9,0.8,x,x,800,x,900
Nova Scotia,Health care and social assistance,Men,15 to 24 years,2022,1.2,1.1,x,x,1100,x,1200
Nova Scotia,Health care and social assistance,Men,15 to 24 years,2023,0.7,0.6,x,x,600,x,700
Nova Scotia,Health care and social assistance,Men,15 to 24 years,2024,0.8,0.7,x,x,700,x,800
Nova Scotia,Health care and social assistance,Men,15 to 24 years,2025,1.5,1.4,x,x,1400,x,1500
Nova Scotia,Health care and social assistance,Men,25 to 54 years,2021,10.4,10.3,x,x,10300,x,10400
Nova Scotia,Health care and social assistance,Men,25 to 54 years,2022,10.8,10.7,x,x,10700,x,10800
Nova Scotia,Health care and social assistance,Men,25 to 54 years,2023,10.9,10.9,x,x,10900,x,10900
Nova Scotia,Health care and social assistance,Men,25 to 54 years,2024,11.8,11.5,x,x,11500,x,11800
Nova Scotia,Health care and social assistance,Men,25 to 54 years,2025,12.8,12.6,x,x,12600,x,12800
Nova Scotia,Health care and social assistance,Men,55 years and over,2021,3.7,3.6,x,x,3600,x,3700
Nova Scotia,Health care and social assistance,Men,55 years and over,2022,3.7,3.4,x,x,3400,x,3700
Nova Scotia,Health care and social assistance,Men,55 years and over,2023,3.3,3.1,x,x,3100,x,3300
Nova Scotia,Health care and social assistance,Men,55 years and over,2024,3.1,3.1,x,x,3100,x,3100
Nova Scotia,Health care and social assistance,Men,55 years and over,2025,3.9,3.9,x,x,3900,x,3900
Nova Scotia,Health care and social assistance,Women,15 to 24 years,2021,6.4,6.2,x,x,6200,x,6400
Nova Scotia,Health care and social assistance,Women,15 to 24 years,2022,5.2,5,x,x,5000,x,5200
Nova Scotia,Health care and social assistance,Women,15 to 24 years,2023,5.8,5.7,x,x,5700,x,5800
Nova Scotia,Health care and social assistance,Women,15 to 24 years,2024,5.7,5.6,x,x,5600,x,5700
Nova Scotia,Health care and social assistance,Women,15 to 24 years,2025,5.8,5.6,x,x,5600,x,5800
Nova Scotia,Health care and social assistance,Women,25 to 54 years,2021,45,44.5,0.5,1.1,44500,500,45000
Nova Scotia,Health care and social assistance,Women,25 to 54 years,2022,47.4,46.6,0.8,1.7,46600,800,47400
Nova Scotia,Health care and social assistance,Women,25 to 54 years,2023,45.1,44.2,1,2.2,44200,1000,45100
Nova Scotia,Health care and social assistance,Women,25 to 54 years,2024,47.5,47.1,x,x,47100,x,47500
Nova Scotia,Health care and social assistance,Women,25 to 54 years,2025,50.5,49.8,0.7,1.4,49800,700,50500
Nova Scotia,Health care and social assistance,Women,55 years and over,2021,14.1,13.8,x,x,13800,x,14100
Nova Scotia,Health care and social assistance,Women,55 years and over,2022,14.2,13.9,x,x,13900,x,14200
Nova Scotia,Health care and social assistance,Women,55 years and over,2023,15,14.6,x,x,14600,x,15000
Nova Scotia,Health care and social assistance,Women,55 years and over,2024,15.5,15.4,x,x,15400,x,15500
Nova Scotia,Health care and social assistance,Women,55 years and over,2025,12.8,12.7,x,x,12700,x,12800
Nova Scotia,"Information, culture and recreation",Men,15 to 24 years,2021,1.1,0.8,x,x,800,x,1100
Nova Scotia,"Information, culture and recreation",Men,15 to 24 years,2022,2.2,1.9,x,x,1900,x,2200
Nova Scotia,"Information, culture and recreation",Men,15 to 24 years,2023,3,2.7,x,x,2700,x,3000
Nova Scotia,"Information, culture and recreation",Men,15 to 24 years,2024,2.3,2.1,x,x,2100,x,2300
Nova Scotia,"Information, culture and recreation",Men,15 to 24 years,2025,2.3,2.1,x,x,2100,x,2300
Nova Scotia,"Information, culture and recreation",Men,25 to 54 years,2021,5.1,4.5,0.6,11.8,4500,600,5100
Nova Scotia,"Information, culture and recreation",Men,25 to 54 years,2022,5.2,4.7,0.5,9.6,4700,500,5200
Nova Scotia,"Information, culture and recreation",Men,25 to 54 years,2023,6.4,6.1,x,x,6100,x,6400
Nova Scotia,"Information, culture and recreation",Men,25 to 54 years,2024,6.4,6.1,x,x,6100,x,6400
Nova Scotia,"Information, culture and recreation",Men,25 to 54 years,2025,6.5,6.1,0.5,7.7,6100,500,6500
Nova Scotia,"Information, culture and recreation",Men,55 years and over,2021,2.8,2.4,x,x,2400,x,2800
Nova Scotia,"Information, culture and recreation",Men,55 years and over,2022,2.5,2.4,x,x,2400,x,2500
Nova Scotia,"Information, culture and recreation",Men,55 years and over,2023,2.4,2.1,x,x,2100,x,2400
Nova Scotia,"Information, culture and recreation",Men,55 years and over,2024,2.3,2.2,x,x,2200,x,2300
Nova Scotia,"Information, culture and recreation",Men,55 years and over,2025,3,3,x,x,3000,x,3000
Nova Scotia,"Information, culture and recreation",Women,15 to 24 years,2021,1.6,1.3,x,x,1300,x,1600
Nova Scotia,"Information, culture and recreation",Women,15 to 24 years,2022,2.1,1.7,x,x,1700,x,2100
Nova Scotia,"Information, culture and recreation",Women,15 to 24 years,2023,2.5,2.3,x,x,2300,x,2500
Nova Scotia,"Information, culture and recreation",Women,15 to 24 years,2024,2.3,2.1,x,x,2100,x,2300
Nova Scotia,"Information, culture and recreation",Women,15 to 24 years,2025,2.6,2.3,x,x,2300,x,2600
Nova Scotia,"Information, culture and recreation",Women,25 to 54 years,2021,4.1,3.7,x,x,3700,x,4100
Nova Scotia,"Information, culture and recreation",Women,25 to 54 years,2022,4.7,4.5,x,x,4500,x,4700
Nova Scotia,"Information, culture and recreation",Women,25 to 54 years,2023,5.2,4.7,0.5,9.6,4700,500,5200
Nova Scotia,"Information, culture and recreation",Women,25 to 54 years,2024,6.6,5.9,0.7,10.6,5900,700,6600
Nova Scotia,"Information, culture and recreation",Women,25 to 54 years,2025,4.9,4.6,x,x,4600,x,4900
Nova Scotia,"Information, culture and recreation",Women,55 years and over,2021,1.1,1,x,x,1000,x,1100
Nova Scotia,"Information, culture and recreation",Women,55 years and over,2022,1.3,1.3,x,x,1300,x,1300
Nova Scotia,"Information, culture and recreation",Women,55 years and over,2023,1.8,1.6,x,x,1600,x,1800
Nova Scotia,"Information, culture and recreation",Women,55 years and over,2024,1.6,1.5,x,x,1500,x,1600
Nova Scotia,"Information, culture and recreation",Women,55 years and over,2025,1.3,1.2,x,x,1200,x,1300
Nova Scotia,Accommodation and food services,Men,15 to 24 years,2021,4.5,3.9,0.6,13.3,3900,600,4500
Nova Scotia,Accommodation and food services,Men,15 to 24 years,2022,4.5,4.1,0.5,11.1,4100,500,4500
Nova Scotia,Accommodation and food services,Men,15 to 24 years,2023,5.5,4.9,0.6,10.9,4900,600,5500
Nova Scotia,Accommodation and food services,Men,15 to 24 years,2024,5.7,5.2,0.5,8.8,5200,500,5700
Nova Scotia,Accommodation and food services,Men,15 to 24 years,2025,4.7,4.2,0.5,10.6,4200,500,4700
Nova Scotia,Accommodation and food services,Men,25 to 54 years,2021,6.1,5.6,0.5,8.2,5600,500,6100
Nova Scotia,Accommodation and food services,Men,25 to 54 years,2022,5.5,5.1,x,x,5100,x,5500
Nova Scotia,Accommodation and food services,Men,25 to 54 years,2023,6,5.7,x,x,5700,x,6000
Nova Scotia,Accommodation and food services,Men,25 to 54 years,2024,7.9,7.4,0.5,6.3,7400,500,7900
Nova Scotia,Accommodation and food services,Men,25 to 54 years,2025,8.2,7.8,x,x,7800,x,8200
Nova Scotia,Accommodation and food services,Men,55 years and over,2021,1.6,1.4,x,x,1400,x,1600
Nova Scotia,Accommodation and food services,Men,55 years and over,2022,1.1,1.1,x,x,1100,x,1100
Nova Scotia,Accommodation and food services,Men,55 years and over,2023,1.5,1.4,x,x,1400,x,1500
Nova Scotia,Accommodation and food services,Men,55 years and over,2024,2.2,2.1,x,x,2100,x,2200
Nova Scotia,Accommodation and food services,Men,55 years and over,2025,1.5,1.5,x,x,1500,x,1500
Nova Scotia,Accommodation and food services,Women,15 to 24 years,2021,6.7,6.2,0.5,7.5,6200,500,6700
Nova Scotia,Accommodation and food services,Women,15 to 24 years,2022,8.2,7.7,0.5,6.1,7700,500,8200
Nova Scotia,Accommodation and food services,Women,15 to 24 years,2023,7.6,6.9,0.7,9.2,6900,700,7600
Nova Scotia,Accommodation and food services,Women,15 to 24 years,2024,8.9,8,0.9,10.1,8000,900,8900
Nova Scotia,Accommodation and food services,Women,15 to 24 years,2025,6.8,6.4,x,x,6400,x,6800
Nova Scotia,Accommodation and food services,Women,25 to 54 years,2021,9.1,8.5,0.6,6.6,8500,600,9100
Nova Scotia,Accommodation and food services,Women,25 to 54 years,2022,8.5,8,0.5,5.9,8000,500,8500
Nova Scotia,Accommodation and food services,Women,25 to 54 years,2023,9,8.5,0.5,5.6,8500,500,9000
Nova Scotia,Accommodation and food services,Women,25 to 54 years,2024,10.2,9.6,0.6,5.9,9600,600,10200
Nova Scotia,Accommodation and food services,Women,25 to 54 years,2025,10.1,9.6,0.5,5,9600,500,10100
Nova Scotia,Accommodation and food services,Women,55 years and over,2021,3,2.6,x,x,2600,x,3000
Nova Scotia,Accommodation and food services,Women,55 years and over,2022,2.4,2.1,x,x,2100,x,2400
Nova Scotia,Accommodation and food services,Women,55 years and over,2023,3,2.8,x,x,2800,x,3000
Nova Scotia,Accommodation and food services,Women,55 years and over,2024,2.7,2.5,x,x,2500,x,2700
Nova Scotia,Accommodation and food services,Women,55 years and over,2025,3.3,3,x,x,3000,x,3300
Nova Scotia,Other services (except public administration),Men,15 to 24 years,2021,0.8,0.7,x,x,700,x,800
Nova Scotia,Other services (except public administration),Men,15 to 24 years,2022,1.4,1.2,x,x,1200,x,1400
Nova Scotia,Other services (except public administration),Men,15 to 24 years,2023,1.6,1.5,x,x,1500,x,1600
Nova Scotia,Other services (except public administration),Men,15 to 24 years,2024,1.5,1.4,x,x,1400,x,1500
Nova Scotia,Other services (except public administration),Men,15 to 24 years,2025,0.6,0.6,x,x,600,x,600
Nova Scotia,Other services (except public administration),Men,25 to 54 years,2021,4.3,4,x,x,4000,x,4300
Nova Scotia,Other services (except public administration),Men,25 to 54 years,2022,4.5,4.4,x,x,4400,x,4500
Nova Scotia,Other services (except public administration),Men,25 to 54 years,2023,4.9,4.7,x,x,4700,x,4900
Nova Scotia,Other services (except public administration),Men,25 to 54 years,2024,7.4,7.3,x,x,7300,x,7400
Nova Scotia,Other services (except public administration),Men,25 to 54 years,2025,5.5,5.3,x,x,5300,x,5500
Nova Scotia,Other services (except public administration),Men,55 years and over,2021,2.5,2.4,x,x,2400,x,2500
Nova Scotia,Other services (except public administration),Men,55 years and over,2022,2.4,2.4,x,x,2400,x,2400
Nova Scotia,Other services (except public administration),Men,55 years and over,2023,3.6,3.6,x,x,3600,x,3600
Nova Scotia,Other services (except public administration),Men,55 years and over,2024,3.2,3,x,x,3000,x,3200
Nova Scotia,Other services (except public administration),Men,55 years and over,2025,3.2,3.2,x,x,3200,x,3200
Nova Scotia,Other services (except public administration),Women,15 to 24 years,2021,0.9,0.9,x,x,900,x,900
Nova Scotia,Other services (except public administration),Women,15 to 24 years,2022,1.4,1.4,x,x,1400,x,1400
Nova Scotia,Other services (except public administration),Women,15 to 24 years,2023,1.6,1.5,x,x,1500,x,1600
Nova Scotia,Other services (except public administration),Women,15 to 24 years,2024,0.8,0.8,x,x,800,x,800
Nova Scotia,Other services (except public administration),Women,15 to 24 years,2025,1.4,1.3,x,x,1300,x,1400
Nova Scotia,Other services (except public administration),Women,25 to 54 years,2021,6.8,6.6,x,x,6600,x,6800
Nova Scotia,Other services (except public administration),Women,25 to 54 years,2022,6.1,6,x,x,6000,x,6100
Nova Scotia,Other services (except public administration),Women,25 to 54 years,2023,7.9,7.4,0.5,6.3,7400,500,7900
Nova Scotia,Other services (except public administration),Women,25 to 54 years,2024,6.8,6.7,x,x,6700,x,6800
Nova Scotia,Other services (except public administration),Women,25 to 54 years,2025,7.2,6.8,x,x,6800,x,7200
Nova Scotia,Other services (except public administration),Women,55 years and over,2021,2.9,2.7,x,x,2700,x,2900
Nova Scotia,Other services (except public administration),Women,55 years and over,2022,2.7,2.5,x,x,2500,x,2700
Nova Scotia,Other services (except public administration),Women,55 years and over,2023,2.4,2.4,x,x,2400,x,2400
Nova Scotia,Other services (except public administration),Women,55 years and over,2024,2.5,2.5,x,x,2500,x,2500
Nova Scotia,Other services (except public administration),Women,55 years and over,2025,3.1,3,x,x,3000,x,3100
Nova Scotia,Public administration,Men,15 to 24 years,2021,1.1,0.9,x,x,900,x,1100
Nova Scotia,Public administration,Men,15 to 24 years,2022,1,0.9,x,x,900,x,1000
Nova Scotia,Public administration,Men,15 to 24 years,2023,1.1,0.9,x,x,900,x,1100
Nova Scotia,Public administration,Men,15 to 24 years,2024,1,0.9,x,x,900,x,1000
Nova Scotia,Public administration,Men,15 to 24 years,2025,0.9,0.8,x,x,800,x,900
Nova Scotia,Public administration,Men,25 to 54 years,2021,11.7,11.3,x,x,11300,x,11700
Nova Scotia,Public administration,Men,25 to 54 years,2022,11.3,11.1,x,x,11100,x,11300
Nova Scotia,Public administration,Men,25 to 54 years,2023,12.3,12.2,x,x,12200,x,12300
Nova Scotia,Public administration,Men,25 to 54 years,2024,14.7,14.6,x,x,14600,x,14700
Nova Scotia,Public administration,Men,25 to 54 years,2025,15,14.7,x,x,14700,x,15000
Nova Scotia,Public administration,Men,55 years and over,2021,4.1,4,x,x,4000,x,4100
Nova Scotia,Public administration,Men,55 years and over,2022,5,4.9,x,x,4900,x,5000
Nova Scotia,Public administration,Men,55 years and over,2023,3.5,3.5,x,x,3500,x,3500
Nova Scotia,Public administration,Men,55 years and over,2024,4.2,4.2,x,x,4200,x,4200
Nova Scotia,Public administration,Men,55 years and over,2025,4.6,4.5,x,x,4500,x,4600
Nova Scotia,Public administration,Women,15 to 24 years,2021,0.9,0.7,x,x,700,x,900
Nova Scotia,Public administration,Women,15 to 24 years,2022,0.9,0.8,x,x,800,x,900
Nova Scotia,Public administration,Women,15 to 24 years,2023,0.6,0.5,x,x,500,x,600
Nova Scotia,Public administration,Women,15 to 24 years,2024,0.8,0.7,x,x,700,x,800
Nova Scotia,Public administration,Women,15 to 24 years,2025,0.6,0.5,x,x,500,x,600
Nova Scotia,Public administration,Women,25 to 54 years,2021,10.9,10.6,x,x,10600,x,10900
Nova Scotia,Public administration,Women,25 to 54 years,2022,10.6,10.5,x,x,10500,x,10600
Nova Scotia,Public administration,Women,25 to 54 years,2023,13.2,13,x,x,13000,x,13200
Nova Scotia,Public administration,Women,25 to 54 years,2024,14.3,14.3,x,x,14300,x,14300
Nova Scotia,Public administration,Women,25 to 54 years,2025,13.5,13.4,x,x,13400,x,13500
Nova Scotia,Public administration,Women,55 years and over,2021,3,2.9,x,x,2900,x,3000
Nova Scotia,Public administration,Women,55 years and over,2022,3.7,3.5,x,x,3500,x,3700
Nova Scotia,Public administration,Women,55 years and over,2023,3.7,3.6,x,x,3600,x,3700
Nova Scotia,Public administration,Women,55 years and over,2024,3.9,3.9,x,x,3900,x,3900
Nova Scotia,Public administration,Women,55 years and over,2025,4.7,4.7,x,x,4700,x,4700
New Brunswick,Agriculture,Men,15 to 24 years,2021,0.5,x,x,x,x,x,500
New Brunswick,Agriculture,Men,15 to 24 years,2022,0.8,0.7,x,x,700,x,800
New Brunswick,Agriculture,Men,15 to 24 years,2023,0.5,x,x,x,x,x,500
New Brunswick,Agriculture,Men,15 to 24 years,2024,0.6,0.6,x,x,600,x,600
New Brunswick,Agriculture,Men,15 to 24 years,2025,0.5,x,x,x,x,x,500
New Brunswick,Agriculture,Men,25 to 54 years,2021,2,1.6,x,x,1600,x,2000
New Brunswick,Agriculture,Men,25 to 54 years,2022,2.6,2.3,x,x,2300,x,2600
New Brunswick,Agriculture,Men,25 to 54 years,2023,1.8,1.7,x,x,1700,x,1800
New Brunswick,Agriculture,Men,25 to 54 years,2024,2.2,2,x,x,2000,x,2200
New Brunswick,Agriculture,Men,25 to 54 years,2025,2.6,2.4,x,x,2400,x,2600
New Brunswick,Agriculture,Men,55 years and over,2021,1.6,1.4,x,x,1400,x,1600
New Brunswick,Agriculture,Men,55 years and over,2022,1.4,1.2,x,x,1200,x,1400
New Brunswick,Agriculture,Men,55 years and over,2023,0.9,0.9,x,x,900,x,900
New Brunswick,Agriculture,Men,55 years and over,2024,1.7,1.7,x,x,1700,x,1700
New Brunswick,Agriculture,Men,55 years and over,2025,1.5,1.4,x,x,1400,x,1500
New Brunswick,Agriculture,Women,15 to 24 years,2021,x,x,x,x,x,x,x
New Brunswick,Agriculture,Women,15 to 24 years,2022,x,x,x,x,x,x,x
New Brunswick,Agriculture,Women,15 to 24 years,2023,x,x,x,x,x,x,x
New Brunswick,Agriculture,Women,15 to 24 years,2024,x,x,x,x,x,x,x
New Brunswick,Agriculture,Women,15 to 24 years,2025,x,x,x,x,x,x,x
New Brunswick,Agriculture,Women,25 to 54 years,2021,1.5,1.2,x,x,1200,x,1500
New Brunswick,Agriculture,Women,25 to 54 years,2022,1.2,1.1,x,x,1100,x,1200
New Brunswick,Agriculture,Women,25 to 54 years,2023,2.1,2,x,x,2000,x,2100
New Brunswick,Agriculture,Women,25 to 54 years,2024,1.4,1.2,x,x,1200,x,1400
New Brunswick,Agriculture,Women,25 to 54 years,2025,1.4,1.1,x,x,1100,x,1400
New Brunswick,Agriculture,Women,55 years and over,2021,0.5,0.5,x,x,500,x,500
New Brunswick,Agriculture,Women,55 years and over,2022,0.8,0.7,x,x,700,x,800
New Brunswick,Agriculture,Women,55 years and over,2023,0.5,0.5,x,x,500,x,500
New Brunswick,Agriculture,Women,55 years and over,2024,0.7,0.6,x,x,600,x,700
New Brunswick,Agriculture,Women,55 years and over,2025,x,x,x,x,x,x,x
New Brunswick,"Forestry, fishing, mining, quarrying, oil and gas",Men,15 to 24 years,2021,0.7,0.6,x,x,600,x,700
New Brunswick,"Forestry, fishing, mining, quarrying, oil and gas",Men,15 to 24 years,2022,1,0.9,x,x,900,x,1000
New Brunswick,"Forestry, fishing, mining, quarrying, oil and gas",Men,15 to 24 years,2023,0.6,x,x,x,x,x,600
New Brunswick,"Forestry, fishing, mining, quarrying, oil and gas",Men,15 to 24 years,2024,0.6,0.5,x,x,500,x,600
New Brunswick,"Forestry, fishing, mining, quarrying, oil and gas",Men,15 to 24 years,2025,1,0.8,x,x,800,x,1000
New Brunswick,"Forestry, fishing, mining, quarrying, oil and gas",Men,25 to 54 years,2021,5.9,4.9,1,16.9,4900,1000,5900
New Brunswick,"Forestry, fishing, mining, quarrying, oil and gas",Men,25 to 54 years,2022,5,4,1,20,4000,1000,5000
New Brunswick,"Forestry, fishing, mining, quarrying, oil and gas",Men,25 to 54 years,2023,4.6,3.9,0.7,15.2,3900,700,4600
New Brunswick,"Forestry, fishing, mining, quarrying, oil and gas",Men,25 to 54 years,2024,5.7,4.6,1,17.5,4600,1000,5700
New Brunswick,"Forestry, fishing, mining, quarrying, oil and gas",Men,25 to 54 years,2025,4.8,3.9,0.9,18.8,3900,900,4800
New Brunswick,"Forestry, fishing, mining, quarrying, oil and gas",Men,55 years and over,2021,3,2.3,0.7,23.3,2300,700,3000
New Brunswick,"Forestry, fishing, mining, quarrying, oil and gas",Men,55 years and over,2022,2.5,2,0.5,20,2000,500,2500
New Brunswick,"Forestry, fishing, mining, quarrying, oil and gas",Men,55 years and over,2023,2.8,2.2,0.6,21.4,2200,600,2800
New Brunswick,"Forestry, fishing, mining, quarrying, oil and gas",Men,55 years and over,2024,2.5,1.8,0.7,28,1800,700,2500
New Brunswick,"Forestry, fishing, mining, quarrying, oil and gas",Men,55 years and over,2025,2.3,1.7,0.6,26.1,1700,600,2300
New Brunswick,"Forestry, fishing, mining, quarrying, oil and gas",Women,15 to 24 years,2021,x,x,x,x,x,x,x
New Brunswick,"Forestry, fishing, mining, quarrying, oil and gas",Women,15 to 24 years,2022,x,x,x,x,x,x,x
New Brunswick,"Forestry, fishing, mining, quarrying, oil and gas",Women,15 to 24 years,2023,x,x,x,x,x,x,x
New Brunswick,"Forestry, fishing, mining, quarrying, oil and gas",Women,15 to 24 years,2024,x,x,x,x,x,x,x
New Brunswick,"Forestry, fishing, mining, quarrying, oil and gas",Women,15 to 24 years,2025,x,x,x,x,x,x,x
New Brunswick,"Forestry, fishing, mining, quarrying, oil and gas",Women,25 to 54 years,2021,1.4,1.3,x,x,1300,x,1400
New Brunswick,"Forestry, fishing, mining, quarrying, oil and gas",Women,25 to 54 years,2022,1.1,0.9,x,x,900,x,1100
New Brunswick,"Forestry, fishing, mining, quarrying, oil and gas",Women,25 to 54 years,2023,0.9,0.8,x,x,800,x,900
New Brunswick,"Forestry, fishing, mining, quarrying, oil and gas",Women,25 to 54 years,2024,0.8,0.6,x,x,600,x,800
New Brunswick,"Forestry, fishing, mining, quarrying, oil and gas",Women,25 to 54 years,2025,1.2,1.1,x,x,1100,x,1200
New Brunswick,"Forestry, fishing, mining, quarrying, oil and gas",Women,55 years and over,2021,0.5,x,x,x,x,x,500
New Brunswick,"Forestry, fishing, mining, quarrying, oil and gas",Women,55 years and over,2022,x,x,x,x,x,x,x
New Brunswick,"Forestry, fishing, mining, quarrying, oil and gas",Women,55 years and over,2023,0.5,x,x,x,x,x,500
New Brunswick,"Forestry, fishing, mining, quarrying, oil and gas",Women,55 years and over,2024,x,x,x,x,x,x,x
New Brunswick,"Forestry, fishing, mining, quarrying, oil and gas",Women,55 years and over,2025,x,x,x,x,x,x,x
New Brunswick,Utilities,Men,15 to 24 years,2021,x,x,x,x,x,x,x
New Brunswick,Utilities,Men,15 to 24 years,2022,x,x,x,x,x,x,x
New Brunswick,Utilities,Men,15 to 24 years,2023,x,x,x,x,x,x,x
New Brunswick,Utilities,Men,15 to 24 years,2024,x,x,x,x,x,x,x
New Brunswick,Utilities,Men,15 to 24 years,2025,x,x,x,x,x,x,x
New Brunswick,Utilities,Men,25 to 54 years,2021,2.4,2.4,x,x,2400,x,2400
New Brunswick,Utilities,Men,25 to 54 years,2022,2.3,2.3,x,x,2300,x,2300
New Brunswick,Utilities,Men,25 to 54 years,2023,2.5,2.4,x,x,2400,x,2500
New Brunswick,Utilities,Men,25 to 54 years,2024,3.4,3.3,x,x,3300,x,3400
New Brunswick,Utilities,Men,25 to 54 years,2025,2.9,2.8,x,x,2800,x,2900
New Brunswick,Utilities,Men,55 years and over,2021,0.6,0.6,x,x,600,x,600
New Brunswick,Utilities,Men,55 years and over,2022,1,1,x,x,1000,x,1000
New Brunswick,Utilities,Men,55 years and over,2023,1.1,1,x,x,1000,x,1100
New Brunswick,Utilities,Men,55 years and over,2024,0.7,0.7,x,x,700,x,700
New Brunswick,Utilities,Men,55 years and over,2025,0.6,0.6,x,x,600,x,600
New Brunswick,Utilities,Women,15 to 24 years,2021,x,x,x,x,x,x,x
New Brunswick,Utilities,Women,15 to 24 years,2022,x,x,x,x,x,x,x
New Brunswick,Utilities,Women,15 to 24 years,2023,x,x,x,x,x,x,x
New Brunswick,Utilities,Women,15 to 24 years,2024,x,x,x,x,x,x,x
New Brunswick,Utilities,Women,15 to 24 years,2025,x,x,x,x,x,x,x
New Brunswick,Utilities,Women,25 to 54 years,2021,0.5,0.5,x,x,500,x,500
New Brunswick,Utilities,Women,25 to 54 years,2022,0.6,0.6,x,x,600,x,600
New Brunswick,Utilities,Women,25 to 54 years,2023,0.7,0.7,x,x,700,x,700
New Brunswick,Utilities,Women,25 to 54 years,2024,0.7,0.7,x,x,700,x,700
New Brunswick,Utilities,Women,25 to 54 years,2025,0.9,0.9,x,x,900,x,900
New Brunswick,Utilities,Women,55 years and over,2021,x,x,x,x,x,x,x
New Brunswick,Utilities,Women,55 years and over,2022,x,x,x,x,x,x,x
New Brunswick,Utilities,Women,55 years and over,2023,x,x,x,x,x,x,x
New Brunswick,Utilities,Women,55 years and over,2024,x,x,x,x,x,x,x
New Brunswick,Utilities,Women,55 years and over,2025,x,x,x,x,x,x,x
New Brunswick,Construction,Men,15 to 24 years,2021,2.6,2.2,x,x,2200,x,2600
New Brunswick,Construction,Men,15 to 24 years,2022,3.4,2.8,0.7,20.6,2800,700,3400
New Brunswick,Construction,Men,15 to 24 years,2023,4.2,3.7,x,x,3700,x,4200
New Brunswick,Construction,Men,15 to 24 years,2024,5.2,4.7,0.5,9.6,4700,500,5200
New Brunswick,Construction,Men,15 to 24 years,2025,4.9,4.3,0.6,12.2,4300,600,4900
New Brunswick,Construction,Men,25 to 54 years,2021,14.6,12.7,1.9,13,12700,1900,14600
New Brunswick,Construction,Men,25 to 54 years,2022,16.3,14.9,1.4,8.6,14900,1400,16300
New Brunswick,Construction,Men,25 to 54 years,2023,18.9,17,1.9,10.1,17000,1900,18900
New Brunswick,Construction,Men,25 to 54 years,2024,19.3,17.7,1.7,8.8,17700,1700,19300
New Brunswick,Construction,Men,25 to 54 years,2025,18.1,16.7,1.4,7.7,16700,1400,18100
New Brunswick,Construction,Men,55 years and over,2021,7.6,6.3,1.2,15.8,6300,1200,7600
New Brunswick,Construction,Men,55 years and over,2022,9.5,8.3,1.2,12.6,8300,1200,9500
New Brunswick,Construction,Men,55 years and over,2023,8,6.7,1.3,16.3,6700,1300,8000
New Brunswick,Construction,Men,55 years and over,2024,9,7.8,1.2,13.3,7800,1200,9000
New Brunswick,Construction,Men,55 years and over,2025,9,8,1.1,12.2,8000,1100,9000
New Brunswick,Construction,Women,15 to 24 years,2021,x,x,x,x,x,x,x
New Brunswick,Construction,Women,15 to 24 years,2022,x,x,x,x,x,x,x
New Brunswick,Construction,Women,15 to 24 years,2023,0.5,0.5,x,x,500,x,500
New Brunswick,Construction,Women,15 to 24 years,2024,x,x,x,x,x,x,x
New Brunswick,Construction,Women,15 to 24 years,2025,x,x,x,x,x,x,x
New Brunswick,Construction,Women,25 to 54 years,2021,1.4,1.3,x,x,1300,x,1400
New Brunswick,Construction,Women,25 to 54 years,2022,2,1.9,x,x,1900,x,2000
New Brunswick,Construction,Women,25 to 54 years,2023,2.1,2.1,x,x,2100,x,2100
New Brunswick,Construction,Women,25 to 54 years,2024,2.2,2.1,x,x,2100,x,2200
New Brunswick,Construction,Women,25 to 54 years,2025,2.3,2.1,x,x,2100,x,2300
New Brunswick,Construction,Women,55 years and over,2021,0.9,0.8,x,x,800,x,900
New Brunswick,Construction,Women,55 years and over,2022,1.2,1.1,x,x,1100,x,1200
New Brunswick,Construction,Women,55 years and over,2023,0.7,0.7,x,x,700,x,700
New Brunswick,Construction,Women,55 years and over,2024,1.4,1.4,x,x,1400,x,1400
New Brunswick,Construction,Women,55 years and over,2025,0.8,0.8,x,x,800,x,800
New Brunswick,Manufacturing,Men,15 to 24 years,2021,3.1,2.6,x,x,2600,x,3100
New Brunswick,Manufacturing,Men,15 to 24 years,2022,1.8,1.6,x,x,1600,x,1800
New Brunswick,Manufacturing,Men,15 to 24 years,2023,1.7,1.6,x,x,1600,x,1700
New Brunswick,Manufacturing,Men,15 to 24 years,2024,1.9,1.6,x,x,1600,x,1900
New Brunswick,Manufacturing,Men,15 to 24 years,2025,3.2,2.9,x,x,2900,x,3200
New Brunswick,Manufacturing,Men,25 to 54 years,2021,14.5,13.7,0.8,5.5,13700,800,14500
New Brunswick,Manufacturing,Men,25 to 54 years,2022,13.8,13.3,0.6,4.3,13300,600,13800
New Brunswick,Manufacturing,Men,25 to 54 years,2023,14.2,13.5,0.6,4.2,13500,600,14200
New Brunswick,Manufacturing,Men,25 to 54 years,2024,14.3,13.5,0.8,5.6,13500,800,14300
New Brunswick,Manufacturing,Men,25 to 54 years,2025,17.3,16.9,0.5,2.9,16900,500,17300
New Brunswick,Manufacturing,Men,55 years and over,2021,7.3,6.6,0.6,8.2,6600,600,7300
New Brunswick,Manufacturing,Men,55 years and over,2022,6.4,5.8,0.6,9.4,5800,600,6400
New Brunswick,Manufacturing,Men,55 years and over,2023,6.3,5.8,0.5,7.9,5800,500,6300
New Brunswick,Manufacturing,Men,55 years and over,2024,5.6,5.3,x,x,5300,x,5600
New Brunswick,Manufacturing,Men,55 years and over,2025,6.1,5.4,0.7,11.5,5400,700,6100
New Brunswick,Manufacturing,Women,15 to 24 years,2021,x,x,x,x,x,x,x
New Brunswick,Manufacturing,Women,15 to 24 years,2022,0.8,0.7,x,x,700,x,800
New Brunswick,Manufacturing,Women,15 to 24 years,2023,0.5,x,x,x,x,x,500
New Brunswick,Manufacturing,Women,15 to 24 years,2024,0.9,0.8,x,x,800,x,900
New Brunswick,Manufacturing,Women,15 to 24 years,2025,0.6,0.5,x,x,500,x,600
New Brunswick,Manufacturing,Women,25 to 54 years,2021,5,4.5,0.5,10,4500,500,5000
New Brunswick,Manufacturing,Women,25 to 54 years,2022,5.3,4.8,0.5,9.4,4800,500,5300
New Brunswick,Manufacturing,Women,25 to 54 years,2023,5.4,5,x,x,5000,x,5400
New Brunswick,Manufacturing,Women,25 to 54 years,2024,5.1,4.8,x,x,4800,x,5100
New Brunswick,Manufacturing,Women,25 to 54 years,2025,6.2,5.7,x,x,5700,x,6200
New Brunswick,Manufacturing,Women,55 years and over,2021,2.6,2.2,x,x,2200,x,2600
New Brunswick,Manufacturing,Women,55 years and over,2022,2.2,2,x,x,2000,x,2200
New Brunswick,Manufacturing,Women,55 years and over,2023,2.4,2.1,x,x,2100,x,2400
New Brunswick,Manufacturing,Women,55 years and over,2024,2.1,1.8,x,x,1800,x,2100
New Brunswick,Manufacturing,Women,55 years and over,2025,2.3,2,x,x,2000,x,2300
New Brunswick,Wholesale and retail trade,Men,15 to 24 years,2021,8.5,7.7,0.7,8.2,7700,700,8500
New Brunswick,Wholesale and retail trade,Men,15 to 24 years,2022,8.4,8,x,x,8000,x,8400
New Brunswick,Wholesale and retail trade,Men,15 to 24 years,2023,7.2,6.5,0.7,9.7,6500,700,7200
New Brunswick,Wholesale and retail trade,Men,15 to 24 years,2024,6.8,6.2,0.6,8.8,6200,600,6800
New Brunswick,Wholesale and retail trade,Men,15 to 24 years,2025,5.6,5.2,x,x,5200,x,5600
New Brunswick,Wholesale and retail trade,Men,25 to 54 years,2021,17.4,16.8,0.6,3.4,16800,600,17400
New Brunswick,Wholesale and retail trade,Men,25 to 54 years,2022,18.6,17.8,0.7,3.8,17800,700,18600
New Brunswick,Wholesale and retail trade,Men,25 to 54 years,2023,18.5,18.1,x,x,18100,x,18500
New Brunswick,Wholesale and retail trade,Men,25 to 54 years,2024,19.2,18.2,1,5.2,18200,1000,19200
New Brunswick,Wholesale and retail trade,Men,25 to 54 years,2025,19.2,18.4,0.8,4.2,18400,800,19200
New Brunswick,Wholesale and retail trade,Men,55 years and over,2021,8.1,7.5,0.5,6.2,7500,500,8100
New Brunswick,Wholesale and retail trade,Men,55 years and over,2022,7.6,7.4,x,x,7400,x,7600
New Brunswick,Wholesale and retail trade,Men,55 years and over,2023,7.9,7.6,x,x,7600,x,7900
New Brunswick,Wholesale and retail trade,Men,55 years and over,2024,7.1,7,x,x,7000,x,7100
New Brunswick,Wholesale and retail trade,Men,55 years and over,2025,7,6.8,x,x,6800,x,7000
New Brunswick,Wholesale and retail trade,Women,15 to 24 years,2021,6.7,6.4,x,x,6400,x,6700
New Brunswick,Wholesale and retail trade,Women,15 to 24 years,2022,7.9,7.4,0.5,6.3,7400,500,7900
New Brunswick,Wholesale and retail trade,Women,15 to 24 years,2023,6.8,6.4,x,x,6400,x,6800
New Brunswick,Wholesale and retail trade,Women,15 to 24 years,2024,7,6.7,x,x,6700,x,7000
New Brunswick,Wholesale and retail trade,Women,15 to 24 years,2025,7.2,6.7,0.5,6.9,6700,500,7200
New Brunswick,Wholesale and retail trade,Women,25 to 54 years,2021,12.7,12,0.7,5.5,12000,700,12700
New Brunswick,Wholesale and retail trade,Women,25 to 54 years,2022,12.5,12.2,x,x,12200,x,12500
New Brunswick,Wholesale and retail trade,Women,25 to 54 years,2023,12.4,12.1,x,x,12100,x,12400
New Brunswick,Wholesale and retail trade,Women,25 to 54 years,2024,13.1,12.9,x,x,12900,x,13100
New Brunswick,Wholesale and retail trade,Women,25 to 54 years,2025,14.6,13.9,0.7,4.8,13900,700,14600
New Brunswick,Wholesale and retail trade,Women,55 years and over,2021,7.7,7.2,0.5,6.5,7200,500,7700
New Brunswick,Wholesale and retail trade,Women,55 years and over,2022,7.4,7.1,x,x,7100,x,7400
New Brunswick,Wholesale and retail trade,Women,55 years and over,2023,8,7.7,x,x,7700,x,8000
New Brunswick,Wholesale and retail trade,Women,55 years and over,2024,6.8,6.4,x,x,6400,x,6800
New Brunswick,Wholesale and retail trade,Women,55 years and over,2025,7.5,7.3,x,x,7300,x,7500
New Brunswick,Transportation and warehousing,Men,15 to 24 years,2021,0.9,0.8,x,x,800,x,900
New Brunswick,Transportation and warehousing,Men,15 to 24 years,2022,0.8,0.6,x,x,600,x,800
New Brunswick,Transportation and warehousing,Men,15 to 24 years,2023,0.8,0.7,x,x,700,x,800
New Brunswick,Transportation and warehousing,Men,15 to 24 years,2024,1.6,1.6,x,x,1600,x,1600
New Brunswick,Transportation and warehousing,Men,15 to 24 years,2025,0.7,0.7,x,x,700,x,700
New Brunswick,Transportation and warehousing,Men,25 to 54 years,2021,9.5,9,0.5,5.3,9000,500,9500
New Brunswick,Transportation and warehousing,Men,25 to 54 years,2022,8.2,8,x,x,8000,x,8200
New Brunswick,Transportation and warehousing,Men,25 to 54 years,2023,8.7,8.5,x,x,8500,x,8700
New Brunswick,Transportation and warehousing,Men,25 to 54 years,2024,9.4,9.2,x,x,9200,x,9400
New Brunswick,Transportation and warehousing,Men,25 to 54 years,2025,9.8,9.5,x,x,9500,x,9800
New Brunswick,Transportation and warehousing,Men,55 years and over,2021,4.9,4.5,x,x,4500,x,4900
New Brunswick,Transportation and warehousing,Men,55 years and over,2022,5.4,5.2,x,x,5200,x,5400
New Brunswick,Transportation and warehousing,Men,55 years and over,2023,4.9,4.7,x,x,4700,x,4900
New Brunswick,Transportation and warehousing,Men,55 years and over,2024,5.4,5.3,x,x,5300,x,5400
New Brunswick,Transportation and warehousing,Men,55 years and over,2025,5.3,5,x,x,5000,x,5300
New Brunswick,Transportation and warehousing,Women,15 to 24 years,2021,x,x,x,x,x,x,x
New Brunswick,Transportation and warehousing,Women,15 to 24 years,2022,x,x,x,x,x,x,x
New Brunswick,Transportation and warehousing,Women,15 to 24 years,2023,x,x,x,x,x,x,x
New Brunswick,Transportation and warehousing,Women,15 to 24 years,2024,x,x,x,x,x,x,x
New Brunswick,Transportation and warehousing,Women,15 to 24 years,2025,x,x,x,x,x,x,x
New Brunswick,Transportation and warehousing,Women,25 to 54 years,2021,4,3.6,x,x,3600,x,4000
New Brunswick,Transportation and warehousing,Women,25 to 54 years,2022,3.2,3,x,x,3000,x,3200
New Brunswick,Transportation and warehousing,Women,25 to 54 years,2023,3.3,3.2,x,x,3200,x,3300
New Brunswick,Transportation and warehousing,Women,25 to 54 years,2024,3.6,3.6,x,x,3600,x,3600
New Brunswick,Transportation and warehousing,Women,25 to 54 years,2025,2.6,2.6,x,x,2600,x,2600
New Brunswick,Transportation and warehousing,Women,55 years and over,2021,1.6,1.5,x,x,1500,x,1600
New Brunswick,Transportation and warehousing,Women,55 years and over,2022,1.5,1.5,x,x,1500,x,1500
New Brunswick,Transportation and warehousing,Women,55 years and over,2023,1.6,1.6,x,x,1600,x,1600
New Brunswick,Transportation and warehousing,Women,55 years and over,2024,1.9,1.9,x,x,1900,x,1900
New Brunswick,Transportation and warehousing,Women,55 years and over,2025,1.3,1.3,x,x,1300,x,1300
New Brunswick,"Finance, insurance, real estate, rental and leasing",Men,15 to 24 years,2021,0.5,0.5,x,x,500,x,500
New Brunswick,"Finance, insurance, real estate, rental and leasing",Men,15 to 24 years,2022,0.5,0.5,x,x,500,x,500
New Brunswick,"Finance, insurance, real estate, rental and leasing",Men,15 to 24 years,2023,x,x,x,x,x,x,x
New Brunswick,"Finance, insurance, real estate, rental and leasing",Men,15 to 24 years,2024,x,x,x,x,x,x,x
New Brunswick,"Finance, insurance, real estate, rental and leasing",Men,15 to 24 years,2025,0.8,0.8,x,x,800,x,800
New Brunswick,"Finance, insurance, real estate, rental and leasing",Men,25 to 54 years,2021,6,6,x,x,6000,x,6000
New Brunswick,"Finance, insurance, real estate, rental and leasing",Men,25 to 54 years,2022,5.4,5.3,x,x,5300,x,5400
New Brunswick,"Finance, insurance, real estate, rental and leasing",Men,25 to 54 years,2023,6,5.8,x,x,5800,x,6000
New Brunswick,"Finance, insurance, real estate, rental and leasing",Men,25 to 54 years,2024,6.3,6.1,x,x,6100,x,6300
New Brunswick,"Finance, insurance, real estate, rental and leasing",Men,25 to 54 years,2025,5.3,5.2,x,x,5200,x,5300
New Brunswick,"Finance, insurance, real estate, rental and leasing",Men,55 years and over,2021,1.7,1.7,x,x,1700,x,1700
New Brunswick,"Finance, insurance, real estate, rental and leasing",Men,55 years and over,2022,1.6,1.6,x,x,1600,x,1600
New Brunswick,"Finance, insurance, real estate, rental and leasing",Men,55 years and over,2023,1.7,1.7,x,x,1700,x,1700
New Brunswick,"Finance, insurance, real estate, rental and leasing",Men,55 years and over,2024,1.8,1.7,x,x,1700,x,1800
New Brunswick,"Finance, insurance, real estate, rental and leasing",Men,55 years and over,2025,2.7,2.7,x,x,2700,x,2700
New Brunswick,"Finance, insurance, real estate, rental and leasing",Women,15 to 24 years,2021,x,x,x,x,x,x,x
New Brunswick,"Finance, insurance, real estate, rental and leasing",Women,15 to 24 years,2022,x,x,x,x,x,x,x
New Brunswick,"Finance, insurance, real estate, rental and leasing",Women,15 to 24 years,2023,x,x,x,x,x,x,x
New Brunswick,"Finance, insurance, real estate, rental and leasing",Women,15 to 24 years,2024,x,x,x,x,x,x,x
New Brunswick,"Finance, insurance, real estate, rental and leasing",Women,15 to 24 years,2025,0.5,0.5,x,x,500,x,500
New Brunswick,"Finance, insurance, real estate, rental and leasing",Women,25 to 54 years,2021,8.3,8.2,x,x,8200,x,8300
New Brunswick,"Finance, insurance, real estate, rental and leasing",Women,25 to 54 years,2022,8.8,8.5,x,x,8500,x,8800
New Brunswick,"Finance, insurance, real estate, rental and leasing",Women,25 to 54 years,2023,9.4,9.4,x,x,9400,x,9400
New Brunswick,"Finance, insurance, real estate, rental and leasing",Women,25 to 54 years,2024,9.5,9.3,x,x,9300,x,9500
New Brunswick,"Finance, insurance, real estate, rental and leasing",Women,25 to 54 years,2025,8.9,8.7,x,x,8700,x,8900
New Brunswick,"Finance, insurance, real estate, rental and leasing",Women,55 years and over,2021,2.7,2.7,x,x,2700,x,2700
New Brunswick,"Finance, insurance, real estate, rental and leasing",Women,55 years and over,2022,2.5,2.4,x,x,2400,x,2500
New Brunswick,"Finance, insurance, real estate, rental and leasing",Women,55 years and over,2023,2.5,2.5,x,x,2500,x,2500
New Brunswick,"Finance, insurance, real estate, rental and leasing",Women,55 years and over,2024,2.5,2.4,x,x,2400,x,2500
New Brunswick,"Finance, insurance, real estate, rental and leasing",Women,55 years and over,2025,2.4,2.4,x,x,2400,x,2400
New Brunswick,"Professional, scientific and technical services",Men,15 to 24 years,2021,0.7,0.7,x,x,700,x,700
New Brunswick,"Professional, scientific and technical services",Men,15 to 24 years,2022,0.7,0.7,x,x,700,x,700
New Brunswick,"Professional, scientific and technical services",Men,15 to 24 years,2023,0.6,0.6,x,x,600,x,600
New Brunswick,"Professional, scientific and technical services",Men,15 to 24 years,2024,0.5,0.5,x,x,500,x,500
New Brunswick,"Professional, scientific and technical services",Men,15 to 24 years,2025,1,0.9,x,x,900,x,1000
New Brunswick,"Professional, scientific and technical services",Men,25 to 54 years,2021,6.6,6.3,x,x,6300,x,6600
New Brunswick,"Professional, scientific and technical services",Men,25 to 54 years,2022,9.1,8.9,x,x,8900,x,9100
New Brunswick,"Professional, scientific and technical services",Men,25 to 54 years,2023,9.9,9.3,0.6,6.1,9300,600,9900
New Brunswick,"Professional, scientific and technical services",Men,25 to 54 years,2024,10.1,9.6,0.5,5,9600,500,10100
New Brunswick,"Professional, scientific and technical services",Men,25 to 54 years,2025,9.6,9.1,x,x,9100,x,9600
New Brunswick,"Professional, scientific and technical services",Men,55 years and over,2021,2.4,2.3,x,x,2300,x,2400
New Brunswick,"Professional, scientific and technical services",Men,55 years and over,2022,2.8,2.7,x,x,2700,x,2800
New Brunswick,"Professional, scientific and technical services",Men,55 years and over,2023,2.8,2.8,x,x,2800,x,2800
New Brunswick,"Professional, scientific and technical services",Men,55 years and over,2024,3.4,3.2,x,x,3200,x,3400
New Brunswick,"Professional, scientific and technical services",Men,55 years and over,2025,3.3,3.2,x,x,3200,x,3300
New Brunswick,"Professional, scientific and technical services",Women,15 to 24 years,2021,1,1,x,x,1000,x,1000
New Brunswick,"Professional, scientific and technical services",Women,15 to 24 years,2022,1.2,1.1,x,x,1100,x,1200
New Brunswick,"Professional, scientific and technical services",Women,15 to 24 years,2023,1.2,1.2,x,x,1200,x,1200
New Brunswick,"Professional, scientific and technical services",Women,15 to 24 years,2024,1.3,1.3,x,x,1300,x,1300
New Brunswick,"Professional, scientific and technical services",Women,15 to 24 years,2025,0.8,0.8,x,x,800,x,800
New Brunswick,"Professional, scientific and technical services",Women,25 to 54 years,2021,6,5.9,x,x,5900,x,6000
New Brunswick,"Professional, scientific and technical services",Women,25 to 54 years,2022,6.5,6.3,x,x,6300,x,6500
New Brunswick,"Professional, scientific and technical services",Women,25 to 54 years,2023,7.4,7.1,x,x,7100,x,7400
New Brunswick,"Professional, scientific and technical services",Women,25 to 54 years,2024,8.7,8.4,x,x,8400,x,8700
New Brunswick,"Professional, scientific and technical services",Women,25 to 54 years,2025,7.5,7.3,x,x,7300,x,7500
New Brunswick,"Professional, scientific and technical services",Women,55 years and over,2021,2.2,2.1,x,x,2100,x,2200
New Brunswick,"Professional, scientific and technical services",Women,55 years and over,2022,2.1,2,x,x,2000,x,2100
New Brunswick,"Professional, scientific and technical services",Women,55 years and over,2023,2.2,2.2,x,x,2200,x,2200
New Brunswick,"Professional, scientific and technical services",Women,55 years and over,2024,1.7,1.7,x,x,1700,x,1700
New Brunswick,"Professional, scientific and technical services",Women,55 years and over,2025,1.7,1.6,x,x,1600,x,1700
New Brunswick,"Business, building and other support services",Men,15 to 24 years,2021,1.2,0.9,x,x,900,x,1200
New Brunswick,"Business, building and other support services",Men,15 to 24 years,2022,1.5,1.4,x,x,1400,x,1500
New Brunswick,"Business, building and other support services",Men,15 to 24 years,2023,1.1,1,x,x,1000,x,1100
New Brunswick,"Business, building and other support services",Men,15 to 24 years,2024,1.6,1.4,x,x,1400,x,1600
New Brunswick,"Business, building and other support services",Men,15 to 24 years,2025,1,0.9,x,x,900,x,1000
New Brunswick,"Business, building and other support services",Men,25 to 54 years,2021,5.2,4.7,x,x,4700,x,5200
New Brunswick,"Business, building and other support services",Men,25 to 54 years,2022,4.6,4.1,0.5,10.9,4100,500,4600
New Brunswick,"Business, building and other support services",Men,25 to 54 years,2023,4.5,4.1,x,x,4100,x,4500
New Brunswick,"Business, building and other support services",Men,25 to 54 years,2024,3.9,3.4,0.5,12.8,3400,500,3900
New Brunswick,"Business, building and other support services",Men,25 to 54 years,2025,5.4,5,0.5,9.3,5000,500,5400
New Brunswick,"Business, building and other support services",Men,55 years and over,2021,2.3,2.2,x,x,2200,x,2300
New Brunswick,"Business, building and other support services",Men,55 years and over,2022,2.1,1.9,x,x,1900,x,2100
New Brunswick,"Business, building and other support services",Men,55 years and over,2023,1.9,1.8,x,x,1800,x,1900
New Brunswick,"Business, building and other support services",Men,55 years and over,2024,2.3,2,x,x,2000,x,2300
New Brunswick,"Business, building and other support services",Men,55 years and over,2025,2,1.7,x,x,1700,x,2000
New Brunswick,"Business, building and other support services",Women,15 to 24 years,2021,1,0.9,x,x,900,x,1000
New Brunswick,"Business, building and other support services",Women,15 to 24 years,2022,0.5,0.5,x,x,500,x,500
New Brunswick,"Business, building and other support services",Women,15 to 24 years,2023,0.5,0.5,x,x,500,x,500
New Brunswick,"Business, building and other support services",Women,15 to 24 years,2024,0.6,0.5,x,x,500,x,600
New Brunswick,"Business, building and other support services",Women,15 to 24 years,2025,x,x,x,x,x,x,x
New Brunswick,"Business, building and other support services",Women,25 to 54 years,2021,5.1,4.8,x,x,4800,x,5100
New Brunswick,"Business, building and other support services",Women,25 to 54 years,2022,4.2,3.9,x,x,3900,x,4200
New Brunswick,"Business, building and other support services",Women,25 to 54 years,2023,3.5,3.2,x,x,3200,x,3500
New Brunswick,"Business, building and other support services",Women,25 to 54 years,2024,4.4,4,x,x,4000,x,4400
New Brunswick,"Business, building and other support services",Women,25 to 54 years,2025,4,3.7,x,x,3700,x,4000
New Brunswick,"Business, building and other support services",Women,55 years and over,2021,1.5,1.4,x,x,1400,x,1500
New Brunswick,"Business, building and other support services",Women,55 years and over,2022,1.8,1.5,x,x,1500,x,1800
New Brunswick,"Business, building and other support services",Women,55 years and over,2023,1.4,1.3,x,x,1300,x,1400
New Brunswick,"Business, building and other support services",Women,55 years and over,2024,1.2,1.1,x,x,1100,x,1200
New Brunswick,"Business, building and other support services",Women,55 years and over,2025,1.5,1.4,x,x,1400,x,1500
New Brunswick,Educational services,Men,15 to 24 years,2021,x,x,x,x,x,x,x
New Brunswick,Educational services,Men,15 to 24 years,2022,x,x,x,x,x,x,x
New Brunswick,Educational services,Men,15 to 24 years,2023,0.8,0.8,x,x,800,x,800
New Brunswick,Educational services,Men,15 to 24 years,2024,x,x,x,x,x,x,x
New Brunswick,Educational services,Men,15 to 24 years,2025,0.8,0.8,x,x,800,x,800
New Brunswick,Educational services,Men,25 to 54 years,2021,6.3,6.2,x,x,6200,x,6300
New Brunswick,Educational services,Men,25 to 54 years,2022,7.6,7.4,x,x,7400,x,7600
New Brunswick,Educational services,Men,25 to 54 years,2023,7.3,7,x,x,7000,x,7300
New Brunswick,Educational services,Men,25 to 54 years,2024,5.4,5.2,x,x,5200,x,5400
New Brunswick,Educational services,Men,25 to 54 years,2025,6.2,6,x,x,6000,x,6200
New Brunswick,Educational services,Men,55 years and over,2021,2,1.9,x,x,1900,x,2000
New Brunswick,Educational services,Men,55 years and over,2022,2.6,2.4,x,x,2400,x,2600
New Brunswick,Educational services,Men,55 years and over,2023,2.1,2,x,x,2000,x,2100
New Brunswick,Educational services,Men,55 years and over,2024,3.2,3,x,x,3000,x,3200
New Brunswick,Educational services,Men,55 years and over,2025,2.3,2.3,x,x,2300,x,2300
New Brunswick,Educational services,Women,15 to 24 years,2021,1.1,1,x,x,1000,x,1100
New Brunswick,Educational services,Women,15 to 24 years,2022,1,0.9,x,x,900,x,1000
New Brunswick,Educational services,Women,15 to 24 years,2023,2.1,2,x,x,2000,x,2100
New Brunswick,Educational services,Women,15 to 24 years,2024,1.9,1.8,x,x,1800,x,1900
New Brunswick,Educational services,Women,15 to 24 years,2025,1.7,1.6,x,x,1600,x,1700
New Brunswick,Educational services,Women,25 to 54 years,2021,16.1,15.3,0.8,5,15300,800,16100
New Brunswick,Educational services,Women,25 to 54 years,2022,16.5,15.9,0.7,4.2,15900,700,16500
New Brunswick,Educational services,Women,25 to 54 years,2023,15.5,14.7,0.7,4.5,14700,700,15500
New Brunswick,Educational services,Women,25 to 54 years,2024,16.3,15.7,0.5,3.1,15700,500,16300
New Brunswick,Educational services,Women,25 to 54 years,2025,17.7,16.9,0.7,4,16900,700,17700
New Brunswick,Educational services,Women,55 years and over,2021,4.1,3.9,x,x,3900,x,4100
New Brunswick,Educational services,Women,55 years and over,2022,4.9,4.5,x,x,4500,x,4900
New Brunswick,Educational services,Women,55 years and over,2023,4.5,4.3,x,x,4300,x,4500
New Brunswick,Educational services,Women,55 years and over,2024,5.1,4.8,x,x,4800,x,5100
New Brunswick,Educational services,Women,55 years and over,2025,5,4.7,x,x,4700,x,5000
New Brunswick,Health care and social assistance,Men,15 to 24 years,2021,1,0.9,x,x,900,x,1000
New Brunswick,Health care and social assistance,Men,15 to 24 years,2022,1.2,1,x,x,1000,x,1200
New Brunswick,Health care and social assistance,Men,15 to 24 years,2023,2,1.9,x,x,1900,x,2000
New Brunswick,Health care and social assistance,Men,15 to 24 years,2024,1.6,1.5,x,x,1500,x,1600
New Brunswick,Health care and social assistance,Men,15 to 24 years,2025,1.4,1.4,x,x,1400,x,1400
New Brunswick,Health care and social assistance,Men,25 to 54 years,2021,6.4,6.2,x,x,6200,x,6400
New Brunswick,Health care and social assistance,Men,25 to 54 years,2022,6.8,6.7,x,x,6700,x,6800
New Brunswick,Health care and social assistance,Men,25 to 54 years,2023,7.5,7.3,x,x,7300,x,7500
New Brunswick,Health care and social assistance,Men,25 to 54 years,2024,8.1,7.8,x,x,7800,x,8100
New Brunswick,Health care and social assistance,Men,25 to 54 years,2025,9.5,9.3,x,x,9300,x,9500
New Brunswick,Health care and social assistance,Men,55 years and over,2021,2.7,2.7,x,x,2700,x,2700
New Brunswick,Health care and social assistance,Men,55 years and over,2022,2.1,2.1,x,x,2100,x,2100
New Brunswick,Health care and social assistance,Men,55 years and over,2023,2.5,2.5,x,x,2500,x,2500
New Brunswick,Health care and social assistance,Men,55 years and over,2024,2.6,2.6,x,x,2600,x,2600
New Brunswick,Health care and social assistance,Men,55 years and over,2025,3.3,3.2,x,x,3200,x,3300
New Brunswick,Health care and social assistance,Women,15 to 24 years,2021,4.4,4.2,x,x,4200,x,4400
New Brunswick,Health care and social assistance,Women,15 to 24 years,2022,5.4,5.1,x,x,5100,x,5400
New Brunswick,Health care and social assistance,Women,15 to 24 years,2023,5.9,5.8,x,x,5800,x,5900
New Brunswick,Health care and social assistance,Women,15 to 24 years,2024,5.6,5.3,x,x,5300,x,5600
New Brunswick,Health care and social assistance,Women,15 to 24 years,2025,5.4,5.2,x,x,5200,x,5400
New Brunswick,Health care and social assistance,Women,25 to 54 years,2021,33.1,32.5,0.6,1.8,32500,600,33100
New Brunswick,Health care and social assistance,Women,25 to 54 years,2022,34,33.6,x,x,33600,x,34000
New Brunswick,Health care and social assistance,Women,25 to 54 years,2023,35.3,34.8,0.6,1.7,34800,600,35300
New Brunswick,Health care and social assistance,Women,25 to 54 years,2024,36.7,36.1,0.7,1.9,36100,700,36700
New Brunswick,Health care and social assistance,Women,25 to 54 years,2025,38.6,38.3,x,x,38300,x,38600
New Brunswick,Health care and social assistance,Women,55 years and over,2021,11,10.7,x,x,10700,x,11000
New Brunswick,Health care and social assistance,Women,55 years and over,2022,9.5,9.2,x,x,9200,x,9500
New Brunswick,Health care and social assistance,Women,55 years and over,2023,10.7,10.6,x,x,10600,x,10700
New Brunswick,Health care and social assistance,Women,55 years and over,2024,10.9,10.6,x,x,10600,x,10900
New Brunswick,Health care and social assistance,Women,55 years and over,2025,11,10.9,x,x,10900,x,11000
New Brunswick,"Information, culture and recreation",Men,15 to 24 years,2021,1.2,1.1,x,x,1100,x,1200
New Brunswick,"Information, culture and recreation",Men,15 to 24 years,2022,1.3,1.1,x,x,1100,x,1300
New Brunswick,"Information, culture and recreation",Men,15 to 24 years,2023,1.4,1.1,x,x,1100,x,1400
New Brunswick,"Information, culture and recreation",Men,15 to 24 years,2024,1.8,1.6,x,x,1600,x,1800
New Brunswick,"Information, culture and recreation",Men,15 to 24 years,2025,1.5,1.4,x,x,1400,x,1500
New Brunswick,"Information, culture and recreation",Men,25 to 54 years,2021,3.5,3.3,x,x,3300,x,3500
New Brunswick,"Information, culture and recreation",Men,25 to 54 years,2022,3,2.9,x,x,2900,x,3000
New Brunswick,"Information, culture and recreation",Men,25 to 54 years,2023,4.2,4,x,x,4000,x,4200
New Brunswick,"Information, culture and recreation",Men,25 to 54 years,2024,4.5,4.1,x,x,4100,x,4500
New Brunswick,"Information, culture and recreation",Men,25 to 54 years,2025,4.3,3.9,x,x,3900,x,4300
New Brunswick,"Information, culture and recreation",Men,55 years and over,2021,1.1,0.8,x,x,800,x,1100
New Brunswick,"Information, culture and recreation",Men,55 years and over,2022,1.3,1.1,x,x,1100,x,1300
New Brunswick,"Information, culture and recreation",Men,55 years and over,2023,1.2,1,x,x,1000,x,1200
New Brunswick,"Information, culture and recreation",Men,55 years and over,2024,1.6,1.4,x,x,1400,x,1600
New Brunswick,"Information, culture and recreation",Men,55 years and over,2025,1.5,1.4,x,x,1400,x,1500
New Brunswick,"Information, culture and recreation",Women,15 to 24 years,2021,1.1,0.8,x,x,800,x,1100
New Brunswick,"Information, culture and recreation",Women,15 to 24 years,2022,1.5,1.4,x,x,1400,x,1500
New Brunswick,"Information, culture and recreation",Women,15 to 24 years,2023,1.7,1.6,x,x,1600,x,1700
New Brunswick,"Information, culture and recreation",Women,15 to 24 years,2024,1.7,1.6,x,x,1600,x,1700
New Brunswick,"Information, culture and recreation",Women,15 to 24 years,2025,1.6,1.5,x,x,1500,x,1600
New Brunswick,"Information, culture and recreation",Women,25 to 54 years,2021,2.8,2.7,x,x,2700,x,2800
New Brunswick,"Information, culture and recreation",Women,25 to 54 years,2022,2.9,2.7,x,x,2700,x,2900
New Brunswick,"Information, culture and recreation",Women,25 to 54 years,2023,2.9,2.8,x,x,2800,x,2900
New Brunswick,"Information, culture and recreation",Women,25 to 54 years,2024,2.4,2.3,x,x,2300,x,2400
New Brunswick,"Information, culture and recreation",Women,25 to 54 years,2025,2.1,2,x,x,2000,x,2100
New Brunswick,"Information, culture and recreation",Women,55 years and over,2021,1.4,1.2,x,x,1200,x,1400
New Brunswick,"Information, culture and recreation",Women,55 years and over,2022,1.2,1.1,x,x,1100,x,1200
New Brunswick,"Information, culture and recreation",Women,55 years and over,2023,1.2,1,x,x,1000,x,1200
New Brunswick,"Information, culture and recreation",Women,55 years and over,2024,1.1,1.1,x,x,1100,x,1100
New Brunswick,"Information, culture and recreation",Women,55 years and over,2025,1,1,x,x,1000,x,1000
New Brunswick,Accommodation and food services,Men,15 to 24 years,2021,4.6,4.3,x,x,4300,x,4600
New Brunswick,Accommodation and food services,Men,15 to 24 years,2022,3.1,2.9,x,x,2900,x,3100
New Brunswick,Accommodation and food services,Men,15 to 24 years,2023,4,3.6,0.5,12.5,3600,500,4000
New Brunswick,Accommodation and food services,Men,15 to 24 years,2024,3.6,3.2,x,x,3200,x,3600
New Brunswick,Accommodation and food services,Men,15 to 24 years,2025,3.3,2.9,x,x,2900,x,3300
New Brunswick,Accommodation and food services,Men,25 to 54 years,2021,4.4,4.1,x,x,4100,x,4400
New Brunswick,Accommodation and food services,Men,25 to 54 years,2022,4.1,3.6,0.5,12.2,3600,500,4100
New Brunswick,Accommodation and food services,Men,25 to 54 years,2023,4.6,4.2,x,x,4200,x,4600
New Brunswick,Accommodation and food services,Men,25 to 54 years,2024,5.5,4.8,0.8,14.5,4800,800,5500
New Brunswick,Accommodation and food services,Men,25 to 54 years,2025,5.4,5.2,x,x,5200,x,5400
New Brunswick,Accommodation and food services,Men,55 years and over,2021,1.1,0.9,x,x,900,x,1100
New Brunswick,Accommodation and food services,Men,55 years and over,2022,0.9,0.7,x,x,700,x,900
New Brunswick,Accommodation and food services,Men,55 years and over,2023,0.7,0.7,x,x,700,x,700
New Brunswick,Accommodation and food services,Men,55 years and over,2024,0.8,0.7,x,x,700,x,800
New Brunswick,Accommodation and food services,Men,55 years and over,2025,1,1,x,x,1000,x,1000
New Brunswick,Accommodation and food services,Women,15 to 24 years,2021,4.9,4.5,x,x,4500,x,4900
New Brunswick,Accommodation and food services,Women,15 to 24 years,2022,5.1,4.7,x,x,4700,x,5100
New Brunswick,Accommodation and food services,Women,15 to 24 years,2023,5.3,4.8,0.5,9.4,4800,500,5300
New Brunswick,Accommodation and food services,Women,15 to 24 years,2024,5.1,4.6,0.6,11.8,4600,600,5100
New Brunswick,Accommodation and food services,Women,15 to 24 years,2025,5.5,5,0.6,10.9,5000,600,5500
New Brunswick,Accommodation and food services,Women,25 to 54 years,2021,5.2,4.6,0.6,11.5,4600,600,5200
New Brunswick,Accommodation and food services,Women,25 to 54 years,2022,6.1,5.5,0.6,9.8,5500,600,6100
New Brunswick,Accommodation and food services,Women,25 to 54 years,2023,6.4,5.9,0.5,7.8,5900,500,6400
New Brunswick,Accommodation and food services,Women,25 to 54 years,2024,7.1,6.8,x,x,6800,x,7100
New Brunswick,Accommodation and food services,Women,25 to 54 years,2025,6,5.6,x,x,5600,x,6000
New Brunswick,Accommodation and food services,Women,55 years and over,2021,2.4,2.2,x,x,2200,x,2400
New Brunswick,Accommodation and food services,Women,55 years and over,2022,2.3,2.2,x,x,2200,x,2300
New Brunswick,Accommodation and food services,Women,55 years and over,2023,2.4,2.1,x,x,2100,x,2400
New Brunswick,Accommodation and food services,Women,55 years and over,2024,2.6,2.3,x,x,2300,x,2600
New Brunswick,Accommodation and food services,Women,55 years and over,2025,1.8,1.7,x,x,1700,x,1800
New Brunswick,Other services (except public administration),Men,15 to 24 years,2021,0.5,x,x,x,x,x,500
New Brunswick,Other services (except public administration),Men,15 to 24 years,2022,0.6,0.5,x,x,500,x,600
New Brunswick,Other services (except public administration),Men,15 to 24 years,2023,1.1,1.1,x,x,1100,x,1100
New Brunswick,Other services (except public administration),Men,15 to 24 years,2024,0.7,0.6,x,x,600,x,700
New Brunswick,Other services (except public administration),Men,15 to 24 years,2025,0.6,0.5,x,x,500,x,600
New Brunswick,Other services (except public administration),Men,25 to 54 years,2021,4.3,4,x,x,4000,x,4300
New Brunswick,Other services (except public administration),Men,25 to 54 years,2022,4.4,4.3,x,x,4300,x,4400
New Brunswick,Other services (except public administration),Men,25 to 54 years,2023,5,4.9,x,x,4900,x,5000
New Brunswick,Other services (except public administration),Men,25 to 54 years,2024,5.7,5.5,x,x,5500,x,5700
New Brunswick,Other services (except public administration),Men,25 to 54 years,2025,5.4,5.3,x,x,5300,x,5400
New Brunswick,Other services (except public administration),Men,55 years and over,2021,3,2.7,x,x,2700,x,3000
New Brunswick,Other services (except public administration),Men,55 years and over,2022,3,2.9,x,x,2900,x,3000
New Brunswick,Other services (except public administration),Men,55 years and over,2023,2.8,2.7,x,x,2700,x,2800
New Brunswick,Other services (except public administration),Men,55 years and over,2024,2.7,2.7,x,x,2700,x,2700
New Brunswick,Other services (except public administration),Men,55 years and over,2025,2.3,2.2,x,x,2200,x,2300
New Brunswick,Other services (except public administration),Women,15 to 24 years,2021,1.7,1.6,x,x,1600,x,1700
New Brunswick,Other services (except public administration),Women,15 to 24 years,2022,1.1,1.1,x,x,1100,x,1100
New Brunswick,Other services (except public administration),Women,15 to 24 years,2023,0.7,0.7,x,x,700,x,700
New Brunswick,Other services (except public administration),Women,15 to 24 years,2024,1,1,x,x,1000,x,1000
New Brunswick,Other services (except public administration),Women,15 to 24 years,2025,1.1,1,x,x,1000,x,1100
New Brunswick,Other services (except public administration),Women,25 to 54 years,2021,5.8,5.4,x,x,5400,x,5800
New Brunswick,Other services (except public administration),Women,25 to 54 years,2022,5.3,5.2,x,x,5200,x,5300
New Brunswick,Other services (except public administration),Women,25 to 54 years,2023,5,5,x,x,5000,x,5000
New Brunswick,Other services (except public administration),Women,25 to 54 years,2024,5.2,5.1,x,x,5100,x,5200
New Brunswick,Other services (except public administration),Women,25 to 54 years,2025,5.1,5,x,x,5000,x,5100
New Brunswick,Other services (except public administration),Women,55 years and over,2021,1.8,1.7,x,x,1700,x,1800
New Brunswick,Other services (except public administration),Women,55 years and over,2022,1.9,1.7,x,x,1700,x,1900
New Brunswick,Other services (except public administration),Women,55 years and over,2023,1.9,1.9,x,x,1900,x,1900
New Brunswick,Other services (except public administration),Women,55 years and over,2024,1.5,1.5,x,x,1500,x,1500
New Brunswick,Other services (except public administration),Women,55 years and over,2025,2,2,x,x,2000,x,2000
New Brunswick,Public administration,Men,15 to 24 years,2021,1.2,1.2,x,x,1200,x,1200
New Brunswick,Public administration,Men,15 to 24 years,2022,1.3,1.3,x,x,1300,x,1300
New Brunswick,Public administration,Men,15 to 24 years,2023,1.1,1.1,x,x,1100,x,1100
New Brunswick,Public administration,Men,15 to 24 years,2024,1,0.9,x,x,900,x,1000
New Brunswick,Public administration,Men,15 to 24 years,2025,1.3,1.2,x,x,1200,x,1300
New Brunswick,Public administration,Men,25 to 54 years,2021,10.4,10.4,x,x,10400,x,10400
New Brunswick,Public administration,Men,25 to 54 years,2022,11.1,11,x,x,11000,x,11100
New Brunswick,Public administration,Men,25 to 54 years,2023,12.3,12.2,x,x,12200,x,12300
New Brunswick,Public administration,Men,25 to 54 years,2024,12.3,12.2,x,x,12200,x,12300
New Brunswick,Public administration,Men,25 to 54 years,2025,13.6,13.4,x,x,13400,x,13600
New Brunswick,Public administration,Men,55 years and over,2021,3.6,3.3,x,x,3300,x,3600
New Brunswick,Public administration,Men,55 years and over,2022,3.2,3.1,x,x,3100,x,3200
New Brunswick,Public administration,Men,55 years and over,2023,3.5,3.4,x,x,3400,x,3500
New Brunswick,Public administration,Men,55 years and over,2024,3.8,3.7,x,x,3700,x,3800
New Brunswick,Public administration,Men,55 years and over,2025,3.3,3.2,x,x,3200,x,3300
New Brunswick,Public administration,Women,15 to 24 years,2021,1.5,1.3,x,x,1300,x,1500
New Brunswick,Public administration,Women,15 to 24 years,2022,0.9,0.9,x,x,900,x,900
New Brunswick,Public administration,Women,15 to 24 years,2023,1.3,1.3,x,x,1300,x,1300
New Brunswick,Public administration,Women,15 to 24 years,2024,1,0.9,x,x,900,x,1000
New Brunswick,Public administration,Women,15 to 24 years,2025,1.2,1.2,x,x,1200,x,1200
New Brunswick,Public administration,Women,25 to 54 years,2021,11.3,11.2,x,x,11200,x,11300
New Brunswick,Public administration,Women,25 to 54 years,2022,13.1,13,x,x,13000,x,13100
New Brunswick,Public administration,Women,25 to 54 years,2023,14.7,14.7,x,x,14700,x,14700
New Brunswick,Public administration,Women,25 to 54 years,2024,15.1,15,x,x,15000,x,15100
New Brunswick,Public administration,Women,25 to 54 years,2025,15.8,15.6,x,x,15600,x,15800
New Brunswick,Public administration,Women,55 years and over,2021,3.4,3.1,x,x,3100,x,3400
New Brunswick,Public administration,Women,55 years and over,2022,3.5,3.4,x,x,3400,x,3500
New Brunswick,Public administration,Women,55 years and over,2023,3.2,3.2,x,x,3200,x,3200
New Brunswick,Public administration,Women,55 years and over,2024,4.2,4.2,x,x,4200,x,4200
New Brunswick,Public administration,Women,55 years and over,2025,3.9,3.8,x,x,3800,x,3900
Quebec,Agriculture,Men,15 to 24 years,2021,4.8,4.6,x,x,4600,x,4800
Quebec,Agriculture,Men,15 to 24 years,2022,6.3,5.9,x,x,5900,x,6300
Quebec,Agriculture,Men,15 to 24 years,2023,5.1,5.1,x,x,5100,x,5100
Quebec,Agriculture,Men,15 to 24 years,2024,3.2,3.2,x,x,3200,x,3200
Quebec,Agriculture,Men,15 to 24 years,2025,5.1,5,x,x,5000,x,5100
Quebec,Agriculture,Men,25 to 54 years,2021,18.5,17.9,x,x,17900,x,18500
Quebec,Agriculture,Men,25 to 54 years,2022,23.7,23,x,x,23000,x,23700
Quebec,Agriculture,Men,25 to 54 years,2023,17.6,17.2,x,x,17200,x,17600
Quebec,Agriculture,Men,25 to 54 years,2024,18.8,18.5,x,x,18500,x,18800
Quebec,Agriculture,Men,25 to 54 years,2025,18,17.7,x,x,17700,x,18000
Quebec,Agriculture,Men,55 years and over,2021,16.2,15.7,x,x,15700,x,16200
Quebec,Agriculture,Men,55 years and over,2022,13.7,13.1,x,x,13100,x,13700
Quebec,Agriculture,Men,55 years and over,2023,15.2,14.9,x,x,14900,x,15200
Quebec,Agriculture,Men,55 years and over,2024,13.4,13.3,x,x,13300,x,13400
Quebec,Agriculture,Men,55 years and over,2025,13.3,12.9,x,x,12900,x,13300
Quebec,Agriculture,Women,15 to 24 years,2021,4.6,4.5,x,x,4500,x,4600
Quebec,Agriculture,Women,15 to 24 years,2022,3,2.8,x,x,2800,x,3000
Quebec,Agriculture,Women,15 to 24 years,2023,1.6,x,x,x,x,x,1600
Quebec,Agriculture,Women,15 to 24 years,2024,2.4,2.4,x,x,2400,x,2400
Quebec,Agriculture,Women,15 to 24 years,2025,2.2,2.1,x,x,2100,x,2200
Quebec,Agriculture,Women,25 to 54 years,2021,10.6,9.8,x,x,9800,x,10600
Quebec,Agriculture,Women,25 to 54 years,2022,8.9,7.1,1.8,20.2,7100,1800,8900
Quebec,Agriculture,Women,25 to 54 years,2023,9.6,9.3,x,x,9300,x,9600
Quebec,Agriculture,Women,25 to 54 years,2024,10.4,9.6,x,x,9600,x,10400
Quebec,Agriculture,Women,25 to 54 years,2025,8.9,8.3,x,x,8300,x,8900
Quebec,Agriculture,Women,55 years and over,2021,6,5.7,x,x,5700,x,6000
Quebec,Agriculture,Women,55 years and over,2022,6.1,5.8,x,x,5800,x,6100
Quebec,Agriculture,Women,55 years and over,2023,5.4,5.1,x,x,5100,x,5400
Quebec,Agriculture,Women,55 years and over,2024,4.8,4.7,x,x,4700,x,4800
Quebec,Agriculture,Women,55 years and over,2025,6.2,6,x,x,6000,x,6200
Quebec,"Forestry, fishing, mining, quarrying, oil and gas",Men,15 to 24 years,2021,2.7,2.3,x,x,2300,x,2700
Quebec,"Forestry, fishing, mining, quarrying, oil and gas",Men,15 to 24 years,2022,2.8,2.5,x,x,2500,x,2800
Quebec,"Forestry, fishing, mining, quarrying, oil and gas",Men,15 to 24 years,2023,2.1,1.9,x,x,1900,x,2100
Quebec,"Forestry, fishing, mining, quarrying, oil and gas",Men,15 to 24 years,2024,2.5,2.1,x,x,2100,x,2500
Quebec,"Forestry, fishing, mining, quarrying, oil and gas",Men,15 to 24 years,2025,3.4,3.1,x,x,3100,x,3400
Quebec,"Forestry, fishing, mining, quarrying, oil and gas",Men,25 to 54 years,2021,25.1,23.6,1.5,6,23600,1500,25100
Quebec,"Forestry, fishing, mining, quarrying, oil and gas",Men,25 to 54 years,2022,27.7,26.2,1.5,5.4,26200,1500,27700
Quebec,"Forestry, fishing, mining, quarrying, oil and gas",Men,25 to 54 years,2023,24.3,22.4,1.8,7.4,22400,1800,24300
Quebec,"Forestry, fishing, mining, quarrying, oil and gas",Men,25 to 54 years,2024,24.1,23,x,x,23000,x,24100
Quebec,"Forestry, fishing, mining, quarrying, oil and gas",Men,25 to 54 years,2025,24.3,23.5,x,x,23500,x,24300
Quebec,"Forestry, fishing, mining, quarrying, oil and gas",Men,55 years and over,2021,9.8,8.9,x,x,8900,x,9800
Quebec,"Forestry, fishing, mining, quarrying, oil and gas",Men,55 years and over,2022,10.2,9.7,x,x,9700,x,10200
Quebec,"Forestry, fishing, mining, quarrying, oil and gas",Men,55 years and over,2023,7.8,6.7,x,x,6700,x,7800
Quebec,"Forestry, fishing, mining, quarrying, oil and gas",Men,55 years and over,2024,8.7,7.9,x,x,7900,x,8700
Quebec,"Forestry, fishing, mining, quarrying, oil and gas",Men,55 years and over,2025,7.5,6.8,x,x,6800,x,7500
Quebec,"Forestry, fishing, mining, quarrying, oil and gas",Women,15 to 24 years,2021,x,x,x,x,x,x,x
Quebec,"Forestry, fishing, mining, quarrying, oil and gas",Women,15 to 24 years,2022,x,x,x,x,x,x,x
Quebec,"Forestry, fishing, mining, quarrying, oil and gas",Women,15 to 24 years,2023,x,x,x,x,x,x,x
Quebec,"Forestry, fishing, mining, quarrying, oil and gas",Women,15 to 24 years,2024,x,x,x,x,x,x,x
Quebec,"Forestry, fishing, mining, quarrying, oil and gas",Women,15 to 24 years,2025,x,x,x,x,x,x,x
Quebec,"Forestry, fishing, mining, quarrying, oil and gas",Women,25 to 54 years,2021,3.4,2.8,x,x,2800,x,3400
Quebec,"Forestry, fishing, mining, quarrying, oil and gas",Women,25 to 54 years,2022,5,4.9,x,x,4900,x,5000
Quebec,"Forestry, fishing, mining, quarrying, oil and gas",Women,25 to 54 years,2023,6.3,6.1,x,x,6100,x,6300
Quebec,"Forestry, fishing, mining, quarrying, oil and gas",Women,25 to 54 years,2024,4,3.6,x,x,3600,x,4000
Quebec,"Forestry, fishing, mining, quarrying, oil and gas",Women,25 to 54 years,2025,4.6,4.3,x,x,4300,x,4600
Quebec,"Forestry, fishing, mining, quarrying, oil and gas",Women,55 years and over,2021,x,x,x,x,x,x,x
Quebec,"Forestry, fishing, mining, quarrying, oil and gas",Women,55 years and over,2022,1.5,1.5,x,x,1500,x,1500
Quebec,"Forestry, fishing, mining, quarrying, oil and gas",Women,55 years and over,2023,x,x,x,x,x,x,x
Quebec,"Forestry, fishing, mining, quarrying, oil and gas",Women,55 years and over,2024,x,x,x,x,x,x,x
Quebec,"Forestry, fishing, mining, quarrying, oil and gas",Women,55 years and over,2025,2.2,2.1,x,x,2100,x,2200
Quebec,Utilities,Men,15 to 24 years,2021,x,x,x,x,x,x,x
Quebec,Utilities,Men,15 to 24 years,2022,x,x,x,x,x,x,x
Quebec,Utilities,Men,15 to 24 years,2023,x,x,x,x,x,x,x
Quebec,Utilities,Men,15 to 24 years,2024,x,x,x,x,x,x,x
Quebec,Utilities,Men,15 to 24 years,2025,x,x,x,x,x,x,x
Quebec,Utilities,Men,25 to 54 years,2021,17.2,17,x,x,17000,x,17200
Quebec,Utilities,Men,25 to 54 years,2022,18.5,18.4,x,x,18400,x,18500
Quebec,Utilities,Men,25 to 54 years,2023,19.5,19.4,x,x,19400,x,19500
Quebec,Utilities,Men,25 to 54 years,2024,19.8,19.6,x,x,19600,x,19800
Quebec,Utilities,Men,25 to 54 years,2025,21.2,21,x,x,21000,x,21200
Quebec,Utilities,Men,55 years and over,2021,3.2,3.1,x,x,3100,x,3200
Quebec,Utilities,Men,55 years and over,2022,3.1,3,x,x,3000,x,3100
Quebec,Utilities,Men,55 years and over,2023,3.8,3.7,x,x,3700,x,3800
Quebec,Utilities,Men,55 years and over,2024,3.2,3.2,x,x,3200,x,3200
Quebec,Utilities,Men,55 years and over,2025,3.8,3.7,x,x,3700,x,3800
Quebec,Utilities,Women,15 to 24 years,2021,x,x,x,x,x,x,x
Quebec,Utilities,Women,15 to 24 years,2022,x,x,x,x,x,x,x
Quebec,Utilities,Women,15 to 24 years,2023,x,x,x,x,x,x,x
Quebec,Utilities,Women,15 to 24 years,2024,x,x,x,x,x,x,x
Quebec,Utilities,Women,15 to 24 years,2025,x,x,x,x,x,x,x
Quebec,Utilities,Women,25 to 54 years,2021,6.3,6.2,x,x,6200,x,6300
Quebec,Utilities,Women,25 to 54 years,2022,5.8,5.8,x,x,5800,x,5800
Quebec,Utilities,Women,25 to 54 years,2023,6.4,6.4,x,x,6400,x,6400
Quebec,Utilities,Women,25 to 54 years,2024,7,6.9,x,x,6900,x,7000
Quebec,Utilities,Women,25 to 54 years,2025,5.8,5.8,x,x,5800,x,5800
Quebec,Utilities,Women,55 years and over,2021,x,x,x,x,x,x,x
Quebec,Utilities,Women,55 years and over,2022,2.7,2.5,x,x,2500,x,2700
Quebec,Utilities,Women,55 years and over,2023,x,x,x,x,x,x,x
Quebec,Utilities,Women,55 years and over,2024,x,x,x,x,x,x,x
Quebec,Utilities,Women,55 years and over,2025,x,x,x,x,x,x,x
Quebec,Construction,Men,15 to 24 years,2021,27.6,26.1,1.5,5.4,26100,1500,27600
Quebec,Construction,Men,15 to 24 years,2022,27.8,25.7,2.2,7.9,25700,2200,27800
Quebec,Construction,Men,15 to 24 years,2023,23.9,21.7,2.1,8.8,21700,2100,23900
Quebec,Construction,Men,15 to 24 years,2024,36.5,35.1,x,x,35100,x,36500
Quebec,Construction,Men,15 to 24 years,2025,35.4,33.3,2.1,5.9,33300,2100,35400
Quebec,Construction,Men,25 to 54 years,2021,177.3,167.9,9.4,5.3,167900,9400,177300
Quebec,Construction,Men,25 to 54 years,2022,190.5,182.3,8.2,4.3,182300,8200,190500
Quebec,Construction,Men,25 to 54 years,2023,213.4,205.1,8.4,3.9,205100,8400,213400
Quebec,Construction,Men,25 to 54 years,2024,204.2,193.2,11.1,5.4,193200,11100,204200
Quebec,Construction,Men,25 to 54 years,2025,204.5,191.9,12.6,6.2,191900,12600,204500
Quebec,Construction,Men,55 years and over,2021,57.3,53.1,4.1,7.2,53100,4100,57300
Quebec,Construction,Men,55 years and over,2022,53.4,50.3,3.1,5.8,50300,3100,53400
Quebec,Construction,Men,55 years and over,2023,55.8,52.7,3.1,5.6,52700,3100,55800
Quebec,Construction,Men,55 years and over,2024,57.6,55.2,2.4,4.2,55200,2400,57600
Quebec,Construction,Men,55 years and over,2025,58.6,55.1,3.5,6,55100,3500,58600
Quebec,Construction,Women,15 to 24 years,2021,4.4,4.3,x,x,4300,x,4400
Quebec,Construction,Women,15 to 24 years,2022,1.7,1.7,x,x,1700,x,1700
Quebec,Construction,Women,15 to 24 years,2023,2.9,2.6,x,x,2600,x,2900
Quebec,Construction,Women,15 to 24 years,2024,3.8,3.8,x,x,3800,x,3800
Quebec,Construction,Women,15 to 24 years,2025,2.3,2.2,x,x,2200,x,2300
Quebec,Construction,Women,25 to 54 years,2021,28.8,28.3,x,x,28300,x,28800
Quebec,Construction,Women,25 to 54 years,2022,29.3,28.2,x,x,28200,x,29300
Quebec,Construction,Women,25 to 54 years,2023,31.4,29.8,1.6,5.1,29800,1600,31400
Quebec,Construction,Women,25 to 54 years,2024,34.2,32.5,1.7,5,32500,1700,34200
Quebec,Construction,Women,25 to 54 years,2025,32.4,31.2,x,x,31200,x,32400
Quebec,Construction,Women,55 years and over,2021,7.9,7.1,x,x,7100,x,7900
Quebec,Construction,Women,55 years and over,2022,8.7,8.2,x,x,8200,x,8700
Quebec,Construction,Women,55 years and over,2023,9.3,8.4,x,x,8400,x,9300
Quebec,Construction,Women,55 years and over,2024,10.7,10.6,x,x,10600,x,10700
Quebec,Construction,Women,55 years and over,2025,10.4,9.8,x,x,9800,x,10400
Quebec,Manufacturing,Men,15 to 24 years,2021,29.5,27.2,2.3,7.8,27200,2300,29500
Quebec,Manufacturing,Men,15 to 24 years,2022,29.9,28.8,x,x,28800,x,29900
Quebec,Manufacturing,Men,15 to 24 years,2023,30.2,28.3,1.9,6.3,28300,1900,30200
Quebec,Manufacturing,Men,15 to 24 years,2024,23,21.8,x,x,21800,x,23000
Quebec,Manufacturing,Men,15 to 24 years,2025,26.5,25.2,x,x,25200,x,26500
Quebec,Manufacturing,Men,25 to 54 years,2021,243.1,234.2,8.9,3.7,234200,8900,243100
Quebec,Manufacturing,Men,25 to 54 years,2022,235.7,231.6,4.1,1.7,231600,4100,235700
Quebec,Manufacturing,Men,25 to 54 years,2023,242.9,237.4,5.5,2.3,237400,5500,242900
Quebec,Manufacturing,Men,25 to 54 years,2024,252,244.7,7.2,2.9,244700,7200,252000
Quebec,Manufacturing,Men,25 to 54 years,2025,258.5,252.1,6.4,2.5,252100,6400,258500
Quebec,Manufacturing,Men,55 years and over,2021,91.8,88.1,3.7,4,88100,3700,91800
Quebec,Manufacturing,Men,55 years and over,2022,87.2,84.9,2.3,2.6,84900,2300,87200
Quebec,Manufacturing,Men,55 years and over,2023,101.5,97.1,4.4,4.3,97100,4400,101500
Quebec,Manufacturing,Men,55 years and over,2024,88.3,86.3,1.9,2.2,86300,1900,88300
Quebec,Manufacturing,Men,55 years and over,2025,92.8,90.3,2.5,2.7,90300,2500,92800
Quebec,Manufacturing,Women,15 to 24 years,2021,9.7,9.2,x,x,9200,x,9700
Quebec,Manufacturing,Women,15 to 24 years,2022,10.9,10.6,x,x,10600,x,10900
Quebec,Manufacturing,Women,15 to 24 years,2023,11.3,10.2,x,x,10200,x,11300
Quebec,Manufacturing,Women,15 to 24 years,2024,11.3,10.3,x,x,10300,x,11300
Quebec,Manufacturing,Women,15 to 24 years,2025,9.7,9.1,x,x,9100,x,9700
Quebec,Manufacturing,Women,25 to 54 years,2021,94.2,91.5,2.7,2.9,91500,2700,94200
Quebec,Manufacturing,Women,25 to 54 years,2022,108.8,107.5,x,x,107500,x,108800
Quebec,Manufacturing,Women,25 to 54 years,2023,95.9,93.3,2.6,2.7,93300,2600,95900
Quebec,Manufacturing,Women,25 to 54 years,2024,106.3,102.5,3.8,3.6,102500,3800,106300
Quebec,Manufacturing,Women,25 to 54 years,2025,97.7,94.9,2.8,2.9,94900,2800,97700
Quebec,Manufacturing,Women,55 years and over,2021,38,35.2,2.8,7.4,35200,2800,38000
Quebec,Manufacturing,Women,55 years and over,2022,33.5,32.5,x,x,32500,x,33500
Quebec,Manufacturing,Women,55 years and over,2023,41.2,39.3,1.9,4.6,39300,1900,41200
Quebec,Manufacturing,Women,55 years and over,2024,37.5,35.8,1.7,4.5,35800,1700,37500
Quebec,Manufacturing,Women,55 years and over,2025,33.6,31.8,1.9,5.7,31800,1900,33600
Quebec,Wholesale and retail trade,Men,15 to 24 years,2021,95.1,89.3,5.8,6.1,89300,5800,95100
Quebec,Wholesale and retail trade,Men,15 to 24 years,2022,90.4,85.7,4.7,5.2,85700,4700,90400
Quebec,Wholesale and retail trade,Men,15 to 24 years,2023,95.8,91.5,4.3,4.5,91500,4300,95800
Quebec,Wholesale and retail trade,Men,15 to 24 years,2024,95.8,88,7.8,8.1,88000,7800,95800
Quebec,Wholesale and retail trade,Men,15 to 24 years,2025,90,84.4,5.6,6.2,84400,5600,90000
Quebec,Wholesale and retail trade,Men,25 to 54 years,2021,195.8,187.6,8.2,4.2,187600,8200,195800
Quebec,Wholesale and retail trade,Men,25 to 54 years,2022,183.4,177.7,5.7,3.1,177700,5700,183400
Quebec,Wholesale and retail trade,Men,25 to 54 years,2023,184.1,176.6,7.5,4.1,176600,7500,184100
Quebec,Wholesale and retail trade,Men,25 to 54 years,2024,174.2,167.2,6.9,4,167200,6900,174200
Quebec,Wholesale and retail trade,Men,25 to 54 years,2025,184.9,176.5,8.4,4.5,176500,8400,184900
Quebec,Wholesale and retail trade,Men,55 years and over,2021,80.3,76.9,3.4,4.2,76900,3400,80300
Quebec,Wholesale and retail trade,Men,55 years and over,2022,83,81,2,2.4,81000,2000,83000
Quebec,Wholesale and retail trade,Men,55 years and over,2023,91.8,89.2,2.6,2.8,89200,2600,91800
Quebec,Wholesale and retail trade,Men,55 years and over,2024,87,84,3,3.4,84000,3000,87000
Quebec,Wholesale and retail trade,Men,55 years and over,2025,88.7,86.2,2.5,2.8,86200,2500,88700
Quebec,Wholesale and retail trade,Women,15 to 24 years,2021,111.6,104.9,6.7,6,104900,6700,111600
Quebec,Wholesale and retail trade,Women,15 to 24 years,2022,97,93,4,4.1,93000,4000,97000
Quebec,Wholesale and retail trade,Women,15 to 24 years,2023,102.7,98.4,4.3,4.2,98400,4300,102700
Quebec,Wholesale and retail trade,Women,15 to 24 years,2024,98.1,92.5,5.6,5.7,92500,5600,98100
Quebec,Wholesale and retail trade,Women,15 to 24 years,2025,100.2,95.7,4.5,4.5,95700,4500,100200
Quebec,Wholesale and retail trade,Women,25 to 54 years,2021,147.7,141.5,6.2,4.2,141500,6200,147700
Quebec,Wholesale and retail trade,Women,25 to 54 years,2022,158.5,153,5.5,3.5,153000,5500,158500
Quebec,Wholesale and retail trade,Women,25 to 54 years,2023,141,137.4,3.6,2.6,137400,3600,141000
Quebec,Wholesale and retail trade,Women,25 to 54 years,2024,152.5,147.7,4.7,3.1,147700,4700,152500
Quebec,Wholesale and retail trade,Women,25 to 54 years,2025,155,149.8,5.2,3.4,149800,5200,155000
Quebec,Wholesale and retail trade,Women,55 years and over,2021,59.4,56.6,2.9,4.9,56600,2900,59400
Quebec,Wholesale and retail trade,Women,55 years and over,2022,71.9,70.7,x,x,70700,x,71900
Quebec,Wholesale and retail trade,Women,55 years and over,2023,71.5,69.7,1.8,2.5,69700,1800,71500
Quebec,Wholesale and retail trade,Women,55 years and over,2024,67.8,66,1.8,2.7,66000,1800,67800
Quebec,Wholesale and retail trade,Women,55 years and over,2025,72.6,70.2,2.5,3.4,70200,2500,72600
Quebec,Transportation and warehousing,Men,15 to 24 years,2021,13.7,12.2,x,x,12200,x,13700
Quebec,Transportation and warehousing,Men,15 to 24 years,2022,9.6,8.9,x,x,8900,x,9600
Quebec,Transportation and warehousing,Men,15 to 24 years,2023,11.5,11.3,x,x,11300,x,11500
Quebec,Transportation and warehousing,Men,15 to 24 years,2024,11.7,11.1,x,x,11100,x,11700
Quebec,Transportation and warehousing,Men,15 to 24 years,2025,13.9,13.4,x,x,13400,x,13900
Quebec,Transportation and warehousing,Men,25 to 54 years,2021,110.6,106.9,3.7,3.3,106900,3700,110600
Quebec,Transportation and warehousing,Men,25 to 54 years,2022,108.9,106.3,2.6,2.4,106300,2600,108900
Quebec,Transportation and warehousing,Men,25 to 54 years,2023,108,104.2,3.7,3.4,104200,3700,108000
Quebec,Transportation and warehousing,Men,25 to 54 years,2024,116.3,113.4,2.9,2.5,113400,2900,116300
Quebec,Transportation and warehousing,Men,25 to 54 years,2025,113.1,108.4,4.8,4.2,108400,4800,113100
Quebec,Transportation and warehousing,Men,55 years and over,2021,57.1,55.5,1.6,2.8,55500,1600,57100
Quebec,Transportation and warehousing,Men,55 years and over,2022,54.5,53.2,x,x,53200,x,54500
Quebec,Transportation and warehousing,Men,55 years and over,2023,55.4,53.8,1.6,2.9,53800,1600,55400
Quebec,Transportation and warehousing,Men,55 years and over,2024,58.8,56.5,2.3,3.9,56500,2300,58800
Quebec,Transportation and warehousing,Men,55 years and over,2025,56.1,53.3,2.8,5,53300,2800,56100
Quebec,Transportation and warehousing,Women,15 to 24 years,2021,3.4,3.1,x,x,3100,x,3400
Quebec,Transportation and warehousing,Women,15 to 24 years,2022,3.6,3.5,x,x,3500,x,3600
Quebec,Transportation and warehousing,Women,15 to 24 years,2023,2.7,2.6,x,x,2600,x,2700
Quebec,Transportation and warehousing,Women,15 to 24 years,2024,4.1,3.7,x,x,3700,x,4100
Quebec,Transportation and warehousing,Women,15 to 24 years,2025,2.5,2.4,x,x,2400,x,2500
Quebec,Transportation and warehousing,Women,25 to 54 years,2021,35.7,34,1.7,4.8,34000,1700,35700
Quebec,Transportation and warehousing,Women,25 to 54 years,2022,34.8,34.2,x,x,34200,x,34800
Quebec,Transportation and warehousing,Women,25 to 54 years,2023,34.3,33,x,x,33000,x,34300
Quebec,Transportation and warehousing,Women,25 to 54 years,2024,32.5,31.8,x,x,31800,x,32500
Quebec,Transportation and warehousing,Women,25 to 54 years,2025,35,34,x,x,34000,x,35000
Quebec,Transportation and warehousing,Women,55 years and over,2021,11.1,10.3,x,x,10300,x,11100
Quebec,Transportation and warehousing,Women,55 years and over,2022,9.9,9.6,x,x,9600,x,9900
Quebec,Transportation and warehousing,Women,55 years and over,2023,12.8,12.3,x,x,12300,x,12800
Quebec,Transportation and warehousing,Women,55 years and over,2024,10.6,9.8,x,x,9800,x,10600
Quebec,Transportation and warehousing,Women,55 years and over,2025,12.5,12.1,x,x,12100,x,12500
Quebec,"Finance, insurance, real estate, rental and leasing",Men,15 to 24 years,2021,8.6,7.8,x,x,7800,x,8600
Quebec,"Finance, insurance, real estate, rental and leasing",Men,15 to 24 years,2022,11.1,11,x,x,11000,x,11100
Quebec,"Finance, insurance, real estate, rental and leasing",Men,15 to 24 years,2023,8.3,8.2,x,x,8200,x,8300
Quebec,"Finance, insurance, real estate, rental and leasing",Men,15 to 24 years,2024,8.3,8,x,x,8000,x,8300
Quebec,"Finance, insurance, real estate, rental and leasing",Men,15 to 24 years,2025,9.5,9.3,x,x,9300,x,9500
Quebec,"Finance, insurance, real estate, rental and leasing",Men,25 to 54 years,2021,99.2,97.2,2,2,97200,2000,99200
Quebec,"Finance, insurance, real estate, rental and leasing",Men,25 to 54 years,2022,96.6,95.4,x,x,95400,x,96600
Quebec,"Finance, insurance, real estate, rental and leasing",Men,25 to 54 years,2023,92.6,91.5,x,x,91500,x,92600
Quebec,"Finance, insurance, real estate, rental and leasing",Men,25 to 54 years,2024,93,91.8,x,x,91800,x,93000
Quebec,"Finance, insurance, real estate, rental and leasing",Men,25 to 54 years,2025,117.5,115.3,2.2,1.9,115300,2200,117500
Quebec,"Finance, insurance, real estate, rental and leasing",Men,55 years and over,2021,28.6,27.8,x,x,27800,x,28600
Quebec,"Finance, insurance, real estate, rental and leasing",Men,55 years and over,2022,27.3,27.1,x,x,27100,x,27300
Quebec,"Finance, insurance, real estate, rental and leasing",Men,55 years and over,2023,24.3,24.1,x,x,24100,x,24300
Quebec,"Finance, insurance, real estate, rental and leasing",Men,55 years and over,2024,26.4,26.2,x,x,26200,x,26400
Quebec,"Finance, insurance, real estate, rental and leasing",Men,55 years and over,2025,26.3,26,x,x,26000,x,26300
Quebec,"Finance, insurance, real estate, rental and leasing",Women,15 to 24 years,2021,7.2,6.9,x,x,6900,x,7200
Quebec,"Finance, insurance, real estate, rental and leasing",Women,15 to 24 years,2022,10.3,9.9,x,x,9900,x,10300
Quebec,"Finance, insurance, real estate, rental and leasing",Women,15 to 24 years,2023,11.6,11.6,x,x,11600,x,11600
Quebec,"Finance, insurance, real estate, rental and leasing",Women,15 to 24 years,2024,8.8,8.4,x,x,8400,x,8800
Quebec,"Finance, insurance, real estate, rental and leasing",Women,15 to 24 years,2025,9.4,8.9,x,x,8900,x,9400
Quebec,"Finance, insurance, real estate, rental and leasing",Women,25 to 54 years,2021,109.6,109,x,x,109000,x,109600
Quebec,"Finance, insurance, real estate, rental and leasing",Women,25 to 54 years,2022,101.4,100.4,x,x,100400,x,101400
Quebec,"Finance, insurance, real estate, rental and leasing",Women,25 to 54 years,2023,107.2,105.1,2.1,2,105100,2100,107200
Quebec,"Finance, insurance, real estate, rental and leasing",Women,25 to 54 years,2024,104.2,102.4,1.9,1.8,102400,1900,104200
Quebec,"Finance, insurance, real estate, rental and leasing",Women,25 to 54 years,2025,113.2,112,x,x,112000,x,113200
Quebec,"Finance, insurance, real estate, rental and leasing",Women,55 years and over,2021,31,30.5,x,x,30500,x,31000
Quebec,"Finance, insurance, real estate, rental and leasing",Women,55 years and over,2022,30.6,30.4,x,x,30400,x,30600
Quebec,"Finance, insurance, real estate, rental and leasing",Women,55 years and over,2023,30.8,30.7,x,x,30700,x,30800
Quebec,"Finance, insurance, real estate, rental and leasing",Women,55 years and over,2024,30.3,29.7,x,x,29700,x,30300
Quebec,"Finance, insurance, real estate, rental and leasing",Women,55 years and over,2025,28.3,27.7,x,x,27700,x,28300
Quebec,"Professional, scientific and technical services",Men,15 to 24 years,2021,13.2,12.8,x,x,12800,x,13200
Quebec,"Professional, scientific and technical services",Men,15 to 24 years,2022,14,13.5,x,x,13500,x,14000
Quebec,"Professional, scientific and technical services",Men,15 to 24 years,2023,15.7,15.3,x,x,15300,x,15700
Quebec,"Professional, scientific and technical services",Men,15 to 24 years,2024,11.2,10.5,x,x,10500,x,11200
Quebec,"Professional, scientific and technical services",Men,15 to 24 years,2025,10.4,9.3,x,x,9300,x,10400
Quebec,"Professional, scientific and technical services",Men,25 to 54 years,2021,147.5,143.7,3.8,2.6,143700,3800,147500
Quebec,"Professional, scientific and technical services",Men,25 to 54 years,2022,163.8,160.8,3,1.8,160800,3000,163800
Quebec,"Professional, scientific and technical services",Men,25 to 54 years,2023,161.6,158.2,3.5,2.2,158200,3500,161600
Quebec,"Professional, scientific and technical services",Men,25 to 54 years,2024,178,170.6,7.4,4.2,170600,7400,178000
Quebec,"Professional, scientific and technical services",Men,25 to 54 years,2025,181.6,175.6,6,3.3,175600,6000,181600
Quebec,"Professional, scientific and technical services",Men,55 years and over,2021,40.3,39.9,x,x,39900,x,40300
Quebec,"Professional, scientific and technical services",Men,55 years and over,2022,44,43.5,x,x,43500,x,44000
Quebec,"Professional, scientific and technical services",Men,55 years and over,2023,42,41.3,x,x,41300,x,42000
Quebec,"Professional, scientific and technical services",Men,55 years and over,2024,45.2,43.9,x,x,43900,x,45200
Quebec,"Professional, scientific and technical services",Men,55 years and over,2025,46.4,43.7,2.7,5.8,43700,2700,46400
Quebec,"Professional, scientific and technical services",Women,15 to 24 years,2021,12.9,12.4,x,x,12400,x,12900
Quebec,"Professional, scientific and technical services",Women,15 to 24 years,2022,12,11.7,x,x,11700,x,12000
Quebec,"Professional, scientific and technical services",Women,15 to 24 years,2023,13.3,12.6,x,x,12600,x,13300
Quebec,"Professional, scientific and technical services",Women,15 to 24 years,2024,13.9,12.4,1.5,10.8,12400,1500,13900
Quebec,"Professional, scientific and technical services",Women,15 to 24 years,2025,11.4,11.2,x,x,11200,x,11400
Quebec,"Professional, scientific and technical services",Women,25 to 54 years,2021,122.1,120,2.2,1.8,120000,2200,122100
Quebec,"Professional, scientific and technical services",Women,25 to 54 years,2022,115.3,113.1,2.3,2,113100,2300,115300
Quebec,"Professional, scientific and technical services",Women,25 to 54 years,2023,120.5,117.7,2.8,2.3,117700,2800,120500
Quebec,"Professional, scientific and technical services",Women,25 to 54 years,2024,124.8,120,4.7,3.8,120000,4700,124800
Quebec,"Professional, scientific and technical services",Women,25 to 54 years,2025,119.5,115.6,3.9,3.3,115600,3900,119500
Quebec,"Professional, scientific and technical services",Women,55 years and over,2021,32.7,32.2,x,x,32200,x,32700
Quebec,"Professional, scientific and technical services",Women,55 years and over,2022,33,32.1,x,x,32100,x,33000
Quebec,"Professional, scientific and technical services",Women,55 years and over,2023,34,33.6,x,x,33600,x,34000
Quebec,"Professional, scientific and technical services",Women,55 years and over,2024,30.1,29.6,x,x,29600,x,30100
Quebec,"Professional, scientific and technical services",Women,55 years and over,2025,32.9,31.7,x,x,31700,x,32900
Quebec,"Business, building and other support services",Men,15 to 24 years,2021,13.5,12.1,1.5,11.1,12100,1500,13500
Quebec,"Business, building and other support services",Men,15 to 24 years,2022,12.3,11.4,x,x,11400,x,12300
Quebec,"Business, building and other support services",Men,15 to 24 years,2023,15.2,13,2.2,14.5,13000,2200,15200
Quebec,"Business, building and other support services",Men,15 to 24 years,2024,13,12,x,x,12000,x,13000
Quebec,"Business, building and other support services",Men,15 to 24 years,2025,10.8,9,1.8,16.7,9000,1800,10800
Quebec,"Business, building and other support services",Men,25 to 54 years,2021,57.2,53.5,3.7,6.5,53500,3700,57200
Quebec,"Business, building and other support services",Men,25 to 54 years,2022,62.2,59.7,2.5,4,59700,2500,62200
Quebec,"Business, building and other support services",Men,25 to 54 years,2023,61.6,57.8,3.8,6.2,57800,3800,61600
Quebec,"Business, building and other support services",Men,25 to 54 years,2024,63.9,60.3,3.5,5.5,60300,3500,63900
Quebec,"Business, building and other support services",Men,25 to 54 years,2025,63.3,59.9,3.4,5.4,59900,3400,63300
Quebec,"Business, building and other support services",Men,55 years and over,2021,23.9,21.8,2,8.4,21800,2000,23900
Quebec,"Business, building and other support services",Men,55 years and over,2022,26.8,25.9,x,x,25900,x,26800
Quebec,"Business, building and other support services",Men,55 years and over,2023,31.2,30.1,x,x,30100,x,31200
Quebec,"Business, building and other support services",Men,55 years and over,2024,30.4,29,1.5,4.9,29000,1500,30400
Quebec,"Business, building and other support services",Men,55 years and over,2025,25.1,24.1,x,x,24100,x,25100
Quebec,"Business, building and other support services",Women,15 to 24 years,2021,6.8,6.5,x,x,6500,x,6800
Quebec,"Business, building and other support services",Women,15 to 24 years,2022,6.7,6.4,x,x,6400,x,6700
Quebec,"Business, building and other support services",Women,15 to 24 years,2023,6.8,6.5,x,x,6500,x,6800
Quebec,"Business, building and other support services",Women,15 to 24 years,2024,6.8,6.4,x,x,6400,x,6800
Quebec,"Business, building and other support services",Women,15 to 24 years,2025,7.6,7.5,x,x,7500,x,7600
Quebec,"Business, building and other support services",Women,25 to 54 years,2021,46.2,43.9,2.2,4.8,43900,2200,46200
Quebec,"Business, building and other support services",Women,25 to 54 years,2022,48.2,46.8,1.5,3.1,46800,1500,48200
Quebec,"Business, building and other support services",Women,25 to 54 years,2023,48.4,46.3,2.1,4.3,46300,2100,48400
Quebec,"Business, building and other support services",Women,25 to 54 years,2024,45.1,42.7,2.4,5.3,42700,2400,45100
Quebec,"Business, building and other support services",Women,25 to 54 years,2025,41.9,38.9,3,7.2,38900,3000,41900
Quebec,"Business, building and other support services",Women,55 years and over,2021,20.5,19.3,x,x,19300,x,20500
Quebec,"Business, building and other support services",Women,55 years and over,2022,20.1,20,x,x,20000,x,20100
Quebec,"Business, building and other support services",Women,55 years and over,2023,20,19.4,x,x,19400,x,20000
Quebec,"Business, building and other support services",Women,55 years and over,2024,19.5,18.3,x,x,18300,x,19500
Quebec,"Business, building and other support services",Women,55 years and over,2025,20.3,20,x,x,20000,x,20300
Quebec,Educational services,Men,15 to 24 years,2021,7.8,6.9,x,x,6900,x,7800
Quebec,Educational services,Men,15 to 24 years,2022,8.9,8.5,x,x,8500,x,8900
Quebec,Educational services,Men,15 to 24 years,2023,6.1,6,x,x,6000,x,6100
Quebec,Educational services,Men,15 to 24 years,2024,8.4,8.2,x,x,8200,x,8400
Quebec,Educational services,Men,15 to 24 years,2025,10.3,9.4,x,x,9400,x,10300
Quebec,Educational services,Men,25 to 54 years,2021,87,85.3,1.7,2,85300,1700,87000
Quebec,Educational services,Men,25 to 54 years,2022,71.4,69.4,2,2.8,69400,2000,71400
Quebec,Educational services,Men,25 to 54 years,2023,76.8,74.7,2.1,2.7,74700,2100,76800
Quebec,Educational services,Men,25 to 54 years,2024,81.7,78.7,3,3.7,78700,3000,81700
Quebec,Educational services,Men,25 to 54 years,2025,79.5,77.6,1.9,2.4,77600,1900,79500
Quebec,Educational services,Men,55 years and over,2021,25.9,24.8,x,x,24800,x,25900
Quebec,Educational services,Men,55 years and over,2022,31.9,31.4,x,x,31400,x,31900
Quebec,Educational services,Men,55 years and over,2023,23.1,22.8,x,x,22800,x,23100
Quebec,Educational services,Men,55 years and over,2024,26.3,25.7,x,x,25700,x,26300
Quebec,Educational services,Men,55 years and over,2025,32.7,31.5,x,x,31500,x,32700
Quebec,Educational services,Women,15 to 24 years,2021,13,12,x,x,12000,x,13000
Quebec,Educational services,Women,15 to 24 years,2022,15.5,15,x,x,15000,x,15500
Quebec,Educational services,Women,15 to 24 years,2023,14.8,14.1,x,x,14100,x,14800
Quebec,Educational services,Women,15 to 24 years,2024,14.7,14,x,x,14000,x,14700
Quebec,Educational services,Women,15 to 24 years,2025,17.2,15.5,1.8,10.5,15500,1800,17200
Quebec,Educational services,Women,25 to 54 years,2021,188.7,184,4.6,2.4,184000,4600,188700
Quebec,Educational services,Women,25 to 54 years,2022,181.2,176.8,4.3,2.4,176800,4300,181200
Quebec,Educational services,Women,25 to 54 years,2023,187.7,183.8,3.9,2.1,183800,3900,187700
Quebec,Educational services,Women,25 to 54 years,2024,188.2,183.5,4.7,2.5,183500,4700,188200
Quebec,Educational services,Women,25 to 54 years,2025,204.4,198.4,6,2.9,198400,6000,204400
Quebec,Educational services,Women,55 years and over,2021,40.1,39.4,x,x,39400,x,40100
Quebec,Educational services,Women,55 years and over,2022,39.3,38.1,x,x,38100,x,39300
Quebec,Educational services,Women,55 years and over,2023,41.2,40.5,x,x,40500,x,41200
Quebec,Educational services,Women,55 years and over,2024,44.8,43.5,x,x,43500,x,44800
Quebec,Educational services,Women,55 years and over,2025,52.3,50.6,1.7,3.3,50600,1700,52300
Quebec,Health care and social assistance,Men,15 to 24 years,2021,13,12.8,x,x,12800,x,13000
Quebec,Health care and social assistance,Men,15 to 24 years,2022,9.7,9.1,x,x,9100,x,9700
Quebec,Health care and social assistance,Men,15 to 24 years,2023,7.9,7.5,x,x,7500,x,7900
Quebec,Health care and social assistance,Men,15 to 24 years,2024,12.3,12.1,x,x,12100,x,12300
Quebec,Health care and social assistance,Men,15 to 24 years,2025,13.5,13.2,x,x,13200,x,13500
Quebec,Health care and social assistance,Men,25 to 54 years,2021,71.1,70.7,x,x,70700,x,71100
Quebec,Health care and social assistance,Men,25 to 54 years,2022,83.6,82.8,x,x,82800,x,83600
Quebec,Health care and social assistance,Men,25 to 54 years,2023,77.3,75.7,1.6,2.1,75700,1600,77300
Quebec,Health care and social assistance,Men,25 to 54 years,2024,88.5,87.3,x,x,87300,x,88500
Quebec,Health care and social assistance,Men,25 to 54 years,2025,95.5,93.6,1.9,2,93600,1900,95500
Quebec,Health care and social assistance,Men,55 years and over,2021,25,24.7,x,x,24700,x,25000
Quebec,Health care and social assistance,Men,55 years and over,2022,29.6,29.3,x,x,29300,x,29600
Quebec,Health care and social assistance,Men,55 years and over,2023,29.9,29.4,x,x,29400,x,29900
Quebec,Health care and social assistance,Men,55 years and over,2024,34.4,32.8,1.6,4.7,32800,1600,34400
Quebec,Health care and social assistance,Men,55 years and over,2025,33,32.2,x,x,32200,x,33000
Quebec,Health care and social assistance,Women,15 to 24 years,2021,47.9,46,1.9,4,46000,1900,47900
Quebec,Health care and social assistance,Women,15 to 24 years,2022,47.7,46.1,1.6,3.4,46100,1600,47700
Quebec,Health care and social assistance,Women,15 to 24 years,2023,46.8,45.9,x,x,45900,x,46800
Quebec,Health care and social assistance,Women,15 to 24 years,2024,50.4,49,x,x,49000,x,50400
Quebec,Health care and social assistance,Women,15 to 24 years,2025,53.7,52.7,x,x,52700,x,53700
Quebec,Health care and social assistance,Women,25 to 54 years,2021,348.4,343,5.5,1.6,343000,5500,348400
Quebec,Health care and social assistance,Women,25 to 54 years,2022,351.2,346.4,4.9,1.4,346400,4900,351200
Quebec,Health care and social assistance,Women,25 to 54 years,2023,365.5,361.4,4.1,1.1,361400,4100,365500
Quebec,Health care and social assistance,Women,25 to 54 years,2024,379.6,373.1,6.5,1.7,373100,6500,379600
Quebec,Health care and social assistance,Women,25 to 54 years,2025,390,386.1,3.9,1,386100,3900,390000
Quebec,Health care and social assistance,Women,55 years and over,2021,86.5,84.9,1.6,1.8,84900,1600,86500
Quebec,Health care and social assistance,Women,55 years and over,2022,91.6,90,1.6,1.7,90000,1600,91600
Quebec,Health care and social assistance,Women,55 years and over,2023,95.2,93,2.1,2.2,93000,2100,95200
Quebec,Health care and social assistance,Women,55 years and over,2024,105.4,103.7,1.7,1.6,103700,1700,105400
Quebec,Health care and social assistance,Women,55 years and over,2025,101.8,100,1.7,1.7,100000,1700,101800
Quebec,"Information, culture and recreation",Men,15 to 24 years,2021,14,12.2,1.8,12.9,12200,1800,14000
Quebec,"Information, culture and recreation",Men,15 to 24 years,2022,18.4,16.5,1.9,10.3,16500,1900,18400
Quebec,"Information, culture and recreation",Men,15 to 24 years,2023,21.1,20.1,x,x,20100,x,21100
Quebec,"Information, culture and recreation",Men,15 to 24 years,2024,19,17.7,x,x,17700,x,19000
Quebec,"Information, culture and recreation",Men,15 to 24 years,2025,27,25.1,1.9,7,25100,1900,27000
Quebec,"Information, culture and recreation",Men,25 to 54 years,2021,67.5,64.6,2.9,4.3,64600,2900,67500
Quebec,"Information, culture and recreation",Men,25 to 54 years,2022,71.3,69.4,1.9,2.7,69400,1900,71300
Quebec,"Information, culture and recreation",Men,25 to 54 years,2023,78.8,76.2,2.7,3.4,76200,2700,78800
Quebec,"Information, culture and recreation",Men,25 to 54 years,2024,71.1,67.9,3.1,4.4,67900,3100,71100
Quebec,"Information, culture and recreation",Men,25 to 54 years,2025,64,60.6,3.5,5.5,60600,3500,64000
Quebec,"Information, culture and recreation",Men,55 years and over,2021,14.2,13.4,x,x,13400,x,14200
Quebec,"Information, culture and recreation",Men,55 years and over,2022,19.6,18.1,1.5,7.7,18100,1500,19600
Quebec,"Information, culture and recreation",Men,55 years and over,2023,25.3,24,x,x,24000,x,25300
Quebec,"Information, culture and recreation",Men,55 years and over,2024,19.8,18.8,x,x,18800,x,19800
Quebec,"Information, culture and recreation",Men,55 years and over,2025,15.8,14.6,x,x,14600,x,15800
Quebec,"Information, culture and recreation",Women,15 to 24 years,2021,17.4,15,2.4,13.8,15000,2400,17400
Quebec,"Information, culture and recreation",Women,15 to 24 years,2022,18.1,16,2.1,11.6,16000,2100,18100
Quebec,"Information, culture and recreation",Women,15 to 24 years,2023,24.4,23.1,x,x,23100,x,24400
Quebec,"Information, culture and recreation",Women,15 to 24 years,2024,24.8,23.1,1.7,6.9,23100,1700,24800
Quebec,"Information, culture and recreation",Women,15 to 24 years,2025,28.9,27.4,1.5,5.2,27400,1500,28900
Quebec,"Information, culture and recreation",Women,25 to 54 years,2021,40.7,39.1,1.6,3.9,39100,1600,40700
Quebec,"Information, culture and recreation",Women,25 to 54 years,2022,52.7,51.1,1.6,3,51100,1600,52700
Quebec,"Information, culture and recreation",Women,25 to 54 years,2023,55.7,54.7,x,x,54700,x,55700
Quebec,"Information, culture and recreation",Women,25 to 54 years,2024,55.8,53.2,2.6,4.7,53200,2600,55800
Quebec,"Information, culture and recreation",Women,25 to 54 years,2025,49,46.9,2.1,4.3,46900,2100,49000
Quebec,"Information, culture and recreation",Women,55 years and over,2021,10.8,9.6,x,x,9600,x,10800
Quebec,"Information, culture and recreation",Women,55 years and over,2022,16,14.9,x,x,14900,x,16000
Quebec,"Information, culture and recreation",Women,55 years and over,2023,16.2,15.5,x,x,15500,x,16200
Quebec,"Information, culture and recreation",Women,55 years and over,2024,15.3,14.8,x,x,14800,x,15300
Quebec,"Information, culture and recreation",Women,55 years and over,2025,12.6,12.2,x,x,12200,x,12600
Quebec,Accommodation and food services,Men,15 to 24 years,2021,39.1,35.9,3.2,8.2,35900,3200,39100
Quebec,Accommodation and food services,Men,15 to 24 years,2022,49,46.1,2.8,5.7,46100,2800,49000
Quebec,Accommodation and food services,Men,15 to 24 years,2023,58.9,55.4,3.5,5.9,55400,3500,58900
Quebec,Accommodation and food services,Men,15 to 24 years,2024,53.9,50.5,3.5,6.5,50500,3500,53900
Quebec,Accommodation and food services,Men,15 to 24 years,2025,47.6,44.6,3.1,6.5,44600,3100,47600
Quebec,Accommodation and food services,Men,25 to 54 years,2021,37.8,33.4,4.4,11.6,33400,4400,37800
Quebec,Accommodation and food services,Men,25 to 54 years,2022,39.1,37.2,2,5.1,37200,2000,39100
Quebec,Accommodation and food services,Men,25 to 54 years,2023,45.7,43,2.7,5.9,43000,2700,45700
Quebec,Accommodation and food services,Men,25 to 54 years,2024,62.1,58.5,3.6,5.8,58500,3600,62100
Quebec,Accommodation and food services,Men,25 to 54 years,2025,57.7,54.9,2.8,4.9,54900,2800,57700
Quebec,Accommodation and food services,Men,55 years and over,2021,15.2,13.7,1.6,10.5,13700,1600,15200
Quebec,Accommodation and food services,Men,55 years and over,2022,12.8,11.1,1.7,13.3,11100,1700,12800
Quebec,Accommodation and food services,Men,55 years and over,2023,17.3,16.3,x,x,16300,x,17300
Quebec,Accommodation and food services,Men,55 years and over,2024,15.6,14,1.6,10.3,14000,1600,15600
Quebec,Accommodation and food services,Men,55 years and over,2025,13.9,13.3,x,x,13300,x,13900
Quebec,Accommodation and food services,Women,15 to 24 years,2021,44.8,42,2.8,6.3,42000,2800,44800
Quebec,Accommodation and food services,Women,15 to 24 years,2022,57.2,54.4,2.8,4.9,54400,2800,57200
Quebec,Accommodation and food services,Women,15 to 24 years,2023,59.7,57.3,2.4,4,57300,2400,59700
Quebec,Accommodation and food services,Women,15 to 24 years,2024,62.5,58.9,3.7,5.9,58900,3700,62500
Quebec,Accommodation and food services,Women,15 to 24 years,2025,67.5,65.1,2.4,3.6,65100,2400,67500
Quebec,Accommodation and food services,Women,25 to 54 years,2021,45,39.6,5.4,12,39600,5400,45000
Quebec,Accommodation and food services,Women,25 to 54 years,2022,43.3,40.8,2.5,5.8,40800,2500,43300
Quebec,Accommodation and food services,Women,25 to 54 years,2023,50.5,48.2,2.4,4.8,48200,2400,50500
Quebec,Accommodation and food services,Women,25 to 54 years,2024,47.6,44.7,2.9,6.1,44700,2900,47600
Quebec,Accommodation and food services,Women,25 to 54 years,2025,55.7,52.5,3.2,5.7,52500,3200,55700
Quebec,Accommodation and food services,Women,55 years and over,2021,19.8,16.2,3.6,18.2,16200,3600,19800
Quebec,Accommodation and food services,Women,55 years and over,2022,14,12.7,x,x,12700,x,14000
Quebec,Accommodation and food services,Women,55 years and over,2023,16.7,14.8,1.9,11.4,14800,1900,16700
Quebec,Accommodation and food services,Women,55 years and over,2024,17.2,16.1,x,x,16100,x,17200
Quebec,Accommodation and food services,Women,55 years and over,2025,16.2,15.5,x,x,15500,x,16200
Quebec,Other services (except public administration),Men,15 to 24 years,2021,9.3,8.8,x,x,8800,x,9300
Quebec,Other services (except public administration),Men,15 to 24 years,2022,6.7,6.5,x,x,6500,x,6700
Quebec,Other services (except public administration),Men,15 to 24 years,2023,9.4,8.1,x,x,8100,x,9400
Quebec,Other services (except public administration),Men,15 to 24 years,2024,14.4,13.5,x,x,13500,x,14400
Quebec,Other services (except public administration),Men,15 to 24 years,2025,9.4,9,x,x,9000,x,9400
Quebec,Other services (except public administration),Men,25 to 54 years,2021,44.8,43.2,1.6,3.6,43200,1600,44800
Quebec,Other services (except public administration),Men,25 to 54 years,2022,51.6,50.8,x,x,50800,x,51600
Quebec,Other services (except public administration),Men,25 to 54 years,2023,57.2,55.6,1.5,2.6,55600,1500,57200
Quebec,Other services (except public administration),Men,25 to 54 years,2024,59.1,57.2,1.9,3.2,57200,1900,59100
Quebec,Other services (except public administration),Men,25 to 54 years,2025,54.3,53.1,x,x,53100,x,54300
Quebec,Other services (except public administration),Men,55 years and over,2021,26.4,25.5,x,x,25500,x,26400
Quebec,Other services (except public administration),Men,55 years and over,2022,23.8,23.5,x,x,23500,x,23800
Quebec,Other services (except public administration),Men,55 years and over,2023,26.2,25.6,x,x,25600,x,26200
Quebec,Other services (except public administration),Men,55 years and over,2024,24.8,24.5,x,x,24500,x,24800
Quebec,Other services (except public administration),Men,55 years and over,2025,22.4,22.2,x,x,22200,x,22400
Quebec,Other services (except public administration),Women,15 to 24 years,2021,7.1,6.6,x,x,6600,x,7100
Quebec,Other services (except public administration),Women,15 to 24 years,2022,5.9,5.7,x,x,5700,x,5900
Quebec,Other services (except public administration),Women,15 to 24 years,2023,11.6,11.4,x,x,11400,x,11600
Quebec,Other services (except public administration),Women,15 to 24 years,2024,9.3,8.7,x,x,8700,x,9300
Quebec,Other services (except public administration),Women,15 to 24 years,2025,9.6,9.2,x,x,9200,x,9600
Quebec,Other services (except public administration),Women,25 to 54 years,2021,52.6,50.5,2.1,4,50500,2100,52600
Quebec,Other services (except public administration),Women,25 to 54 years,2022,51.6,51,x,x,51000,x,51600
Quebec,Other services (except public administration),Women,25 to 54 years,2023,61,58.7,2.2,3.6,58700,2200,61000
Quebec,Other services (except public administration),Women,25 to 54 years,2024,56,53.8,2.2,3.9,53800,2200,56000
Quebec,Other services (except public administration),Women,25 to 54 years,2025,57.4,56.1,x,x,56100,x,57400
Quebec,Other services (except public administration),Women,55 years and over,2021,23.7,23.4,x,x,23400,x,23700
Quebec,Other services (except public administration),Women,55 years and over,2022,24.5,24.3,x,x,24300,x,24500
Quebec,Other services (except public administration),Women,55 years and over,2023,21.1,20.5,x,x,20500,x,21100
Quebec,Other services (except public administration),Women,55 years and over,2024,22.1,21.7,x,x,21700,x,22100
Quebec,Other services (except public administration),Women,55 years and over,2025,23.6,23,x,x,23000,x,23600
Quebec,Public administration,Men,15 to 24 years,2021,8.5,6.9,1.6,18.8,6900,1600,8500
Quebec,Public administration,Men,15 to 24 years,2022,7.4,6.4,x,x,6400,x,7400
Quebec,Public administration,Men,15 to 24 years,2023,7.4,7,x,x,7000,x,7400
Quebec,Public administration,Men,15 to 24 years,2024,10.5,10,x,x,10000,x,10500
Quebec,Public administration,Men,15 to 24 years,2025,13.5,12.9,x,x,12900,x,13500
Quebec,Public administration,Men,25 to 54 years,2021,97.2,96.4,x,x,96400,x,97200
Quebec,Public administration,Men,25 to 54 years,2022,97.9,96.9,x,x,96900,x,97900
Quebec,Public administration,Men,25 to 54 years,2023,99.5,98.8,x,x,98800,x,99500
Quebec,Public administration,Men,25 to 54 years,2024,96.9,95.8,x,x,95800,x,96900
Quebec,Public administration,Men,25 to 54 years,2025,106,103.9,2.1,2,103900,2100,106000
Quebec,Public administration,Men,55 years and over,2021,30.2,29.7,x,x,29700,x,30200
Quebec,Public administration,Men,55 years and over,2022,25.4,24.6,x,x,24600,x,25400
Quebec,Public administration,Men,55 years and over,2023,26.5,26.4,x,x,26400,x,26500
Quebec,Public administration,Men,55 years and over,2024,31.7,31,x,x,31000,x,31700
Quebec,Public administration,Men,55 years and over,2025,25.4,24.9,x,x,24900,x,25400
Quebec,Public administration,Women,15 to 24 years,2021,9.1,9,x,x,9000,x,9100
Quebec,Public administration,Women,15 to 24 years,2022,11.2,11,x,x,11000,x,11200
Quebec,Public administration,Women,15 to 24 years,2023,8.5,8,x,x,8000,x,8500
Quebec,Public administration,Women,15 to 24 years,2024,10.1,9.7,x,x,9700,x,10100
Quebec,Public administration,Women,15 to 24 years,2025,7.7,7,x,x,7000,x,7700
Quebec,Public administration,Women,25 to 54 years,2021,98.2,97.8,x,x,97800,x,98200
Quebec,Public administration,Women,25 to 54 years,2022,114.4,113.4,x,x,113400,x,114400
Quebec,Public administration,Women,25 to 54 years,2023,121.1,120.3,x,x,120300,x,121100
Quebec,Public administration,Women,25 to 54 years,2024,116.9,116.4,x,x,116400,x,116900
Quebec,Public administration,Women,25 to 54 years,2025,124.5,122.6,2,1.6,122600,2000,124500
Quebec,Public administration,Women,55 years and over,2021,22.3,22,x,x,22000,x,22300
Quebec,Public administration,Women,55 years and over,2022,24.2,23.9,x,x,23900,x,24200
Quebec,Public administration,Women,55 years and over,2023,28.1,27.3,x,x,27300,x,28100
Quebec,Public administration,Women,55 years and over,2024,28.8,28.7,x,x,28700,x,28800
Quebec,Public administration,Women,55 years and over,2025,24.4,23.7,x,x,23700,x,24400
Ontario,Agriculture,Men,15 to 24 years,2021,6.6,6.2,x,x,6200,x,6600
Ontario,Agriculture,Men,15 to 24 years,2022,7.1,6.7,x,x,6700,x,7100
Ontario,Agriculture,Men,15 to 24 years,2023,5.2,5,x,x,5000,x,5200
Ontario,Agriculture,Men,15 to 24 years,2024,6,5.8,x,x,5800,x,6000
Ontario,Agriculture,Men,15 to 24 years,2025,7.1,6.3,x,x,6300,x,7100
Ontario,Agriculture,Men,25 to 54 years,2021,19.5,18.5,x,x,18500,x,19500
Ontario,Agriculture,Men,25 to 54 years,2022,26.4,25.7,x,x,25700,x,26400
Ontario,Agriculture,Men,25 to 54 years,2023,22.7,22.2,x,x,22200,x,22700
Ontario,Agriculture,Men,25 to 54 years,2024,24.6,22.8,1.8,7.3,22800,1800,24600
Ontario,Agriculture,Men,25 to 54 years,2025,21.7,21.2,x,x,21200,x,21700
Ontario,Agriculture,Men,55 years and over,2021,17.8,17.2,x,x,17200,x,17800
Ontario,Agriculture,Men,55 years and over,2022,16,16,x,x,16000,x,16000
Ontario,Agriculture,Men,55 years and over,2023,23,22.7,x,x,22700,x,23000
Ontario,Agriculture,Men,55 years and over,2024,19.3,19.2,x,x,19200,x,19300
Ontario,Agriculture,Men,55 years and over,2025,14.2,14.1,x,x,14100,x,14200
Ontario,Agriculture,Women,15 to 24 years,2021,6.2,5.9,x,x,5900,x,6200
Ontario,Agriculture,Women,15 to 24 years,2022,3.9,3.5,x,x,3500,x,3900
Ontario,Agriculture,Women,15 to 24 years,2023,4.5,4.1,x,x,4100,x,4500
Ontario,Agriculture,Women,15 to 24 years,2024,4.3,3.9,x,x,3900,x,4300
Ontario,Agriculture,Women,15 to 24 years,2025,6.3,5.6,x,x,5600,x,6300
Ontario,Agriculture,Women,25 to 54 years,2021,12.3,11.9,x,x,11900,x,12300
Ontario,Agriculture,Women,25 to 54 years,2022,13.6,13.4,x,x,13400,x,13600
Ontario,Agriculture,Women,25 to 54 years,2023,13.5,12.9,x,x,12900,x,13500
Ontario,Agriculture,Women,25 to 54 years,2024,12.4,12,x,x,12000,x,12400
Ontario,Agriculture,Women,25 to 54 years,2025,12.2,11.6,x,x,11600,x,12200
Ontario,Agriculture,Women,55 years and over,2021,7.1,6.9,x,x,6900,x,7100
Ontario,Agriculture,Women,55 years and over,2022,7,6.9,x,x,6900,x,7000
Ontario,Agriculture,Women,55 years and over,2023,10.7,10.5,x,x,10500,x,10700
Ontario,Agriculture,Women,55 years and over,2024,8.4,8.2,x,x,8200,x,8400
Ontario,Agriculture,Women,55 years and over,2025,7,6.5,x,x,6500,x,7000
Ontario,"Forestry, fishing, mining, quarrying, oil and gas",Men,15 to 24 years,2021,2.6,2.5,x,x,2500,x,2600
Ontario,"Forestry, fishing, mining, quarrying, oil and gas",Men,15 to 24 years,2022,2.8,2.5,x,x,2500,x,2800
Ontario,"Forestry, fishing, mining, quarrying, oil and gas",Men,15 to 24 years,2023,4.2,3.8,x,x,3800,x,4200
Ontario,"Forestry, fishing, mining, quarrying, oil and gas",Men,15 to 24 years,2024,3.6,3.2,x,x,3200,x,3600
Ontario,"Forestry, fishing, mining, quarrying, oil and gas",Men,15 to 24 years,2025,4.4,4.2,x,x,4200,x,4400
Ontario,"Forestry, fishing, mining, quarrying, oil and gas",Men,25 to 54 years,2021,19.9,19.5,x,x,19500,x,19900
Ontario,"Forestry, fishing, mining, quarrying, oil and gas",Men,25 to 54 years,2022,24.5,23.3,x,x,23300,x,24500
Ontario,"Forestry, fishing, mining, quarrying, oil and gas",Men,25 to 54 years,2023,27.1,25.5,1.6,5.9,25500,1600,27100
Ontario,"Forestry, fishing, mining, quarrying, oil and gas",Men,25 to 54 years,2024,26.6,25.2,x,x,25200,x,26600
Ontario,"Forestry, fishing, mining, quarrying, oil and gas",Men,25 to 54 years,2025,27.3,26.1,x,x,26100,x,27300
Ontario,"Forestry, fishing, mining, quarrying, oil and gas",Men,55 years and over,2021,8.1,7.3,x,x,7300,x,8100
Ontario,"Forestry, fishing, mining, quarrying, oil and gas",Men,55 years and over,2022,7,6.3,x,x,6300,x,7000
Ontario,"Forestry, fishing, mining, quarrying, oil and gas",Men,55 years and over,2023,8.2,7.7,x,x,7700,x,8200
Ontario,"Forestry, fishing, mining, quarrying, oil and gas",Men,55 years and over,2024,8.7,7.8,x,x,7800,x,8700
Ontario,"Forestry, fishing, mining, quarrying, oil and gas",Men,55 years and over,2025,7.4,6.6,x,x,6600,x,7400
Ontario,"Forestry, fishing, mining, quarrying, oil and gas",Women,15 to 24 years,2021,x,x,x,x,x,x,x
Ontario,"Forestry, fishing, mining, quarrying, oil and gas",Women,15 to 24 years,2022,x,x,x,x,x,x,x
Ontario,"Forestry, fishing, mining, quarrying, oil and gas",Women,15 to 24 years,2023,x,x,x,x,x,x,x
Ontario,"Forestry, fishing, mining, quarrying, oil and gas",Women,15 to 24 years,2024,x,x,x,x,x,x,x
Ontario,"Forestry, fishing, mining, quarrying, oil and gas",Women,15 to 24 years,2025,1.5,x,x,x,x,x,1500
Ontario,"Forestry, fishing, mining, quarrying, oil and gas",Women,25 to 54 years,2021,4,3.8,x,x,3800,x,4000
Ontario,"Forestry, fishing, mining, quarrying, oil and gas",Women,25 to 54 years,2022,5.8,5.4,x,x,5400,x,5800
Ontario,"Forestry, fishing, mining, quarrying, oil and gas",Women,25 to 54 years,2023,4.8,4.7,x,x,4700,x,4800
Ontario,"Forestry, fishing, mining, quarrying, oil and gas",Women,25 to 54 years,2024,5.4,5.3,x,x,5300,x,5400
Ontario,"Forestry, fishing, mining, quarrying, oil and gas",Women,25 to 54 years,2025,5.9,5.4,x,x,5400,x,5900
Ontario,"Forestry, fishing, mining, quarrying, oil and gas",Women,55 years and over,2021,1.6,1.6,x,x,1600,x,1600
Ontario,"Forestry, fishing, mining, quarrying, oil and gas",Women,55 years and over,2022,x,x,x,x,x,x,x
Ontario,"Forestry, fishing, mining, quarrying, oil and gas",Women,55 years and over,2023,x,x,x,x,x,x,x
Ontario,"Forestry, fishing, mining, quarrying, oil and gas",Women,55 years and over,2024,x,x,x,x,x,x,x
Ontario,"Forestry, fishing, mining, quarrying, oil and gas",Women,55 years and over,2025,x,x,x,x,x,x,x
Ontario,Utilities,Men,15 to 24 years,2021,2.3,2.1,x,x,2100,x,2300
Ontario,Utilities,Men,15 to 24 years,2022,2.3,2.3,x,x,2300,x,2300
Ontario,Utilities,Men,15 to 24 years,2023,2.6,2.2,x,x,2200,x,2600
Ontario,Utilities,Men,15 to 24 years,2024,1.9,1.8,x,x,1800,x,1900
Ontario,Utilities,Men,15 to 24 years,2025,2.6,2.6,x,x,2600,x,2600
Ontario,Utilities,Men,25 to 54 years,2021,30.7,30.2,x,x,30200,x,30700
Ontario,Utilities,Men,25 to 54 years,2022,36.6,36.4,x,x,36400,x,36600
Ontario,Utilities,Men,25 to 54 years,2023,37.3,37.1,x,x,37100,x,37300
Ontario,Utilities,Men,25 to 54 years,2024,33.7,33.4,x,x,33400,x,33700
Ontario,Utilities,Men,25 to 54 years,2025,40.2,39,x,x,39000,x,40200
Ontario,Utilities,Men,55 years and over,2021,7.6,7.3,x,x,7300,x,7600
Ontario,Utilities,Men,55 years and over,2022,8.1,8.1,x,x,8100,x,8100
Ontario,Utilities,Men,55 years and over,2023,8.2,8,x,x,8000,x,8200
Ontario,Utilities,Men,55 years and over,2024,10.2,10,x,x,10000,x,10200
Ontario,Utilities,Men,55 years and over,2025,8.2,8.1,x,x,8100,x,8200
Ontario,Utilities,Women,15 to 24 years,2021,x,x,x,x,x,x,x
Ontario,Utilities,Women,15 to 24 years,2022,x,x,x,x,x,x,x
Ontario,Utilities,Women,15 to 24 years,2023,x,x,x,x,x,x,x
Ontario,Utilities,Women,15 to 24 years,2024,x,x,x,x,x,x,x
Ontario,Utilities,Women,15 to 24 years,2025,x,x,x,x,x,x,x
Ontario,Utilities,Women,25 to 54 years,2021,10.8,10.7,x,x,10700,x,10800
Ontario,Utilities,Women,25 to 54 years,2022,11.1,11.1,x,x,11100,x,11100
Ontario,Utilities,Women,25 to 54 years,2023,12.8,12.8,x,x,12800,x,12800
Ontario,Utilities,Women,25 to 54 years,2024,10,9.9,x,x,9900,x,10000
Ontario,Utilities,Women,25 to 54 years,2025,12.2,12.1,x,x,12100,x,12200
Ontario,Utilities,Women,55 years and over,2021,2.6,2.6,x,x,2600,x,2600
Ontario,Utilities,Women,55 years and over,2022,3.1,3,x,x,3000,x,3100
Ontario,Utilities,Women,55 years and over,2023,4.1,4,x,x,4000,x,4100
Ontario,Utilities,Women,55 years and over,2024,4,4,x,x,4000,x,4000
Ontario,Utilities,Women,55 years and over,2025,3.6,3.6,x,x,3600,x,3600
Ontario,Construction,Men,15 to 24 years,2021,60.1,56.3,3.8,6.3,56300,3800,60100
Ontario,Construction,Men,15 to 24 years,2022,66.3,61.3,5,7.5,61300,5000,66300
Ontario,Construction,Men,15 to 24 years,2023,67.3,61.5,5.9,8.8,61500,5900,67300
Ontario,Construction,Men,15 to 24 years,2024,64.8,59.4,5.4,8.3,59400,5400,64800
Ontario,Construction,Men,15 to 24 years,2025,70.6,62.9,7.8,11,62900,7800,70600
Ontario,Construction,Men,25 to 54 years,2021,340,323.3,16.7,4.9,323300,16700,340000
Ontario,Construction,Men,25 to 54 years,2022,359.3,348.7,10.6,3,348700,10600,359300
Ontario,Construction,Men,25 to 54 years,2023,375.4,357,18.4,4.9,357000,18400,375400
Ontario,Construction,Men,25 to 54 years,2024,358.7,341.4,17.3,4.8,341400,17300,358700
Ontario,Construction,Men,25 to 54 years,2025,365.4,342,23.4,6.4,342000,23400,365400
Ontario,Construction,Men,55 years and over,2021,102.7,97.9,4.8,4.7,97900,4800,102700
Ontario,Construction,Men,55 years and over,2022,116.6,111.7,4.9,4.2,111700,4900,116600
Ontario,Construction,Men,55 years and over,2023,112.8,108.1,4.7,4.2,108100,4700,112800
Ontario,Construction,Men,55 years and over,2024,106.5,99.8,6.7,6.3,99800,6700,106500
Ontario,Construction,Men,55 years and over,2025,101.1,95.8,5.4,5.3,95800,5400,101100
Ontario,Construction,Women,15 to 24 years,2021,6.2,6,x,x,6000,x,6200
Ontario,Construction,Women,15 to 24 years,2022,5.4,5.2,x,x,5200,x,5400
Ontario,Construction,Women,15 to 24 years,2023,5.2,4.9,x,x,4900,x,5200
Ontario,Construction,Women,15 to 24 years,2024,6.6,6.1,x,x,6100,x,6600
Ontario,Construction,Women,15 to 24 years,2025,7.7,7.3,x,x,7300,x,7700
Ontario,Construction,Women,25 to 54 years,2021,45.3,43.7,1.7,3.8,43700,1700,45300
Ontario,Construction,Women,25 to 54 years,2022,45.4,44,x,x,44000,x,45400
Ontario,Construction,Women,25 to 54 years,2023,55.2,53.2,2.1,3.8,53200,2100,55200
Ontario,Construction,Women,25 to 54 years,2024,55.3,53.5,1.8,3.3,53500,1800,55300
Ontario,Construction,Women,25 to 54 years,2025,59,55.9,3.1,5.3,55900,3100,59000
Ontario,Construction,Women,55 years and over,2021,16.8,15.9,x,x,15900,x,16800
Ontario,Construction,Women,55 years and over,2022,18.1,17.5,x,x,17500,x,18100
Ontario,Construction,Women,55 years and over,2023,21.1,20.8,x,x,20800,x,21100
Ontario,Construction,Women,55 years and over,2024,19.1,18.8,x,x,18800,x,19100
Ontario,Construction,Women,55 years and over,2025,14.3,13.7,x,x,13700,x,14300
Ontario,Manufacturing,Men,15 to 24 years,2021,49.5,45.8,3.7,7.5,45800,3700,49500
Ontario,Manufacturing,Men,15 to 24 years,2022,55.9,51.7,4.2,7.5,51700,4200,55900
Ontario,Manufacturing,Men,15 to 24 years,2023,50.5,46.3,4.2,8.3,46300,4200,50500
Ontario,Manufacturing,Men,15 to 24 years,2024,53.2,49,4.1,7.7,49000,4100,53200
Ontario,Manufacturing,Men,15 to 24 years,2025,45.8,42.9,2.9,6.3,42900,2900,45800
Ontario,Manufacturing,Men,25 to 54 years,2021,357.8,342.2,15.5,4.3,342200,15500,357800
Ontario,Manufacturing,Men,25 to 54 years,2022,367.6,357.6,10,2.7,357600,10000,367600
Ontario,Manufacturing,Men,25 to 54 years,2023,373.1,363.5,9.6,2.6,363500,9600,373100
Ontario,Manufacturing,Men,25 to 54 years,2024,383.8,369.3,14.5,3.8,369300,14500,383800
Ontario,Manufacturing,Men,25 to 54 years,2025,401.4,384.9,16.4,4.1,384900,16400,401400
Ontario,Manufacturing,Men,55 years and over,2021,163,154.9,8.1,5,154900,8100,163000
Ontario,Manufacturing,Men,55 years and over,2022,161.3,158.1,3.3,2,158100,3300,161300
Ontario,Manufacturing,Men,55 years and over,2023,168.9,164.7,4.2,2.5,164700,4200,168900
Ontario,Manufacturing,Men,55 years and over,2024,162.2,157.5,4.7,2.9,157500,4700,162200
Ontario,Manufacturing,Men,55 years and over,2025,166.2,159.9,6.3,3.8,159900,6300,166200
Ontario,Manufacturing,Women,15 to 24 years,2021,20.5,18.6,1.8,8.8,18600,1800,20500
Ontario,Manufacturing,Women,15 to 24 years,2022,16.8,15.9,x,x,15900,x,16800
Ontario,Manufacturing,Women,15 to 24 years,2023,24.4,23.3,x,x,23300,x,24400
Ontario,Manufacturing,Women,15 to 24 years,2024,20.2,18.8,1.5,7.4,18800,1500,20200
Ontario,Manufacturing,Women,15 to 24 years,2025,17.5,16.6,x,x,16600,x,17500
Ontario,Manufacturing,Women,25 to 54 years,2021,162.3,155,7.3,4.5,155000,7300,162300
Ontario,Manufacturing,Women,25 to 54 years,2022,159.7,153.6,6.1,3.8,153600,6100,159700
Ontario,Manufacturing,Women,25 to 54 years,2023,171,167.5,3.5,2,167500,3500,171000
Ontario,Manufacturing,Women,25 to 54 years,2024,168.7,162.2,6.5,3.9,162200,6500,168700
Ontario,Manufacturing,Women,25 to 54 years,2025,153.3,147.5,5.8,3.8,147500,5800,153300
Ontario,Manufacturing,Women,55 years and over,2021,70.2,65.7,4.5,6.4,65700,4500,70200
Ontario,Manufacturing,Women,55 years and over,2022,62.6,60.8,1.8,2.9,60800,1800,62600
Ontario,Manufacturing,Women,55 years and over,2023,65.2,63.2,2,3.1,63200,2000,65200
Ontario,Manufacturing,Women,55 years and over,2024,75.9,73.3,2.6,3.4,73300,2600,75900
Ontario,Manufacturing,Women,55 years and over,2025,71.8,69.9,1.9,2.6,69900,1900,71800
Ontario,Wholesale and retail trade,Men,15 to 24 years,2021,145,133.6,11.4,7.9,133600,11400,145000
Ontario,Wholesale and retail trade,Men,15 to 24 years,2022,144.2,135.7,8.6,6,135700,8600,144200
Ontario,Wholesale and retail trade,Men,15 to 24 years,2023,148.4,140.5,7.9,5.3,140500,7900,148400
Ontario,Wholesale and retail trade,Men,15 to 24 years,2024,142.5,131,11.5,8.1,131000,11500,142500
Ontario,Wholesale and retail trade,Men,15 to 24 years,2025,138.5,130.5,8,5.8,130500,8000,138500
Ontario,Wholesale and retail trade,Men,25 to 54 years,2021,330.4,315.7,14.6,4.4,315700,14600,330400
Ontario,Wholesale and retail trade,Men,25 to 54 years,2022,333,324.6,8.4,2.5,324600,8400,333000
Ontario,Wholesale and retail trade,Men,25 to 54 years,2023,340.6,331.1,9.5,2.8,331100,9500,340600
Ontario,Wholesale and retail trade,Men,25 to 54 years,2024,360.5,347.4,13.1,3.6,347400,13100,360500
Ontario,Wholesale and retail trade,Men,25 to 54 years,2025,362,348.6,13.4,3.7,348600,13400,362000
Ontario,Wholesale and retail trade,Men,55 years and over,2021,135.4,131.4,4,3,131400,4000,135400
Ontario,Wholesale and retail trade,Men,55 years and over,2022,135.4,134.2,x,x,134200,x,135400
Ontario,Wholesale and retail trade,Men,55 years and over,2023,138.3,136.5,1.8,1.3,136500,1800,138300
Ontario,Wholesale and retail trade,Men,55 years and over,2024,138.7,135.5,3.2,2.3,135500,3200,138700
Ontario,Wholesale and retail trade,Men,55 years and over,2025,134.3,130.5,3.8,2.8,130500,3800,134300
Ontario,Wholesale and retail trade,Women,15 to 24 years,2021,139.1,126,13.1,9.4,126000,13100,139100
Ontario,Wholesale and retail trade,Women,15 to 24 years,2022,151.5,145.3,6.3,4.2,145300,6300,151500
Ontario,Wholesale and retail trade,Women,15 to 24 years,2023,135.1,124.9,10.2,7.5,124900,10200,135100
Ontario,Wholesale and retail trade,Women,15 to 24 years,2024,129.6,120.3,9.3,7.2,120300,9300,129600
Ontario,Wholesale and retail trade,Women,15 to 24 years,2025,143.5,134.8,8.7,6.1,134800,8700,143500
Ontario,Wholesale and retail trade,Women,25 to 54 years,2021,297.9,283.5,14.3,4.8,283500,14300,297900
Ontario,Wholesale and retail trade,Women,25 to 54 years,2022,298.9,290.4,8.5,2.8,290400,8500,298900
Ontario,Wholesale and retail trade,Women,25 to 54 years,2023,291.6,282.4,9.3,3.2,282400,9300,291600
Ontario,Wholesale and retail trade,Women,25 to 54 years,2024,284.8,275.3,9.5,3.3,275300,9500,284800
Ontario,Wholesale and retail trade,Women,25 to 54 years,2025,292.9,284,8.9,3,284000,8900,292900
Ontario,Wholesale and retail trade,Women,55 years and over,2021,120.8,114.5,6.3,5.2,114500,6300,120800
Ontario,Wholesale and retail trade,Women,55 years and over,2022,123.7,121.7,2,1.6,121700,2000,123700
Ontario,Wholesale and retail trade,Women,55 years and over,2023,126.7,123.8,2.9,2.3,123800,2900,126700
Ontario,Wholesale and retail trade,Women,55 years and over,2024,118.1,115.9,2.2,1.9,115900,2200,118100
Ontario,Wholesale and retail trade,Women,55 years and over,2025,126,122.4,3.6,2.9,122400,3600,126000
Ontario,Transportation and warehousing,Men,15 to 24 years,2021,19.9,17.3,2.6,13.1,17300,2600,19900
Ontario,Transportation and warehousing,Men,15 to 24 years,2022,16.8,15.1,1.7,10.1,15100,1700,16800
Ontario,Transportation and warehousing,Men,15 to 24 years,2023,21.3,19.7,1.5,7,19700,1500,21300
Ontario,Transportation and warehousing,Men,15 to 24 years,2024,24.3,21.8,2.5,10.3,21800,2500,24300
Ontario,Transportation and warehousing,Men,15 to 24 years,2025,24,21.8,2.1,8.8,21800,2100,24000
Ontario,Transportation and warehousing,Men,25 to 54 years,2021,188.6,179.7,8.9,4.7,179700,8900,188600
Ontario,Transportation and warehousing,Men,25 to 54 years,2022,191.1,188.7,2.4,1.3,188700,2400,191100
Ontario,Transportation and warehousing,Men,25 to 54 years,2023,210.1,205.4,4.7,2.2,205400,4700,210100
Ontario,Transportation and warehousing,Men,25 to 54 years,2024,221.3,213.6,7.7,3.5,213600,7700,221300
Ontario,Transportation and warehousing,Men,25 to 54 years,2025,228.3,219,9.3,4.1,219000,9300,228300
Ontario,Transportation and warehousing,Men,55 years and over,2021,89.4,85.4,4,4.5,85400,4000,89400
Ontario,Transportation and warehousing,Men,55 years and over,2022,81.1,78,3.1,3.8,78000,3100,81100
Ontario,Transportation and warehousing,Men,55 years and over,2023,80.7,78.8,1.9,2.4,78800,1900,80700
Ontario,Transportation and warehousing,Men,55 years and over,2024,89.9,87.2,2.7,3,87200,2700,89900
Ontario,Transportation and warehousing,Men,55 years and over,2025,79.8,77.1,2.7,3.4,77100,2700,79800
Ontario,Transportation and warehousing,Women,15 to 24 years,2021,3.5,3.5,x,x,3500,x,3500
Ontario,Transportation and warehousing,Women,15 to 24 years,2022,7.9,7.6,x,x,7600,x,7900
Ontario,Transportation and warehousing,Women,15 to 24 years,2023,6.3,5.7,x,x,5700,x,6300
Ontario,Transportation and warehousing,Women,15 to 24 years,2024,3.5,3.3,x,x,3300,x,3500
Ontario,Transportation and warehousing,Women,15 to 24 years,2025,4.8,4.3,x,x,4300,x,4800
Ontario,Transportation and warehousing,Women,25 to 54 years,2021,53.4,51,2.4,4.5,51000,2400,53400
Ontario,Transportation and warehousing,Women,25 to 54 years,2022,66.7,65,1.7,2.5,65000,1700,66700
Ontario,Transportation and warehousing,Women,25 to 54 years,2023,68.1,65.8,2.3,3.4,65800,2300,68100
Ontario,Transportation and warehousing,Women,25 to 54 years,2024,71,68.3,2.7,3.8,68300,2700,71000
Ontario,Transportation and warehousing,Women,25 to 54 years,2025,76.5,74.3,2.2,2.9,74300,2200,76500
Ontario,Transportation and warehousing,Women,55 years and over,2021,30.1,28.2,1.9,6.3,28200,1900,30100
Ontario,Transportation and warehousing,Women,55 years and over,2022,27.2,26.3,x,x,26300,x,27200
Ontario,Transportation and warehousing,Women,55 years and over,2023,27.3,26.3,x,x,26300,x,27300
Ontario,Transportation and warehousing,Women,55 years and over,2024,28.8,27.6,x,x,27600,x,28800
Ontario,Transportation and warehousing,Women,55 years and over,2025,22.1,21.3,x,x,21300,x,22100
Ontario,"Finance, insurance, real estate, rental and leasing",Men,15 to 24 years,2021,11.9,11.6,x,x,11600,x,11900
Ontario,"Finance, insurance, real estate, rental and leasing",Men,15 to 24 years,2022,20.1,19.9,x,x,19900,x,20100
Ontario,"Finance, insurance, real estate, rental and leasing",Men,15 to 24 years,2023,21.8,19.9,1.9,8.7,19900,1900,21800
Ontario,"Finance, insurance, real estate, rental and leasing",Men,15 to 24 years,2024,22.2,21.5,x,x,21500,x,22200
Ontario,"Finance, insurance, real estate, rental and leasing",Men,15 to 24 years,2025,27.5,26.1,1.5,5.5,26100,1500,27500
Ontario,"Finance, insurance, real estate, rental and leasing",Men,25 to 54 years,2021,230.4,227.6,2.8,1.2,227600,2800,230400
Ontario,"Finance, insurance, real estate, rental and leasing",Men,25 to 54 years,2022,243.5,239.6,3.9,1.6,239600,3900,243500
Ontario,"Finance, insurance, real estate, rental and leasing",Men,25 to 54 years,2023,241,236.5,4.5,1.9,236500,4500,241000
Ontario,"Finance, insurance, real estate, rental and leasing",Men,25 to 54 years,2024,263.1,257.2,5.9,2.2,257200,5900,263100
Ontario,"Finance, insurance, real estate, rental and leasing",Men,25 to 54 years,2025,274,266.1,7.9,2.9,266100,7900,274000
Ontario,"Finance, insurance, real estate, rental and leasing",Men,55 years and over,2021,74.1,72.5,1.6,2.2,72500,1600,74100
Ontario,"Finance, insurance, real estate, rental and leasing",Men,55 years and over,2022,79.7,78.6,x,x,78600,x,79700
Ontario,"Finance, insurance, real estate, rental and leasing",Men,55 years and over,2023,75.7,74.8,x,x,74800,x,75700
Ontario,"Finance, insurance, real estate, rental and leasing",Men,55 years and over,2024,80.4,78.9,1.5,1.9,78900,1500,80400
Ontario,"Finance, insurance, real estate, rental and leasing",Men,55 years and over,2025,78.3,77.7,x,x,77700,x,78300
Ontario,"Finance, insurance, real estate, rental and leasing",Women,15 to 24 years,2021,15.3,14.5,x,x,14500,x,15300
Ontario,"Finance, insurance, real estate, rental and leasing",Women,15 to 24 years,2022,20.9,20.2,x,x,20200,x,20900
Ontario,"Finance, insurance, real estate, rental and leasing",Women,15 to 24 years,2023,16.9,16.2,x,x,16200,x,16900
Ontario,"Finance, insurance, real estate, rental and leasing",Women,15 to 24 years,2024,20.5,20.1,x,x,20100,x,20500
Ontario,"Finance, insurance, real estate, rental and leasing",Women,15 to 24 years,2025,18.2,16.7,1.5,8.2,16700,1500,18200
Ontario,"Finance, insurance, real estate, rental and leasing",Women,25 to 54 years,2021,236.6,231.1,5.5,2.3,231100,5500,236600
Ontario,"Finance, insurance, real estate, rental and leasing",Women,25 to 54 years,2022,243.6,239.8,3.9,1.6,239800,3900,243600
Ontario,"Finance, insurance, real estate, rental and leasing",Women,25 to 54 years,2023,262.3,257.3,5,1.9,257300,5000,262300
Ontario,"Finance, insurance, real estate, rental and leasing",Women,25 to 54 years,2024,264,256.6,7.4,2.8,256600,7400,264000
Ontario,"Finance, insurance, real estate, rental and leasing",Women,25 to 54 years,2025,262.8,256.6,6.3,2.4,256600,6300,262800
Ontario,"Finance, insurance, real estate, rental and leasing",Women,55 years and over,2021,72.9,72,x,x,72000,x,72900
Ontario,"Finance, insurance, real estate, rental and leasing",Women,55 years and over,2022,73.6,72.5,x,x,72500,x,73600
Ontario,"Finance, insurance, real estate, rental and leasing",Women,55 years and over,2023,75.2,74.8,x,x,74800,x,75200
Ontario,"Finance, insurance, real estate, rental and leasing",Women,55 years and over,2024,70.2,69,x,x,69000,x,70200
Ontario,"Finance, insurance, real estate, rental and leasing",Women,55 years and over,2025,76.4,74.8,1.6,2.1,74800,1600,76400
Ontario,"Professional, scientific and technical services",Men,15 to 24 years,2021,37.5,36.1,x,x,36100,x,37500
Ontario,"Professional, scientific and technical services",Men,15 to 24 years,2022,33.4,31.6,1.8,5.4,31600,1800,33400
Ontario,"Professional, scientific and technical services",Men,15 to 24 years,2023,31.4,29.4,2,6.4,29400,2000,31400
Ontario,"Professional, scientific and technical services",Men,15 to 24 years,2024,29,27.5,1.5,5.2,27500,1500,29000
Ontario,"Professional, scientific and technical services",Men,15 to 24 years,2025,34,32.7,x,x,32700,x,34000
Ontario,"Professional, scientific and technical services",Men,25 to 54 years,2021,309.1,301.4,7.7,2.5,301400,7700,309100
Ontario,"Professional, scientific and technical services",Men,25 to 54 years,2022,334.1,327.8,6.3,1.9,327800,6300,334100
Ontario,"Professional, scientific and technical services",Men,25 to 54 years,2023,366.9,354.9,12,3.3,354900,12000,366900
Ontario,"Professional, scientific and technical services",Men,25 to 54 years,2024,413.5,399.3,14.2,3.4,399300,14200,413500
Ontario,"Professional, scientific and technical services",Men,25 to 54 years,2025,408.6,394.4,14.2,3.5,394400,14200,408600
Ontario,"Professional, scientific and technical services",Men,55 years and over,2021,98.7,97.1,1.6,1.6,97100,1600,98700
Ontario,"Professional, scientific and technical services",Men,55 years and over,2022,95,94,x,x,94000,x,95000
Ontario,"Professional, scientific and technical services",Men,55 years and over,2023,94.1,91.2,2.9,3.1,91200,2900,94100
Ontario,"Professional, scientific and technical services",Men,55 years and over,2024,102.3,100.1,2.3,2.2,100100,2300,102300
Ontario,"Professional, scientific and technical services",Men,55 years and over,2025,104.6,102.7,1.9,1.8,102700,1900,104600
Ontario,"Professional, scientific and technical services",Women,15 to 24 years,2021,28.6,27.3,x,x,27300,x,28600
Ontario,"Professional, scientific and technical services",Women,15 to 24 years,2022,31.9,30.4,1.5,4.7,30400,1500,31900
Ontario,"Professional, scientific and technical services",Women,15 to 24 years,2023,28.7,27.7,x,x,27700,x,28700
Ontario,"Professional, scientific and technical services",Women,15 to 24 years,2024,29.4,28.6,x,x,28600,x,29400
Ontario,"Professional, scientific and technical services",Women,15 to 24 years,2025,28.5,26.9,1.7,6,26900,1700,28500
Ontario,"Professional, scientific and technical services",Women,25 to 54 years,2021,230.8,224.8,6.1,2.6,224800,6100,230800
Ontario,"Professional, scientific and technical services",Women,25 to 54 years,2022,255.5,249.6,5.9,2.3,249600,5900,255500
Ontario,"Professional, scientific and technical services",Women,25 to 54 years,2023,274.3,265.4,8.9,3.2,265400,8900,274300
Ontario,"Professional, scientific and technical services",Women,25 to 54 years,2024,287.2,277,10.2,3.6,277000,10200,287200
Ontario,"Professional, scientific and technical services",Women,25 to 54 years,2025,299.3,288,11.4,3.8,288000,11400,299300
Ontario,"Professional, scientific and technical services",Women,55 years and over,2021,72.6,70.3,2.2,3,70300,2200,72600
Ontario,"Professional, scientific and technical services",Women,55 years and over,2022,70.8,69.6,x,x,69600,x,70800
Ontario,"Professional, scientific and technical services",Women,55 years and over,2023,69.1,68.3,x,x,68300,x,69100
Ontario,"Professional, scientific and technical services",Women,55 years and over,2024,69.6,67.5,2.1,3,67500,2100,69600
Ontario,"Professional, scientific and technical services",Women,55 years and over,2025,67.5,66.4,x,x,66400,x,67500
Ontario,"Business, building and other support services",Men,15 to 24 years,2021,25.9,22.5,3.4,13.1,22500,3400,25900
Ontario,"Business, building and other support services",Men,15 to 24 years,2022,25.8,22.7,3.2,12.4,22700,3200,25800
Ontario,"Business, building and other support services",Men,15 to 24 years,2023,25.7,23.4,2.3,8.9,23400,2300,25700
Ontario,"Business, building and other support services",Men,15 to 24 years,2024,29.7,25.6,4.1,13.8,25600,4100,29700
Ontario,"Business, building and other support services",Men,15 to 24 years,2025,29.2,26.2,3,10.3,26200,3000,29200
Ontario,"Business, building and other support services",Men,25 to 54 years,2021,105.7,98.9,6.8,6.4,98900,6800,105700
Ontario,"Business, building and other support services",Men,25 to 54 years,2022,103.3,98.6,4.7,4.5,98600,4700,103300
Ontario,"Business, building and other support services",Men,25 to 54 years,2023,93.3,87.6,5.6,6,87600,5600,93300
Ontario,"Business, building and other support services",Men,25 to 54 years,2024,108.1,100.5,7.6,7,100500,7600,108100
Ontario,"Business, building and other support services",Men,25 to 54 years,2025,101.8,94.9,6.9,6.8,94900,6900,101800
Ontario,"Business, building and other support services",Men,55 years and over,2021,35.8,34.5,x,x,34500,x,35800
Ontario,"Business, building and other support services",Men,55 years and over,2022,38.6,36.5,2.1,5.4,36500,2100,38600
Ontario,"Business, building and other support services",Men,55 years and over,2023,41,39.1,1.9,4.6,39100,1900,41000
Ontario,"Business, building and other support services",Men,55 years and over,2024,38.2,36.6,1.6,4.2,36600,1600,38200
Ontario,"Business, building and other support services",Men,55 years and over,2025,39.4,37.8,1.6,4.1,37800,1600,39400
Ontario,"Business, building and other support services",Women,15 to 24 years,2021,13.3,11.8,x,x,11800,x,13300
Ontario,"Business, building and other support services",Women,15 to 24 years,2022,10.9,10,x,x,10000,x,10900
Ontario,"Business, building and other support services",Women,15 to 24 years,2023,12.3,10.7,1.6,13,10700,1600,12300
Ontario,"Business, building and other support services",Women,15 to 24 years,2024,14.9,13.9,x,x,13900,x,14900
Ontario,"Business, building and other support services",Women,15 to 24 years,2025,10.1,9.2,x,x,9200,x,10100
Ontario,"Business, building and other support services",Women,25 to 54 years,2021,82.8,77.2,5.6,6.8,77200,5600,82800
Ontario,"Business, building and other support services",Women,25 to 54 years,2022,85.6,81.2,4.5,5.3,81200,4500,85600
Ontario,"Business, building and other support services",Women,25 to 54 years,2023,91.9,86.2,5.7,6.2,86200,5700,91900
Ontario,"Business, building and other support services",Women,25 to 54 years,2024,86.1,80.6,5.5,6.4,80600,5500,86100
Ontario,"Business, building and other support services",Women,25 to 54 years,2025,81.9,77.2,4.7,5.7,77200,4700,81900
Ontario,"Business, building and other support services",Women,55 years and over,2021,36.8,34.9,1.9,5.2,34900,1900,36800
Ontario,"Business, building and other support services",Women,55 years and over,2022,34.7,33.6,x,x,33600,x,34700
Ontario,"Business, building and other support services",Women,55 years and over,2023,36.1,34,2.1,5.8,34000,2100,36100
Ontario,"Business, building and other support services",Women,55 years and over,2024,34.1,33.6,x,x,33600,x,34100
Ontario,"Business, building and other support services",Women,55 years and over,2025,35,33.2,1.8,5.1,33200,1800,35000
Ontario,Educational services,Men,15 to 24 years,2021,16.6,15,1.6,9.6,15000,1600,16600
Ontario,Educational services,Men,15 to 24 years,2022,17.9,16.2,1.7,9.5,16200,1700,17900
Ontario,Educational services,Men,15 to 24 years,2023,22.4,20.9,1.5,6.7,20900,1500,22400
Ontario,Educational services,Men,15 to 24 years,2024,18,16.7,x,x,16700,x,18000
Ontario,Educational services,Men,15 to 24 years,2025,22.9,20.5,2.4,10.5,20500,2400,22900
Ontario,Educational services,Men,25 to 54 years,2021,126.9,122.6,4.3,3.4,122600,4300,126900
Ontario,Educational services,Men,25 to 54 years,2022,125.5,122,3.5,2.8,122000,3500,125500
Ontario,Educational services,Men,25 to 54 years,2023,131.5,129.5,2,1.5,129500,2000,131500
Ontario,Educational services,Men,25 to 54 years,2024,138.3,133,5.3,3.8,133000,5300,138300
Ontario,Educational services,Men,25 to 54 years,2025,130.2,125.3,4.9,3.8,125300,4900,130200
Ontario,Educational services,Men,55 years and over,2021,38.9,37.6,x,x,37600,x,38900
Ontario,Educational services,Men,55 years and over,2022,40.5,39.6,x,x,39600,x,40500
Ontario,Educational services,Men,55 years and over,2023,44.6,43.5,x,x,43500,x,44600
Ontario,Educational services,Men,55 years and over,2024,42.6,41.5,x,x,41500,x,42600
Ontario,Educational services,Men,55 years and over,2025,42.6,41.7,x,x,41700,x,42600
Ontario,Educational services,Women,15 to 24 years,2021,31.3,28.3,3,9.6,28300,3000,31300
Ontario,Educational services,Women,15 to 24 years,2022,32.6,30,2.6,8,30000,2600,32600
Ontario,Educational services,Women,15 to 24 years,2023,38.9,34.8,4.1,10.5,34800,4100,38900
Ontario,Educational services,Women,15 to 24 years,2024,41.1,38.5,2.6,6.3,38500,2600,41100
Ontario,Educational services,Women,15 to 24 years,2025,43.6,39.4,4.2,9.6,39400,4200,43600
Ontario,Educational services,Women,25 to 54 years,2021,298.4,284.1,14.3,4.8,284100,14300,298400
Ontario,Educational services,Women,25 to 54 years,2022,302.6,290.2,12.4,4.1,290200,12400,302600
Ontario,Educational services,Women,25 to 54 years,2023,289.4,279.5,9.9,3.4,279500,9900,289400
Ontario,Educational services,Women,25 to 54 years,2024,316.9,305,11.8,3.7,305000,11800,316900
Ontario,Educational services,Women,25 to 54 years,2025,312.6,300.9,11.7,3.7,300900,11700,312600
Ontario,Educational services,Women,55 years and over,2021,67.6,64.5,3.1,4.6,64500,3100,67600
Ontario,Educational services,Women,55 years and over,2022,76.3,72.9,3.4,4.5,72900,3400,76300
Ontario,Educational services,Women,55 years and over,2023,74.8,71.9,2.8,3.7,71900,2800,74800
Ontario,Educational services,Women,55 years and over,2024,74.5,71,3.4,4.6,71000,3400,74500
Ontario,Educational services,Women,55 years and over,2025,77.6,73.6,4,5.2,73600,4000,77600
Ontario,Health care and social assistance,Men,15 to 24 years,2021,18.5,17.2,x,x,17200,x,18500
Ontario,Health care and social assistance,Men,15 to 24 years,2022,16.6,15.5,x,x,15500,x,16600
Ontario,Health care and social assistance,Men,15 to 24 years,2023,19.2,18.6,x,x,18600,x,19200
Ontario,Health care and social assistance,Men,15 to 24 years,2024,16.1,14.7,x,x,14700,x,16100
Ontario,Health care and social assistance,Men,15 to 24 years,2025,20.5,20.1,x,x,20100,x,20500
Ontario,Health care and social assistance,Men,25 to 54 years,2021,121.5,117.8,3.7,3,117800,3700,121500
Ontario,Health care and social assistance,Men,25 to 54 years,2022,132.1,131,x,x,131000,x,132100
Ontario,Health care and social assistance,Men,25 to 54 years,2023,142.5,140.8,1.7,1.2,140800,1700,142500
Ontario,Health care and social assistance,Men,25 to 54 years,2024,137.4,135.4,2.1,1.5,135400,2100,137400
Ontario,Health care and social assistance,Men,25 to 54 years,2025,137.3,134.9,2.4,1.7,134900,2400,137300
Ontario,Health care and social assistance,Men,55 years and over,2021,46.9,45.5,x,x,45500,x,46900
Ontario,Health care and social assistance,Men,55 years and over,2022,37.2,36.9,x,x,36900,x,37200
Ontario,Health care and social assistance,Men,55 years and over,2023,44.4,44.1,x,x,44100,x,44400
Ontario,Health care and social assistance,Men,55 years and over,2024,41.5,40.9,x,x,40900,x,41500
Ontario,Health care and social assistance,Men,55 years and over,2025,42,41.4,x,x,41400,x,42000
Ontario,Health care and social assistance,Women,15 to 24 years,2021,70.1,67,3.1,4.4,67000,3100,70100
Ontario,Health care and social assistance,Women,15 to 24 years,2022,71.2,68.3,2.9,4.1,68300,2900,71200
Ontario,Health care and social assistance,Women,15 to 24 years,2023,65.3,63.4,1.9,2.9,63400,1900,65300
Ontario,Health care and social assistance,Women,15 to 24 years,2024,71,68.2,2.8,3.9,68200,2800,71000
Ontario,Health care and social assistance,Women,15 to 24 years,2025,77.2,73.9,3.2,4.1,73900,3200,77200
Ontario,Health care and social assistance,Women,25 to 54 years,2021,525,515.9,9,1.7,515900,9000,525000
Ontario,Health care and social assistance,Women,25 to 54 years,2022,549.6,541,8.5,1.5,541000,8500,549600
Ontario,Health care and social assistance,Women,25 to 54 years,2023,573.3,564.8,8.4,1.5,564800,8400,573300
Ontario,Health care and social assistance,Women,25 to 54 years,2024,594.6,586.9,7.7,1.3,586900,7700,594600
Ontario,Health care and social assistance,Women,25 to 54 years,2025,606.1,594.7,11.4,1.9,594700,11400,606100
Ontario,Health care and social assistance,Women,55 years and over,2021,140,137.4,2.6,1.9,137400,2600,140000
Ontario,Health care and social assistance,Women,55 years and over,2022,145.1,143.1,2,1.4,143100,2000,145100
Ontario,Health care and social assistance,Women,55 years and over,2023,151.1,149.5,1.6,1.1,149500,1600,151100
Ontario,Health care and social assistance,Women,55 years and over,2024,164,161.1,2.9,1.8,161100,2900,164000
Ontario,Health care and social assistance,Women,55 years and over,2025,158.4,156.7,1.6,1,156700,1600,158400
Ontario,"Information, culture and recreation",Men,15 to 24 years,2021,27,21.6,5.5,20.4,21600,5500,27000
Ontario,"Information, culture and recreation",Men,15 to 24 years,2022,35.9,32.4,3.5,9.7,32400,3500,35900
Ontario,"Information, culture and recreation",Men,15 to 24 years,2023,38.3,34.9,3.4,8.9,34900,3400,38300
Ontario,"Information, culture and recreation",Men,15 to 24 years,2024,46.7,40.2,6.5,13.9,40200,6500,46700
Ontario,"Information, culture and recreation",Men,15 to 24 years,2025,53.4,49.3,4.2,7.9,49300,4200,53400
Ontario,"Information, culture and recreation",Men,25 to 54 years,2021,124.7,116.9,7.8,6.3,116900,7800,124700
Ontario,"Information, culture and recreation",Men,25 to 54 years,2022,113.8,108.7,5,4.4,108700,5000,113800
Ontario,"Information, culture and recreation",Men,25 to 54 years,2023,116.6,111,5.6,4.8,111000,5600,116600
Ontario,"Information, culture and recreation",Men,25 to 54 years,2024,105.3,96.5,8.8,8.4,96500,8800,105300
Ontario,"Information, culture and recreation",Men,25 to 54 years,2025,116.9,110.9,6,5.1,110900,6000,116900
Ontario,"Information, culture and recreation",Men,55 years and over,2021,33.4,31.3,2,6,31300,2000,33400
Ontario,"Information, culture and recreation",Men,55 years and over,2022,35.6,34,1.5,4.2,34000,1500,35600
Ontario,"Information, culture and recreation",Men,55 years and over,2023,35.8,33.5,2.3,6.4,33500,2300,35800
Ontario,"Information, culture and recreation",Men,55 years and over,2024,34.9,32,2.9,8.3,32000,2900,34900
Ontario,"Information, culture and recreation",Men,55 years and over,2025,37,34.9,2.1,5.7,34900,2100,37000
Ontario,"Information, culture and recreation",Women,15 to 24 years,2021,30.2,25.1,5.1,16.9,25100,5100,30200
Ontario,"Information, culture and recreation",Women,15 to 24 years,2022,35.6,32.2,3.4,9.6,32200,3400,35600
Ontario,"Information, culture and recreation",Women,15 to 24 years,2023,40.3,36.9,3.4,8.4,36900,3400,40300
Ontario,"Information, culture and recreation",Women,15 to 24 years,2024,48.8,44.1,4.7,9.6,44100,4700,48800
Ontario,"Information, culture and recreation",Women,15 to 24 years,2025,50,44.4,5.7,11.4,44400,5700,50000
Ontario,"Information, culture and recreation",Women,25 to 54 years,2021,86.1,80,6.1,7.1,80000,6100,86100
Ontario,"Information, culture and recreation",Women,25 to 54 years,2022,85.4,81.4,4,4.7,81400,4000,85400
Ontario,"Information, culture and recreation",Women,25 to 54 years,2023,88.6,84.9,3.6,4.1,84900,3600,88600
Ontario,"Information, culture and recreation",Women,25 to 54 years,2024,94.2,90.2,4,4.2,90200,4000,94200
Ontario,"Information, culture and recreation",Women,25 to 54 years,2025,93.2,88.4,4.8,5.2,88400,4800,93200
Ontario,"Information, culture and recreation",Women,55 years and over,2021,24.3,23.1,x,x,23100,x,24300
Ontario,"Information, culture and recreation",Women,55 years and over,2022,30,28.9,x,x,28900,x,30000
Ontario,"Information, culture and recreation",Women,55 years and over,2023,25.4,24.8,x,x,24800,x,25400
Ontario,"Information, culture and recreation",Women,55 years and over,2024,24,23.1,x,x,23100,x,24000
Ontario,"Information, culture and recreation",Women,55 years and over,2025,25.9,25,x,x,25000,x,25900
Ontario,Accommodation and food services,Men,15 to 24 years,2021,68.2,60.3,7.9,11.6,60300,7900,68200
Ontario,Accommodation and food services,Men,15 to 24 years,2022,79.1,73.2,5.9,7.5,73200,5900,79100
Ontario,Accommodation and food services,Men,15 to 24 years,2023,91.4,85.2,6.1,6.7,85200,6100,91400
Ontario,Accommodation and food services,Men,15 to 24 years,2024,86.9,78.9,8,9.2,78900,8000,86900
Ontario,Accommodation and food services,Men,15 to 24 years,2025,80.3,74.1,6.2,7.7,74100,6200,80300
Ontario,Accommodation and food services,Men,25 to 54 years,2021,85.3,77.8,7.4,8.7,77800,7400,85300
Ontario,Accommodation and food services,Men,25 to 54 years,2022,89.4,84.6,4.8,5.4,84600,4800,89400
Ontario,Accommodation and food services,Men,25 to 54 years,2023,89.5,85.8,3.7,4.1,85800,3700,89500
Ontario,Accommodation and food services,Men,25 to 54 years,2024,102.7,94.8,8,7.8,94800,8000,102700
Ontario,Accommodation and food services,Men,25 to 54 years,2025,110.4,104.7,5.7,5.2,104700,5700,110400
Ontario,Accommodation and food services,Men,55 years and over,2021,25.5,22.1,3.4,13.3,22100,3400,25500
Ontario,Accommodation and food services,Men,55 years and over,2022,22.8,21.6,x,x,21600,x,22800
Ontario,Accommodation and food services,Men,55 years and over,2023,21.4,20.9,x,x,20900,x,21400
Ontario,Accommodation and food services,Men,55 years and over,2024,18.2,17.9,x,x,17900,x,18200
Ontario,Accommodation and food services,Men,55 years and over,2025,25.9,24.9,x,x,24900,x,25900
Ontario,Accommodation and food services,Women,15 to 24 years,2021,100.2,91,9.1,9.1,91000,9100,100200
Ontario,Accommodation and food services,Women,15 to 24 years,2022,103.4,95.7,7.7,7.4,95700,7700,103400
Ontario,Accommodation and food services,Women,15 to 24 years,2023,114.6,107,7.6,6.6,107000,7600,114600
Ontario,Accommodation and food services,Women,15 to 24 years,2024,109,99.7,9.3,8.5,99700,9300,109000
Ontario,Accommodation and food services,Women,15 to 24 years,2025,97,89.6,7.5,7.7,89600,7500,97000
Ontario,Accommodation and food services,Women,25 to 54 years,2021,97.9,89.5,8.4,8.6,89500,8400,97900
Ontario,Accommodation and food services,Women,25 to 54 years,2022,99.4,95.1,4.3,4.3,95100,4300,99400
Ontario,Accommodation and food services,Women,25 to 54 years,2023,104.5,98.5,5.9,5.6,98500,5900,104500
Ontario,Accommodation and food services,Women,25 to 54 years,2024,108.1,103.7,4.4,4.1,103700,4400,108100
Ontario,Accommodation and food services,Women,25 to 54 years,2025,117.6,112.6,5,4.3,112600,5000,117600
Ontario,Accommodation and food services,Women,55 years and over,2021,28.6,26.3,2.2,7.7,26300,2200,28600
Ontario,Accommodation and food services,Women,55 years and over,2022,26.6,25.5,x,x,25500,x,26600
Ontario,Accommodation and food services,Women,55 years and over,2023,29,28,x,x,28000,x,29000
Ontario,Accommodation and food services,Women,55 years and over,2024,26.7,25.5,x,x,25500,x,26700
Ontario,Accommodation and food services,Women,55 years and over,2025,34.3,33.4,x,x,33400,x,34300
Ontario,Other services (except public administration),Men,15 to 24 years,2021,13.2,12.4,x,x,12400,x,13200
Ontario,Other services (except public administration),Men,15 to 24 years,2022,15.7,14.4,x,x,14400,x,15700
Ontario,Other services (except public administration),Men,15 to 24 years,2023,16.3,15.1,x,x,15100,x,16300
Ontario,Other services (except public administration),Men,15 to 24 years,2024,20.7,18.2,2.5,12.1,18200,2500,20700
Ontario,Other services (except public administration),Men,15 to 24 years,2025,19.8,18.3,1.5,7.6,18300,1500,19800
Ontario,Other services (except public administration),Men,25 to 54 years,2021,77.7,74.1,3.6,4.6,74100,3600,77700
Ontario,Other services (except public administration),Men,25 to 54 years,2022,72.5,71,x,x,71000,x,72500
Ontario,Other services (except public administration),Men,25 to 54 years,2023,86.4,84,2.4,2.8,84000,2400,86400
Ontario,Other services (except public administration),Men,25 to 54 years,2024,84.7,81.6,3,3.5,81600,3000,84700
Ontario,Other services (except public administration),Men,25 to 54 years,2025,81.8,79.6,2.2,2.7,79600,2200,81800
Ontario,Other services (except public administration),Men,55 years and over,2021,33.9,32.8,x,x,32800,x,33900
Ontario,Other services (except public administration),Men,55 years and over,2022,30.8,29.9,x,x,29900,x,30800
Ontario,Other services (except public administration),Men,55 years and over,2023,32.6,31.9,x,x,31900,x,32600
Ontario,Other services (except public administration),Men,55 years and over,2024,37.3,36.7,x,x,36700,x,37300
Ontario,Other services (except public administration),Men,55 years and over,2025,36.4,36.1,x,x,36100,x,36400
Ontario,Other services (except public administration),Women,15 to 24 years,2021,11.5,9.8,1.7,14.8,9800,1700,11500
Ontario,Other services (except public administration),Women,15 to 24 years,2022,17.8,17,x,x,17000,x,17800
Ontario,Other services (except public administration),Women,15 to 24 years,2023,16.9,16.2,x,x,16200,x,16900
Ontario,Other services (except public administration),Women,15 to 24 years,2024,17.9,15.9,2,11.2,15900,2000,17900
Ontario,Other services (except public administration),Women,15 to 24 years,2025,17.1,16,x,x,16000,x,17100
Ontario,Other services (except public administration),Women,25 to 54 years,2021,98.7,91.7,6.9,7,91700,6900,98700
Ontario,Other services (except public administration),Women,25 to 54 years,2022,88.8,86,2.7,3,86000,2700,88800
Ontario,Other services (except public administration),Women,25 to 54 years,2023,95.2,93,2.2,2.3,93000,2200,95200
Ontario,Other services (except public administration),Women,25 to 54 years,2024,99.7,95.1,4.6,4.6,95100,4600,99700
Ontario,Other services (except public administration),Women,25 to 54 years,2025,105.6,102.3,3.4,3.2,102300,3400,105600
Ontario,Other services (except public administration),Women,55 years and over,2021,40.3,37.7,2.6,6.5,37700,2600,40300
Ontario,Other services (except public administration),Women,55 years and over,2022,34,32.9,x,x,32900,x,34000
Ontario,Other services (except public administration),Women,55 years and over,2023,33.5,33,x,x,33000,x,33500
Ontario,Other services (except public administration),Women,55 years and over,2024,42,41.8,x,x,41800,x,42000
Ontario,Other services (except public administration),Women,55 years and over,2025,37,36.5,x,x,36500,x,37000
Ontario,Public administration,Men,15 to 24 years,2021,14.5,13.8,x,x,13800,x,14500
Ontario,Public administration,Men,15 to 24 years,2022,14.2,13.7,x,x,13700,x,14200
Ontario,Public administration,Men,15 to 24 years,2023,14.2,13.7,x,x,13700,x,14200
Ontario,Public administration,Men,15 to 24 years,2024,13.7,12.8,x,x,12800,x,13700
Ontario,Public administration,Men,15 to 24 years,2025,18,15,3,16.7,15000,3000,18000
Ontario,Public administration,Men,25 to 54 years,2021,156.9,154.8,2.2,1.4,154800,2200,156900
Ontario,Public administration,Men,25 to 54 years,2022,166.6,164.2,2.4,1.4,164200,2400,166600
Ontario,Public administration,Men,25 to 54 years,2023,172.6,170.7,1.9,1.1,170700,1900,172600
Ontario,Public administration,Men,25 to 54 years,2024,178.1,176.8,x,x,176800,x,178100
Ontario,Public administration,Men,25 to 54 years,2025,170.7,168.1,2.7,1.6,168100,2700,170700
Ontario,Public administration,Men,55 years and over,2021,41.2,39.9,x,x,39900,x,41200
Ontario,Public administration,Men,55 years and over,2022,43.8,43,x,x,43000,x,43800
Ontario,Public administration,Men,55 years and over,2023,42.7,42.2,x,x,42200,x,42700
Ontario,Public administration,Men,55 years and over,2024,40.8,40.4,x,x,40400,x,40800
Ontario,Public administration,Men,55 years and over,2025,47.6,46.4,x,x,46400,x,47600
Ontario,Public administration,Women,15 to 24 years,2021,12.2,11.9,x,x,11900,x,12200
Ontario,Public administration,Women,15 to 24 years,2022,18.9,18.3,x,x,18300,x,18900
Ontario,Public administration,Women,15 to 24 years,2023,20.2,18.6,1.6,7.9,18600,1600,20200
Ontario,Public administration,Women,15 to 24 years,2024,19.1,17.9,x,x,17900,x,19100
Ontario,Public administration,Women,15 to 24 years,2025,15.1,14,x,x,14000,x,15100
Ontario,Public administration,Women,25 to 54 years,2021,154.1,152.4,1.6,1,152400,1600,154100
Ontario,Public administration,Women,25 to 54 years,2022,164.4,162.6,1.8,1.1,162600,1800,164400
Ontario,Public administration,Women,25 to 54 years,2023,175.6,173.2,2.4,1.4,173200,2400,175600
Ontario,Public administration,Women,25 to 54 years,2024,186.6,183.5,3.1,1.7,183500,3100,186600
Ontario,Public administration,Women,25 to 54 years,2025,180.5,177.8,2.7,1.5,177800,2700,180500
Ontario,Public administration,Women,55 years and over,2021,40.4,38.8,1.6,4,38800,1600,40400
Ontario,Public administration,Women,55 years and over,2022,44.2,43.2,x,x,43200,x,44200
Ontario,Public administration,Women,55 years and over,2023,45.5,44.5,x,x,44500,x,45500
Ontario,Public administration,Women,55 years and over,2024,41.7,40.9,x,x,40900,x,41700
Ontario,Public administration,Women,55 years and over,2025,51.3,50,x,x,50000,x,51300
Manitoba,Agriculture,Men,15 to 24 years,2021,2.9,2.8,x,x,2800,x,2900
Manitoba,Agriculture,Men,15 to 24 years,2022,1.7,1.7,x,x,1700,x,1700
Manitoba,Agriculture,Men,15 to 24 years,2023,1.9,1.7,x,x,1700,x,1900
Manitoba,Agriculture,Men,15 to 24 years,2024,0.8,0.8,x,x,800,x,800
Manitoba,Agriculture,Men,15 to 24 years,2025,1.2,1.1,x,x,1100,x,1200
Manitoba,Agriculture,Men,25 to 54 years,2021,8.3,8.2,x,x,8200,x,8300
Manitoba,Agriculture,Men,25 to 54 years,2022,8.6,8.5,x,x,8500,x,8600
Manitoba,Agriculture,Men,25 to 54 years,2023,6.6,6.5,x,x,6500,x,6600
Manitoba,Agriculture,Men,25 to 54 years,2024,6.1,6,x,x,6000,x,6100
Manitoba,Agriculture,Men,25 to 54 years,2025,6.6,6.4,x,x,6400,x,6600
Manitoba,Agriculture,Men,55 years and over,2021,8.4,8.2,x,x,8200,x,8400
Manitoba,Agriculture,Men,55 years and over,2022,5.3,5.1,x,x,5100,x,5300
Manitoba,Agriculture,Men,55 years and over,2023,3.5,3.5,x,x,3500,x,3500
Manitoba,Agriculture,Men,55 years and over,2024,3.7,3.6,x,x,3600,x,3700
Manitoba,Agriculture,Men,55 years and over,2025,4,3.8,x,x,3800,x,4000
Manitoba,Agriculture,Women,15 to 24 years,2021,1,0.9,x,x,900,x,1000
Manitoba,Agriculture,Women,15 to 24 years,2022,0.8,0.8,x,x,800,x,800
Manitoba,Agriculture,Women,15 to 24 years,2023,0.7,0.7,x,x,700,x,700
Manitoba,Agriculture,Women,15 to 24 years,2024,0.9,0.9,x,x,900,x,900
Manitoba,Agriculture,Women,15 to 24 years,2025,1,1,x,x,1000,x,1000
Manitoba,Agriculture,Women,25 to 54 years,2021,2.9,2.7,x,x,2700,x,2900
Manitoba,Agriculture,Women,25 to 54 years,2022,2.3,2.2,x,x,2200,x,2300
Manitoba,Agriculture,Women,25 to 54 years,2023,1.8,1.8,x,x,1800,x,1800
Manitoba,Agriculture,Women,25 to 54 years,2024,1.2,1.2,x,x,1200,x,1200
Manitoba,Agriculture,Women,25 to 54 years,2025,1.3,1.3,x,x,1300,x,1300
Manitoba,Agriculture,Women,55 years and over,2021,3.3,3.3,x,x,3300,x,3300
Manitoba,Agriculture,Women,55 years and over,2022,1.7,1.7,x,x,1700,x,1700
Manitoba,Agriculture,Women,55 years and over,2023,0.7,0.6,x,x,600,x,700
Manitoba,Agriculture,Women,55 years and over,2024,0.8,0.8,x,x,800,x,800
Manitoba,Agriculture,Women,55 years and over,2025,1.1,1.1,x,x,1100,x,1100
Manitoba,"Forestry, fishing, mining, quarrying, oil and gas",Men,15 to 24 years,2021,x,x,x,x,x,x,x
Manitoba,"Forestry, fishing, mining, quarrying, oil and gas",Men,15 to 24 years,2022,x,x,x,x,x,x,x
Manitoba,"Forestry, fishing, mining, quarrying, oil and gas",Men,15 to 24 years,2023,0.6,0.5,x,x,500,x,600
Manitoba,"Forestry, fishing, mining, quarrying, oil and gas",Men,15 to 24 years,2024,0.5,x,x,x,x,x,500
Manitoba,"Forestry, fishing, mining, quarrying, oil and gas",Men,15 to 24 years,2025,x,x,x,x,x,x,x
Manitoba,"Forestry, fishing, mining, quarrying, oil and gas",Men,25 to 54 years,2021,2.9,2.7,x,x,2700,x,2900
Manitoba,"Forestry, fishing, mining, quarrying, oil and gas",Men,25 to 54 years,2022,3.4,3.2,x,x,3200,x,3400
Manitoba,"Forestry, fishing, mining, quarrying, oil and gas",Men,25 to 54 years,2023,4.6,4.1,0.5,10.9,4100,500,4600
Manitoba,"Forestry, fishing, mining, quarrying, oil and gas",Men,25 to 54 years,2024,4.5,4.1,x,x,4100,x,4500
Manitoba,"Forestry, fishing, mining, quarrying, oil and gas",Men,25 to 54 years,2025,4.2,4,x,x,4000,x,4200
Manitoba,"Forestry, fishing, mining, quarrying, oil and gas",Men,55 years and over,2021,1.1,1,x,x,1000,x,1100
Manitoba,"Forestry, fishing, mining, quarrying, oil and gas",Men,55 years and over,2022,0.9,0.8,x,x,800,x,900
Manitoba,"Forestry, fishing, mining, quarrying, oil and gas",Men,55 years and over,2023,1,1,x,x,1000,x,1000
Manitoba,"Forestry, fishing, mining, quarrying, oil and gas",Men,55 years and over,2024,0.9,0.9,x,x,900,x,900
Manitoba,"Forestry, fishing, mining, quarrying, oil and gas",Men,55 years and over,2025,1.4,1.3,x,x,1300,x,1400
Manitoba,"Forestry, fishing, mining, quarrying, oil and gas",Women,15 to 24 years,2021,x,x,x,x,x,x,x
Manitoba,"Forestry, fishing, mining, quarrying, oil and gas",Women,15 to 24 years,2022,x,x,x,x,x,x,x
Manitoba,"Forestry, fishing, mining, quarrying, oil and gas",Women,15 to 24 years,2023,x,x,x,x,x,x,x
Manitoba,"Forestry, fishing, mining, quarrying, oil and gas",Women,15 to 24 years,2024,x,x,x,x,x,x,x
Manitoba,"Forestry, fishing, mining, quarrying, oil and gas",Women,15 to 24 years,2025,x,x,x,x,x,x,x
Manitoba,"Forestry, fishing, mining, quarrying, oil and gas",Women,25 to 54 years,2021,x,x,x,x,x,x,x
Manitoba,"Forestry, fishing, mining, quarrying, oil and gas",Women,25 to 54 years,2022,0.6,0.6,x,x,600,x,600
Manitoba,"Forestry, fishing, mining, quarrying, oil and gas",Women,25 to 54 years,2023,0.9,0.9,x,x,900,x,900
Manitoba,"Forestry, fishing, mining, quarrying, oil and gas",Women,25 to 54 years,2024,0.7,0.6,x,x,600,x,700
Manitoba,"Forestry, fishing, mining, quarrying, oil and gas",Women,25 to 54 years,2025,0.5,0.5,x,x,500,x,500
Manitoba,"Forestry, fishing, mining, quarrying, oil and gas",Women,55 years and over,2021,x,x,x,x,x,x,x
Manitoba,"Forestry, fishing, mining, quarrying, oil and gas",Women,55 years and over,2022,x,x,x,x,x,x,x
Manitoba,"Forestry, fishing, mining, quarrying, oil and gas",Women,55 years and over,2023,x,x,x,x,x,x,x
Manitoba,"Forestry, fishing, mining, quarrying, oil and gas",Women,55 years and over,2024,x,x,x,x,x,x,x
Manitoba,"Forestry, fishing, mining, quarrying, oil and gas",Women,55 years and over,2025,x,x,x,x,x,x,x
Manitoba,Utilities,Men,15 to 24 years,2021,x,x,x,x,x,x,x
Manitoba,Utilities,Men,15 to 24 years,2022,x,x,x,x,x,x,x
Manitoba,Utilities,Men,15 to 24 years,2023,x,x,x,x,x,x,x
Manitoba,Utilities,Men,15 to 24 years,2024,x,x,x,x,x,x,x
Manitoba,Utilities,Men,15 to 24 years,2025,0.6,0.6,x,x,600,x,600
Manitoba,Utilities,Men,25 to 54 years,2021,3.6,3.5,x,x,3500,x,3600
Manitoba,Utilities,Men,25 to 54 years,2022,3.5,3.5,x,x,3500,x,3500
Manitoba,Utilities,Men,25 to 54 years,2023,4.1,4.1,x,x,4100,x,4100
Manitoba,Utilities,Men,25 to 54 years,2024,3.7,3.6,x,x,3600,x,3700
Manitoba,Utilities,Men,25 to 54 years,2025,4.1,4.1,x,x,4100,x,4100
Manitoba,Utilities,Men,55 years and over,2021,0.6,0.5,x,x,500,x,600
Manitoba,Utilities,Men,55 years and over,2022,0.5,0.5,x,x,500,x,500
Manitoba,Utilities,Men,55 years and over,2023,0.7,0.7,x,x,700,x,700
Manitoba,Utilities,Men,55 years and over,2024,0.5,0.5,x,x,500,x,500
Manitoba,Utilities,Men,55 years and over,2025,0.9,0.8,x,x,800,x,900
Manitoba,Utilities,Women,15 to 24 years,2021,x,x,x,x,x,x,x
Manitoba,Utilities,Women,15 to 24 years,2022,x,x,x,x,x,x,x
Manitoba,Utilities,Women,15 to 24 years,2023,x,x,x,x,x,x,x
Manitoba,Utilities,Women,15 to 24 years,2024,x,x,x,x,x,x,x
Manitoba,Utilities,Women,15 to 24 years,2025,x,x,x,x,x,x,x
Manitoba,Utilities,Women,25 to 54 years,2021,1,1,x,x,1000,x,1000
Manitoba,Utilities,Women,25 to 54 years,2022,0.5,0.5,x,x,500,x,500
Manitoba,Utilities,Women,25 to 54 years,2023,1.1,1.1,x,x,1100,x,1100
Manitoba,Utilities,Women,25 to 54 years,2024,1.2,1.2,x,x,1200,x,1200
Manitoba,Utilities,Women,25 to 54 years,2025,1.2,1.2,x,x,1200,x,1200
Manitoba,Utilities,Women,55 years and over,2021,x,x,x,x,x,x,x
Manitoba,Utilities,Women,55 years and over,2022,x,x,x,x,x,x,x
Manitoba,Utilities,Women,55 years and over,2023,x,x,x,x,x,x,x
Manitoba,Utilities,Women,55 years and over,2024,x,x,x,x,x,x,x
Manitoba,Utilities,Women,55 years and over,2025,x,x,x,x,x,x,x
Manitoba,Construction,Men,15 to 24 years,2021,7.3,6.9,x,x,6900,x,7300
Manitoba,Construction,Men,15 to 24 years,2022,8,7.5,0.5,6.3,7500,500,8000
Manitoba,Construction,Men,15 to 24 years,2023,9.6,8.9,0.7,7.3,8900,700,9600
Manitoba,Construction,Men,15 to 24 years,2024,6.8,6.4,x,x,6400,x,6800
Manitoba,Construction,Men,15 to 24 years,2025,8,7.4,0.6,7.5,7400,600,8000
Manitoba,Construction,Men,25 to 54 years,2021,32.6,30.9,1.7,5.2,30900,1700,32600
Manitoba,Construction,Men,25 to 54 years,2022,33.3,31.7,1.5,4.5,31700,1500,33300
Manitoba,Construction,Men,25 to 54 years,2023,35.8,34.3,1.5,4.2,34300,1500,35800
Manitoba,Construction,Men,25 to 54 years,2024,37.4,35.8,1.6,4.3,35800,1600,37400
Manitoba,Construction,Men,25 to 54 years,2025,39.4,37.5,1.9,4.8,37500,1900,39400
Manitoba,Construction,Men,55 years and over,2021,8.1,7.8,x,x,7800,x,8100
Manitoba,Construction,Men,55 years and over,2022,7.8,7.5,x,x,7500,x,7800
Manitoba,Construction,Men,55 years and over,2023,9,8.6,0.5,5.6,8600,500,9000
Manitoba,Construction,Men,55 years and over,2024,9.9,9.2,0.7,7.1,9200,700,9900
Manitoba,Construction,Men,55 years and over,2025,9.1,8.3,0.8,8.8,8300,800,9100
Manitoba,Construction,Women,15 to 24 years,2021,0.6,0.5,x,x,500,x,600
Manitoba,Construction,Women,15 to 24 years,2022,1.1,1,x,x,1000,x,1100
Manitoba,Construction,Women,15 to 24 years,2023,0.8,0.7,x,x,700,x,800
Manitoba,Construction,Women,15 to 24 years,2024,1.2,1.2,x,x,1200,x,1200
Manitoba,Construction,Women,15 to 24 years,2025,0.5,0.5,x,x,500,x,500
Manitoba,Construction,Women,25 to 54 years,2021,3.4,3.2,x,x,3200,x,3400
Manitoba,Construction,Women,25 to 54 years,2022,4.4,4.4,x,x,4400,x,4400
Manitoba,Construction,Women,25 to 54 years,2023,4.6,4.5,x,x,4500,x,4600
Manitoba,Construction,Women,25 to 54 years,2024,4,3.8,x,x,3800,x,4000
Manitoba,Construction,Women,25 to 54 years,2025,5.2,4.8,x,x,4800,x,5200
Manitoba,Construction,Women,55 years and over,2021,1.4,1.3,x,x,1300,x,1400
Manitoba,Construction,Women,55 years and over,2022,0.8,0.8,x,x,800,x,800
Manitoba,Construction,Women,55 years and over,2023,1.3,1.3,x,x,1300,x,1300
Manitoba,Construction,Women,55 years and over,2024,1.1,1,x,x,1000,x,1100
Manitoba,Construction,Women,55 years and over,2025,1.5,1.4,x,x,1400,x,1500
Manitoba,Manufacturing,Men,15 to 24 years,2021,5.5,5.2,x,x,5200,x,5500
Manitoba,Manufacturing,Men,15 to 24 years,2022,6.1,5.9,x,x,5900,x,6100
Manitoba,Manufacturing,Men,15 to 24 years,2023,5.5,5.2,x,x,5200,x,5500
Manitoba,Manufacturing,Men,15 to 24 years,2024,6.5,6.1,x,x,6100,x,6500
Manitoba,Manufacturing,Men,15 to 24 years,2025,4.7,4.6,x,x,4600,x,4700
Manitoba,Manufacturing,Men,25 to 54 years,2021,33.3,32.3,1,3,32300,1000,33300
Manitoba,Manufacturing,Men,25 to 54 years,2022,35.4,35,x,x,35000,x,35400
Manitoba,Manufacturing,Men,25 to 54 years,2023,36.1,35.5,0.6,1.7,35500,600,36100
Manitoba,Manufacturing,Men,25 to 54 years,2024,36.8,36,0.8,2.2,36000,800,36800
Manitoba,Manufacturing,Men,25 to 54 years,2025,35.5,35,0.5,1.4,35000,500,35500
Manitoba,Manufacturing,Men,55 years and over,2021,10.9,10.6,x,x,10600,x,10900
Manitoba,Manufacturing,Men,55 years and over,2022,10.5,10.2,x,x,10200,x,10500
Manitoba,Manufacturing,Men,55 years and over,2023,12.5,12.4,x,x,12400,x,12500
Manitoba,Manufacturing,Men,55 years and over,2024,11.3,11,x,x,11000,x,11300
Manitoba,Manufacturing,Men,55 years and over,2025,11.7,11.6,x,x,11600,x,11700
Manitoba,Manufacturing,Women,15 to 24 years,2021,1.8,1.7,x,x,1700,x,1800
Manitoba,Manufacturing,Women,15 to 24 years,2022,2.5,2.4,x,x,2400,x,2500
Manitoba,Manufacturing,Women,15 to 24 years,2023,1.7,1.6,x,x,1600,x,1700
Manitoba,Manufacturing,Women,15 to 24 years,2024,1.8,1.7,x,x,1700,x,1800
Manitoba,Manufacturing,Women,15 to 24 years,2025,2.5,2.4,x,x,2400,x,2500
Manitoba,Manufacturing,Women,25 to 54 years,2021,13.3,13,x,x,13000,x,13300
Manitoba,Manufacturing,Women,25 to 54 years,2022,12.6,12.4,x,x,12400,x,12600
Manitoba,Manufacturing,Women,25 to 54 years,2023,12.7,12.2,0.5,3.9,12200,500,12700
Manitoba,Manufacturing,Women,25 to 54 years,2024,13.9,13.7,x,x,13700,x,13900
Manitoba,Manufacturing,Women,25 to 54 years,2025,13.9,13.2,0.7,5,13200,700,13900
Manitoba,Manufacturing,Women,55 years and over,2021,3.7,3.6,x,x,3600,x,3700
Manitoba,Manufacturing,Women,55 years and over,2022,4.2,4.1,x,x,4100,x,4200
Manitoba,Manufacturing,Women,55 years and over,2023,3.7,3.7,x,x,3700,x,3700
Manitoba,Manufacturing,Women,55 years and over,2024,3.4,3.3,x,x,3300,x,3400
Manitoba,Manufacturing,Women,55 years and over,2025,4.3,4.2,x,x,4200,x,4300
Manitoba,Wholesale and retail trade,Men,15 to 24 years,2021,15,14.3,0.7,4.7,14300,700,15000
Manitoba,Wholesale and retail trade,Men,15 to 24 years,2022,14.5,13.9,0.6,4.1,13900,600,14500
Manitoba,Wholesale and retail trade,Men,15 to 24 years,2023,16.9,16.2,0.7,4.1,16200,700,16900
Manitoba,Wholesale and retail trade,Men,15 to 24 years,2024,15.1,14.5,0.6,4,14500,600,15100
Manitoba,Wholesale and retail trade,Men,15 to 24 years,2025,14.5,13.8,0.8,5.5,13800,800,14500
Manitoba,Wholesale and retail trade,Men,25 to 54 years,2021,31.6,30.5,1.1,3.5,30500,1100,31600
Manitoba,Wholesale and retail trade,Men,25 to 54 years,2022,27.8,27.2,0.6,2.2,27200,600,27800
Manitoba,Wholesale and retail trade,Men,25 to 54 years,2023,31.1,30.4,0.7,2.3,30400,700,31100
Manitoba,Wholesale and retail trade,Men,25 to 54 years,2024,32.9,32.3,0.7,2.1,32300,700,32900
Manitoba,Wholesale and retail trade,Men,25 to 54 years,2025,34.9,33.8,1,2.9,33800,1000,34900
Manitoba,Wholesale and retail trade,Men,55 years and over,2021,11,10.8,x,x,10800,x,11000
Manitoba,Wholesale and retail trade,Men,55 years and over,2022,10.4,10.4,x,x,10400,x,10400
Manitoba,Wholesale and retail trade,Men,55 years and over,2023,10.2,9.9,x,x,9900,x,10200
Manitoba,Wholesale and retail trade,Men,55 years and over,2024,10.3,9.8,x,x,9800,x,10300
Manitoba,Wholesale and retail trade,Men,55 years and over,2025,10.2,10.1,x,x,10100,x,10200
Manitoba,Wholesale and retail trade,Women,15 to 24 years,2021,12.9,12.5,x,x,12500,x,12900
Manitoba,Wholesale and retail trade,Women,15 to 24 years,2022,13.2,12.9,x,x,12900,x,13200
Manitoba,Wholesale and retail trade,Women,15 to 24 years,2023,13.2,12.8,x,x,12800,x,13200
Manitoba,Wholesale and retail trade,Women,15 to 24 years,2024,12.8,11.9,0.9,7,11900,900,12800
Manitoba,Wholesale and retail trade,Women,15 to 24 years,2025,12.7,12.5,x,x,12500,x,12700
Manitoba,Wholesale and retail trade,Women,25 to 54 years,2021,23.1,22.4,0.8,3.5,22400,800,23100
Manitoba,Wholesale and retail trade,Women,25 to 54 years,2022,22.9,22.6,x,x,22600,x,22900
Manitoba,Wholesale and retail trade,Women,25 to 54 years,2023,23.3,22.8,x,x,22800,x,23300
Manitoba,Wholesale and retail trade,Women,25 to 54 years,2024,25.3,24.9,x,x,24900,x,25300
Manitoba,Wholesale and retail trade,Women,25 to 54 years,2025,23.7,23.1,0.6,2.5,23100,600,23700
Manitoba,Wholesale and retail trade,Women,55 years and over,2021,7.7,7.5,x,x,7500,x,7700
Manitoba,Wholesale and retail trade,Women,55 years and over,2022,7.7,7.6,x,x,7600,x,7700
Manitoba,Wholesale and retail trade,Women,55 years and over,2023,8.7,8.5,x,x,8500,x,8700
Manitoba,Wholesale and retail trade,Women,55 years and over,2024,8.3,8.2,x,x,8200,x,8300
Manitoba,Wholesale and retail trade,Women,55 years and over,2025,7.8,7.6,x,x,7600,x,7800
Manitoba,Transportation and warehousing,Men,15 to 24 years,2021,3.4,3.1,x,x,3100,x,3400
Manitoba,Transportation and warehousing,Men,15 to 24 years,2022,3.6,3.4,x,x,3400,x,3600
Manitoba,Transportation and warehousing,Men,15 to 24 years,2023,3.7,3.6,x,x,3600,x,3700
Manitoba,Transportation and warehousing,Men,15 to 24 years,2024,5.2,5.1,x,x,5100,x,5200
Manitoba,Transportation and warehousing,Men,15 to 24 years,2025,3.7,3.3,x,x,3300,x,3700
Manitoba,Transportation and warehousing,Men,25 to 54 years,2021,24.6,24,0.6,2.4,24000,600,24600
Manitoba,Transportation and warehousing,Men,25 to 54 years,2022,22.1,21.7,0.5,2.3,21700,500,22100
Manitoba,Transportation and warehousing,Men,25 to 54 years,2023,24.5,24.1,x,x,24100,x,24500
Manitoba,Transportation and warehousing,Men,25 to 54 years,2024,29.3,28.7,0.6,2,28700,600,29300
Manitoba,Transportation and warehousing,Men,25 to 54 years,2025,29.6,28.7,0.9,3,28700,900,29600
Manitoba,Transportation and warehousing,Men,55 years and over,2021,8.7,8.3,x,x,8300,x,8700
Manitoba,Transportation and warehousing,Men,55 years and over,2022,8,7.8,x,x,7800,x,8000
Manitoba,Transportation and warehousing,Men,55 years and over,2023,7.7,7.5,x,x,7500,x,7700
Manitoba,Transportation and warehousing,Men,55 years and over,2024,7.5,7.2,x,x,7200,x,7500
Manitoba,Transportation and warehousing,Men,55 years and over,2025,7,7,x,x,7000,x,7000
Manitoba,Transportation and warehousing,Women,15 to 24 years,2021,0.8,0.8,x,x,800,x,800
Manitoba,Transportation and warehousing,Women,15 to 24 years,2022,1.2,1.1,x,x,1100,x,1200
Manitoba,Transportation and warehousing,Women,15 to 24 years,2023,1.2,1.1,x,x,1100,x,1200
Manitoba,Transportation and warehousing,Women,15 to 24 years,2024,1.1,1.1,x,x,1100,x,1100
Manitoba,Transportation and warehousing,Women,15 to 24 years,2025,0.8,0.6,x,x,600,x,800
Manitoba,Transportation and warehousing,Women,25 to 54 years,2021,5.2,5.1,x,x,5100,x,5200
Manitoba,Transportation and warehousing,Women,25 to 54 years,2022,5.5,5.5,x,x,5500,x,5500
Manitoba,Transportation and warehousing,Women,25 to 54 years,2023,5.2,5.1,x,x,5100,x,5200
Manitoba,Transportation and warehousing,Women,25 to 54 years,2024,5.9,5.8,x,x,5800,x,5900
Manitoba,Transportation and warehousing,Women,25 to 54 years,2025,5.8,5.5,x,x,5500,x,5800
Manitoba,Transportation and warehousing,Women,55 years and over,2021,1.7,1.6,x,x,1600,x,1700
Manitoba,Transportation and warehousing,Women,55 years and over,2022,2.3,2.1,x,x,2100,x,2300
Manitoba,Transportation and warehousing,Women,55 years and over,2023,1.7,1.6,x,x,1600,x,1700
Manitoba,Transportation and warehousing,Women,55 years and over,2024,1.5,1.4,x,x,1400,x,1500
Manitoba,Transportation and warehousing,Women,55 years and over,2025,2.1,2,x,x,2000,x,2100
Manitoba,"Finance, insurance, real estate, rental and leasing",Men,15 to 24 years,2021,1.3,1.3,x,x,1300,x,1300
Manitoba,"Finance, insurance, real estate, rental and leasing",Men,15 to 24 years,2022,1.2,1.1,x,x,1100,x,1200
Manitoba,"Finance, insurance, real estate, rental and leasing",Men,15 to 24 years,2023,1.1,1.1,x,x,1100,x,1100
Manitoba,"Finance, insurance, real estate, rental and leasing",Men,15 to 24 years,2024,1.7,1.7,x,x,1700,x,1700
Manitoba,"Finance, insurance, real estate, rental and leasing",Men,15 to 24 years,2025,1.9,1.9,x,x,1900,x,1900
Manitoba,"Finance, insurance, real estate, rental and leasing",Men,25 to 54 years,2021,11.2,11,x,x,11000,x,11200
Manitoba,"Finance, insurance, real estate, rental and leasing",Men,25 to 54 years,2022,13.1,12.9,x,x,12900,x,13100
Manitoba,"Finance, insurance, real estate, rental and leasing",Men,25 to 54 years,2023,13.3,13.1,x,x,13100,x,13300
Manitoba,"Finance, insurance, real estate, rental and leasing",Men,25 to 54 years,2024,16.6,15.8,0.8,4.8,15800,800,16600
Manitoba,"Finance, insurance, real estate, rental and leasing",Men,25 to 54 years,2025,16.7,16.6,x,x,16600,x,16700
Manitoba,"Finance, insurance, real estate, rental and leasing",Men,55 years and over,2021,3.6,3.5,x,x,3500,x,3600
Manitoba,"Finance, insurance, real estate, rental and leasing",Men,55 years and over,2022,3.4,3.3,x,x,3300,x,3400
Manitoba,"Finance, insurance, real estate, rental and leasing",Men,55 years and over,2023,3.7,3.7,x,x,3700,x,3700
Manitoba,"Finance, insurance, real estate, rental and leasing",Men,55 years and over,2024,4.3,4.2,x,x,4200,x,4300
Manitoba,"Finance, insurance, real estate, rental and leasing",Men,55 years and over,2025,4.4,4.2,x,x,4200,x,4400
Manitoba,"Finance, insurance, real estate, rental and leasing",Women,15 to 24 years,2021,1.5,1.5,x,x,1500,x,1500
Manitoba,"Finance, insurance, real estate, rental and leasing",Women,15 to 24 years,2022,1.4,1.4,x,x,1400,x,1400
Manitoba,"Finance, insurance, real estate, rental and leasing",Women,15 to 24 years,2023,1.3,1.1,x,x,1100,x,1300
Manitoba,"Finance, insurance, real estate, rental and leasing",Women,15 to 24 years,2024,1.4,1.3,x,x,1300,x,1400
Manitoba,"Finance, insurance, real estate, rental and leasing",Women,15 to 24 years,2025,1.4,1.4,x,x,1400,x,1400
Manitoba,"Finance, insurance, real estate, rental and leasing",Women,25 to 54 years,2021,14.6,14.4,x,x,14400,x,14600
Manitoba,"Finance, insurance, real estate, rental and leasing",Women,25 to 54 years,2022,17.3,17.2,x,x,17200,x,17300
Manitoba,"Finance, insurance, real estate, rental and leasing",Women,25 to 54 years,2023,17.7,17.6,x,x,17600,x,17700
Manitoba,"Finance, insurance, real estate, rental and leasing",Women,25 to 54 years,2024,19.6,19.4,x,x,19400,x,19600
Manitoba,"Finance, insurance, real estate, rental and leasing",Women,25 to 54 years,2025,19.1,18.6,0.5,2.6,18600,500,19100
Manitoba,"Finance, insurance, real estate, rental and leasing",Women,55 years and over,2021,3.1,3,x,x,3000,x,3100
Manitoba,"Finance, insurance, real estate, rental and leasing",Women,55 years and over,2022,4.6,4.5,x,x,4500,x,4600
Manitoba,"Finance, insurance, real estate, rental and leasing",Women,55 years and over,2023,4.8,4.8,x,x,4800,x,4800
Manitoba,"Finance, insurance, real estate, rental and leasing",Women,55 years and over,2024,4.8,4.8,x,x,4800,x,4800
Manitoba,"Finance, insurance, real estate, rental and leasing",Women,55 years and over,2025,4.2,4.1,x,x,4100,x,4200
Manitoba,"Professional, scientific and technical services",Men,15 to 24 years,2021,1.3,1.3,x,x,1300,x,1300
Manitoba,"Professional, scientific and technical services",Men,15 to 24 years,2022,1.7,1.6,x,x,1600,x,1700
Manitoba,"Professional, scientific and technical services",Men,15 to 24 years,2023,1.7,1.7,x,x,1700,x,1700
Manitoba,"Professional, scientific and technical services",Men,15 to 24 years,2024,2,1.8,x,x,1800,x,2000
Manitoba,"Professional, scientific and technical services",Men,15 to 24 years,2025,2,1.9,x,x,1900,x,2000
Manitoba,"Professional, scientific and technical services",Men,25 to 54 years,2021,14.1,13.7,x,x,13700,x,14100
Manitoba,"Professional, scientific and technical services",Men,25 to 54 years,2022,14.6,14.4,x,x,14400,x,14600
Manitoba,"Professional, scientific and technical services",Men,25 to 54 years,2023,14,13.8,x,x,13800,x,14000
Manitoba,"Professional, scientific and technical services",Men,25 to 54 years,2024,14.6,14.2,x,x,14200,x,14600
Manitoba,"Professional, scientific and technical services",Men,25 to 54 years,2025,15.2,14.6,0.5,3.3,14600,500,15200
Manitoba,"Professional, scientific and technical services",Men,55 years and over,2021,3.9,3.8,x,x,3800,x,3900
Manitoba,"Professional, scientific and technical services",Men,55 years and over,2022,4.2,4.2,x,x,4200,x,4200
Manitoba,"Professional, scientific and technical services",Men,55 years and over,2023,4.1,4,x,x,4000,x,4100
Manitoba,"Professional, scientific and technical services",Men,55 years and over,2024,4,4,x,x,4000,x,4000
Manitoba,"Professional, scientific and technical services",Men,55 years and over,2025,5.1,5.1,x,x,5100,x,5100
Manitoba,"Professional, scientific and technical services",Women,15 to 24 years,2021,1.2,1.2,x,x,1200,x,1200
Manitoba,"Professional, scientific and technical services",Women,15 to 24 years,2022,1.7,1.6,x,x,1600,x,1700
Manitoba,"Professional, scientific and technical services",Women,15 to 24 years,2023,1.9,1.8,x,x,1800,x,1900
Manitoba,"Professional, scientific and technical services",Women,15 to 24 years,2024,1.4,1.4,x,x,1400,x,1400
Manitoba,"Professional, scientific and technical services",Women,15 to 24 years,2025,1.7,1.6,x,x,1600,x,1700
Manitoba,"Professional, scientific and technical services",Women,25 to 54 years,2021,9.8,9.4,x,x,9400,x,9800
Manitoba,"Professional, scientific and technical services",Women,25 to 54 years,2022,11.5,11.1,x,x,11100,x,11500
Manitoba,"Professional, scientific and technical services",Women,25 to 54 years,2023,11.4,11.2,x,x,11200,x,11400
Manitoba,"Professional, scientific and technical services",Women,25 to 54 years,2024,12.5,12,x,x,12000,x,12500
Manitoba,"Professional, scientific and technical services",Women,25 to 54 years,2025,13.2,13,x,x,13000,x,13200
Manitoba,"Professional, scientific and technical services",Women,55 years and over,2021,2.9,2.8,x,x,2800,x,2900
Manitoba,"Professional, scientific and technical services",Women,55 years and over,2022,2.7,2.7,x,x,2700,x,2700
Manitoba,"Professional, scientific and technical services",Women,55 years and over,2023,3.8,3.8,x,x,3800,x,3800
Manitoba,"Professional, scientific and technical services",Women,55 years and over,2024,3.7,3.5,x,x,3500,x,3700
Manitoba,"Professional, scientific and technical services",Women,55 years and over,2025,3.7,3.7,x,x,3700,x,3700
Manitoba,"Business, building and other support services",Men,15 to 24 years,2021,2.8,2.4,x,x,2400,x,2800
Manitoba,"Business, building and other support services",Men,15 to 24 years,2022,3.9,3.3,0.7,17.9,3300,700,3900
Manitoba,"Business, building and other support services",Men,15 to 24 years,2023,2.6,2.4,x,x,2400,x,2600
Manitoba,"Business, building and other support services",Men,15 to 24 years,2024,2.7,2.3,x,x,2300,x,2700
Manitoba,"Business, building and other support services",Men,15 to 24 years,2025,3.4,3,x,x,3000,x,3400
Manitoba,"Business, building and other support services",Men,25 to 54 years,2021,6.7,6.3,0.5,7.5,6300,500,6700
Manitoba,"Business, building and other support services",Men,25 to 54 years,2022,9.1,8.8,x,x,8800,x,9100
Manitoba,"Business, building and other support services",Men,25 to 54 years,2023,7,6.6,x,x,6600,x,7000
Manitoba,"Business, building and other support services",Men,25 to 54 years,2024,6.3,5.8,0.5,7.9,5800,500,6300
Manitoba,"Business, building and other support services",Men,25 to 54 years,2025,7.2,6.7,x,x,6700,x,7200
Manitoba,"Business, building and other support services",Men,55 years and over,2021,2.6,2.5,x,x,2500,x,2600
Manitoba,"Business, building and other support services",Men,55 years and over,2022,2.8,2.8,x,x,2800,x,2800
Manitoba,"Business, building and other support services",Men,55 years and over,2023,3.5,3.4,x,x,3400,x,3500
Manitoba,"Business, building and other support services",Men,55 years and over,2024,2.3,2.2,x,x,2200,x,2300
Manitoba,"Business, building and other support services",Men,55 years and over,2025,2.2,2,x,x,2000,x,2200
Manitoba,"Business, building and other support services",Women,15 to 24 years,2021,2.4,2.3,x,x,2300,x,2400
Manitoba,"Business, building and other support services",Women,15 to 24 years,2022,1.6,1.5,x,x,1500,x,1600
Manitoba,"Business, building and other support services",Women,15 to 24 years,2023,1.7,1.6,x,x,1600,x,1700
Manitoba,"Business, building and other support services",Women,15 to 24 years,2024,1.9,1.7,x,x,1700,x,1900
Manitoba,"Business, building and other support services",Women,15 to 24 years,2025,1.7,1.3,0.5,29.4,1300,500,1700
Manitoba,"Business, building and other support services",Women,25 to 54 years,2021,5.6,5.1,0.6,10.7,5100,600,5600
Manitoba,"Business, building and other support services",Women,25 to 54 years,2022,5.9,5.6,x,x,5600,x,5900
Manitoba,"Business, building and other support services",Women,25 to 54 years,2023,5.8,5.4,x,x,5400,x,5800
Manitoba,"Business, building and other support services",Women,25 to 54 years,2024,5.8,5.5,x,x,5500,x,5800
Manitoba,"Business, building and other support services",Women,25 to 54 years,2025,5.1,4.8,x,x,4800,x,5100
Manitoba,"Business, building and other support services",Women,55 years and over,2021,1.9,1.7,x,x,1700,x,1900
Manitoba,"Business, building and other support services",Women,55 years and over,2022,1.5,1.5,x,x,1500,x,1500
Manitoba,"Business, building and other support services",Women,55 years and over,2023,1.6,1.6,x,x,1600,x,1600
Manitoba,"Business, building and other support services",Women,55 years and over,2024,1.5,1.5,x,x,1500,x,1500
Manitoba,"Business, building and other support services",Women,55 years and over,2025,1.5,1.5,x,x,1500,x,1500
Manitoba,Educational services,Men,15 to 24 years,2021,1.3,1.2,x,x,1200,x,1300
Manitoba,Educational services,Men,15 to 24 years,2022,1.3,1.1,x,x,1100,x,1300
Manitoba,Educational services,Men,15 to 24 years,2023,1.7,1.7,x,x,1700,x,1700
Manitoba,Educational services,Men,15 to 24 years,2024,1.4,1.3,x,x,1300,x,1400
Manitoba,Educational services,Men,15 to 24 years,2025,2.6,2.5,x,x,2500,x,2600
Manitoba,Educational services,Men,25 to 54 years,2021,13.9,13.3,0.6,4.3,13300,600,13900
Manitoba,Educational services,Men,25 to 54 years,2022,15,14.5,0.5,3.3,14500,500,15000
Manitoba,Educational services,Men,25 to 54 years,2023,16.7,16.4,x,x,16400,x,16700
Manitoba,Educational services,Men,25 to 54 years,2024,13.7,13.2,0.5,3.6,13200,500,13700
Manitoba,Educational services,Men,25 to 54 years,2025,13.3,13.2,x,x,13200,x,13300
Manitoba,Educational services,Men,55 years and over,2021,5.5,5.3,x,x,5300,x,5500
Manitoba,Educational services,Men,55 years and over,2022,5.7,5.6,x,x,5600,x,5700
Manitoba,Educational services,Men,55 years and over,2023,5.3,5.1,x,x,5100,x,5300
Manitoba,Educational services,Men,55 years and over,2024,5.4,5.3,x,x,5300,x,5400
Manitoba,Educational services,Men,55 years and over,2025,5.1,4.9,x,x,4900,x,5100
Manitoba,Educational services,Women,15 to 24 years,2021,3.1,3,x,x,3000,x,3100
Manitoba,Educational services,Women,15 to 24 years,2022,2.3,2,x,x,2000,x,2300
Manitoba,Educational services,Women,15 to 24 years,2023,3.7,3.5,x,x,3500,x,3700
Manitoba,Educational services,Women,15 to 24 years,2024,3.6,3.5,x,x,3500,x,3600
Manitoba,Educational services,Women,15 to 24 years,2025,4,3.8,x,x,3800,x,4000
Manitoba,Educational services,Women,25 to 54 years,2021,29.4,27.9,1.5,5.1,27900,1500,29400
Manitoba,Educational services,Women,25 to 54 years,2022,33.5,31.9,1.6,4.8,31900,1600,33500
Manitoba,Educational services,Women,25 to 54 years,2023,30.5,29.5,1,3.3,29500,1000,30500
Manitoba,Educational services,Women,25 to 54 years,2024,33.4,32,1.4,4.2,32000,1400,33400
Manitoba,Educational services,Women,25 to 54 years,2025,32.2,30.9,1.2,3.7,30900,1200,32200
Manitoba,Educational services,Women,55 years and over,2021,8.9,8.4,0.5,5.6,8400,500,8900
Manitoba,Educational services,Women,55 years and over,2022,9.3,8.7,0.6,6.5,8700,600,9300
Manitoba,Educational services,Women,55 years and over,2023,10.4,9.8,0.6,5.8,9800,600,10400
Manitoba,Educational services,Women,55 years and over,2024,9.5,9.3,x,x,9300,x,9500
Manitoba,Educational services,Women,55 years and over,2025,8.8,8.4,x,x,8400,x,8800
Manitoba,Health care and social assistance,Men,15 to 24 years,2021,2.2,2.1,x,x,2100,x,2200
Manitoba,Health care and social assistance,Men,15 to 24 years,2022,2.6,2.6,x,x,2600,x,2600
Manitoba,Health care and social assistance,Men,15 to 24 years,2023,1.6,1.5,x,x,1500,x,1600
Manitoba,Health care and social assistance,Men,15 to 24 years,2024,2.7,2.6,x,x,2600,x,2700
Manitoba,Health care and social assistance,Men,15 to 24 years,2025,3.1,3,x,x,3000,x,3100
Manitoba,Health care and social assistance,Men,25 to 54 years,2021,16.1,15.8,x,x,15800,x,16100
Manitoba,Health care and social assistance,Men,25 to 54 years,2022,14.8,14.6,x,x,14600,x,14800
Manitoba,Health care and social assistance,Men,25 to 54 years,2023,16.7,16,0.7,4.2,16000,700,16700
Manitoba,Health care and social assistance,Men,25 to 54 years,2024,17.8,17.6,x,x,17600,x,17800
Manitoba,Health care and social assistance,Men,25 to 54 years,2025,20.6,20.3,x,x,20300,x,20600
Manitoba,Health care and social assistance,Men,55 years and over,2021,4.6,4.5,x,x,4500,x,4600
Manitoba,Health care and social assistance,Men,55 years and over,2022,5.1,5.1,x,x,5100,x,5100
Manitoba,Health care and social assistance,Men,55 years and over,2023,4.9,4.8,x,x,4800,x,4900
Manitoba,Health care and social assistance,Men,55 years and over,2024,4.7,4.6,x,x,4600,x,4700
Manitoba,Health care and social assistance,Men,55 years and over,2025,5.8,5.7,x,x,5700,x,5800
Manitoba,Health care and social assistance,Women,15 to 24 years,2021,8.6,8.2,x,x,8200,x,8600
Manitoba,Health care and social assistance,Women,15 to 24 years,2022,9.2,8.8,x,x,8800,x,9200
Manitoba,Health care and social assistance,Women,15 to 24 years,2023,9.8,9.6,x,x,9600,x,9800
Manitoba,Health care and social assistance,Women,15 to 24 years,2024,11.3,10.9,x,x,10900,x,11300
Manitoba,Health care and social assistance,Women,15 to 24 years,2025,10.4,9.9,x,x,9900,x,10400
Manitoba,Health care and social assistance,Women,25 to 54 years,2021,59.2,58.4,0.8,1.4,58400,800,59200
Manitoba,Health care and social assistance,Women,25 to 54 years,2022,58.3,57.3,1,1.7,57300,1000,58300
Manitoba,Health care and social assistance,Women,25 to 54 years,2023,59.5,58.5,1,1.7,58500,1000,59500
Manitoba,Health care and social assistance,Women,25 to 54 years,2024,63.3,62.3,0.9,1.4,62300,900,63300
Manitoba,Health care and social assistance,Women,25 to 54 years,2025,67.8,67,0.8,1.2,67000,800,67800
Manitoba,Health care and social assistance,Women,55 years and over,2021,16.5,16.2,x,x,16200,x,16500
Manitoba,Health care and social assistance,Women,55 years and over,2022,16,15.8,x,x,15800,x,16000
Manitoba,Health care and social assistance,Women,55 years and over,2023,16.8,16.5,x,x,16500,x,16800
Manitoba,Health care and social assistance,Women,55 years and over,2024,16.9,16.7,x,x,16700,x,16900
Manitoba,Health care and social assistance,Women,55 years and over,2025,18.5,18,0.5,2.7,18000,500,18500
Manitoba,"Information, culture and recreation",Men,15 to 24 years,2021,2.5,2,0.5,20,2000,500,2500
Manitoba,"Information, culture and recreation",Men,15 to 24 years,2022,3.5,3.2,x,x,3200,x,3500
Manitoba,"Information, culture and recreation",Men,15 to 24 years,2023,3.5,2.9,0.5,14.3,2900,500,3500
Manitoba,"Information, culture and recreation",Men,15 to 24 years,2024,4.7,4.1,0.7,14.9,4100,700,4700
Manitoba,"Information, culture and recreation",Men,15 to 24 years,2025,3.5,3,0.5,14.3,3000,500,3500
Manitoba,"Information, culture and recreation",Men,25 to 54 years,2021,6.6,6.4,x,x,6400,x,6600
Manitoba,"Information, culture and recreation",Men,25 to 54 years,2022,7.6,7.3,x,x,7300,x,7600
Manitoba,"Information, culture and recreation",Men,25 to 54 years,2023,8.6,8.1,0.5,5.8,8100,500,8600
Manitoba,"Information, culture and recreation",Men,25 to 54 years,2024,7.6,7.1,0.6,7.9,7100,600,7600
Manitoba,"Information, culture and recreation",Men,25 to 54 years,2025,8.7,8.3,x,x,8300,x,8700
Manitoba,"Information, culture and recreation",Men,55 years and over,2021,3.2,3.1,x,x,3100,x,3200
Manitoba,"Information, culture and recreation",Men,55 years and over,2022,2.7,2.6,x,x,2600,x,2700
Manitoba,"Information, culture and recreation",Men,55 years and over,2023,2.4,2.3,x,x,2300,x,2400
Manitoba,"Information, culture and recreation",Men,55 years and over,2024,2.6,2.3,x,x,2300,x,2600
Manitoba,"Information, culture and recreation",Men,55 years and over,2025,2.4,2.3,x,x,2300,x,2400
Manitoba,"Information, culture and recreation",Women,15 to 24 years,2021,3.2,2.6,0.5,15.6,2600,500,3200
Manitoba,"Information, culture and recreation",Women,15 to 24 years,2022,4.5,4.3,x,x,4300,x,4500
Manitoba,"Information, culture and recreation",Women,15 to 24 years,2023,4.3,3.9,x,x,3900,x,4300
Manitoba,"Information, culture and recreation",Women,15 to 24 years,2024,4.2,3.6,0.6,14.3,3600,600,4200
Manitoba,"Information, culture and recreation",Women,15 to 24 years,2025,4,3.6,x,x,3600,x,4000
Manitoba,"Information, culture and recreation",Women,25 to 54 years,2021,4.9,4.7,x,x,4700,x,4900
Manitoba,"Information, culture and recreation",Women,25 to 54 years,2022,4.8,4.7,x,x,4700,x,4800
Manitoba,"Information, culture and recreation",Women,25 to 54 years,2023,5.8,5.7,x,x,5700,x,5800
Manitoba,"Information, culture and recreation",Women,25 to 54 years,2024,6.7,6.5,x,x,6500,x,6700
Manitoba,"Information, culture and recreation",Women,25 to 54 years,2025,6.7,6.2,0.5,7.5,6200,500,6700
Manitoba,"Information, culture and recreation",Women,55 years and over,2021,2.3,2.3,x,x,2300,x,2300
Manitoba,"Information, culture and recreation",Women,55 years and over,2022,1.5,1.4,x,x,1400,x,1500
Manitoba,"Information, culture and recreation",Women,55 years and over,2023,1.6,1.5,x,x,1500,x,1600
Manitoba,"Information, culture and recreation",Women,55 years and over,2024,1.9,1.8,x,x,1800,x,1900
Manitoba,"Information, culture and recreation",Women,55 years and over,2025,2.1,2,x,x,2000,x,2100
Manitoba,Accommodation and food services,Men,15 to 24 years,2021,7.6,6.9,0.7,9.2,6900,700,7600
Manitoba,Accommodation and food services,Men,15 to 24 years,2022,8.9,8.4,0.5,5.6,8400,500,8900
Manitoba,Accommodation and food services,Men,15 to 24 years,2023,8.3,7.8,x,x,7800,x,8300
Manitoba,Accommodation and food services,Men,15 to 24 years,2024,8.5,7.9,0.6,7.1,7900,600,8500
Manitoba,Accommodation and food services,Men,15 to 24 years,2025,7,6.6,0.5,7.1,6600,500,7000
Manitoba,Accommodation and food services,Men,25 to 54 years,2021,7.4,6.5,0.9,12.2,6500,900,7400
Manitoba,Accommodation and food services,Men,25 to 54 years,2022,6.7,6.6,x,x,6600,x,6700
Manitoba,Accommodation and food services,Men,25 to 54 years,2023,6.3,6.1,x,x,6100,x,6300
Manitoba,Accommodation and food services,Men,25 to 54 years,2024,8.3,7.9,x,x,7900,x,8300
Manitoba,Accommodation and food services,Men,25 to 54 years,2025,8.7,8.5,x,x,8500,x,8700
Manitoba,Accommodation and food services,Men,55 years and over,2021,1.6,1.5,x,x,1500,x,1600
Manitoba,Accommodation and food services,Men,55 years and over,2022,1.8,1.7,x,x,1700,x,1800
Manitoba,Accommodation and food services,Men,55 years and over,2023,2,1.9,x,x,1900,x,2000
Manitoba,Accommodation and food services,Men,55 years and over,2024,1,0.9,x,x,900,x,1000
Manitoba,Accommodation and food services,Men,55 years and over,2025,1.3,1.3,x,x,1300,x,1300
Manitoba,Accommodation and food services,Women,15 to 24 years,2021,10.6,9.7,0.9,8.5,9700,900,10600
Manitoba,Accommodation and food services,Women,15 to 24 years,2022,11.9,11.4,0.5,4.2,11400,500,11900
Manitoba,Accommodation and food services,Women,15 to 24 years,2023,11,10.5,x,x,10500,x,11000
Manitoba,Accommodation and food services,Women,15 to 24 years,2024,9.8,9.3,0.5,5.1,9300,500,9800
Manitoba,Accommodation and food services,Women,15 to 24 years,2025,11.2,10.6,0.6,5.4,10600,600,11200
Manitoba,Accommodation and food services,Women,25 to 54 years,2021,7.7,7.2,0.6,7.8,7200,600,7700
Manitoba,Accommodation and food services,Women,25 to 54 years,2022,8.6,8.4,x,x,8400,x,8600
Manitoba,Accommodation and food services,Women,25 to 54 years,2023,9.9,9.6,x,x,9600,x,9900
Manitoba,Accommodation and food services,Women,25 to 54 years,2024,8.6,8.4,x,x,8400,x,8600
Manitoba,Accommodation and food services,Women,25 to 54 years,2025,11.7,11,0.6,5.1,11000,600,11700
Manitoba,Accommodation and food services,Women,55 years and over,2021,1.7,1.7,x,x,1700,x,1700
Manitoba,Accommodation and food services,Women,55 years and over,2022,1.9,1.7,x,x,1700,x,1900
Manitoba,Accommodation and food services,Women,55 years and over,2023,2.4,2.4,x,x,2400,x,2400
Manitoba,Accommodation and food services,Women,55 years and over,2024,1.6,1.6,x,x,1600,x,1600
Manitoba,Accommodation and food services,Women,55 years and over,2025,2,2,x,x,2000,x,2000
Manitoba,Other services (except public administration),Men,15 to 24 years,2021,1.9,1.7,x,x,1700,x,1900
Manitoba,Other services (except public administration),Men,15 to 24 years,2022,2.6,2.4,x,x,2400,x,2600
Manitoba,Other services (except public administration),Men,15 to 24 years,2023,2.9,2.5,x,x,2500,x,2900
Manitoba,Other services (except public administration),Men,15 to 24 years,2024,3.6,3.4,x,x,3400,x,3600
Manitoba,Other services (except public administration),Men,15 to 24 years,2025,3.2,3.1,x,x,3100,x,3200
Manitoba,Other services (except public administration),Men,25 to 54 years,2021,9.2,9,x,x,9000,x,9200
Manitoba,Other services (except public administration),Men,25 to 54 years,2022,8.6,8.5,x,x,8500,x,8600
Manitoba,Other services (except public administration),Men,25 to 54 years,2023,8,7.8,x,x,7800,x,8000
Manitoba,Other services (except public administration),Men,25 to 54 years,2024,10.2,10,x,x,10000,x,10200
Manitoba,Other services (except public administration),Men,25 to 54 years,2025,8.7,8.3,x,x,8300,x,8700
Manitoba,Other services (except public administration),Men,55 years and over,2021,3,3,x,x,3000,x,3000
Manitoba,Other services (except public administration),Men,55 years and over,2022,3.3,3.2,x,x,3200,x,3300
Manitoba,Other services (except public administration),Men,55 years and over,2023,2.9,2.8,x,x,2800,x,2900
Manitoba,Other services (except public administration),Men,55 years and over,2024,4,3.9,x,x,3900,x,4000
Manitoba,Other services (except public administration),Men,55 years and over,2025,3.5,3.5,x,x,3500,x,3500
Manitoba,Other services (except public administration),Women,15 to 24 years,2021,1.9,1.7,x,x,1700,x,1900
Manitoba,Other services (except public administration),Women,15 to 24 years,2022,2.2,2.1,x,x,2100,x,2200
Manitoba,Other services (except public administration),Women,15 to 24 years,2023,1.9,1.7,x,x,1700,x,1900
Manitoba,Other services (except public administration),Women,15 to 24 years,2024,2.4,2.3,x,x,2300,x,2400
Manitoba,Other services (except public administration),Women,15 to 24 years,2025,2.4,2.4,x,x,2400,x,2400
Manitoba,Other services (except public administration),Women,25 to 54 years,2021,9.4,8.7,0.7,7.4,8700,700,9400
Manitoba,Other services (except public administration),Women,25 to 54 years,2022,8.4,8.3,x,x,8300,x,8400
Manitoba,Other services (except public administration),Women,25 to 54 years,2023,9.9,9.7,x,x,9700,x,9900
Manitoba,Other services (except public administration),Women,25 to 54 years,2024,9.1,8.9,x,x,8900,x,9100
Manitoba,Other services (except public administration),Women,25 to 54 years,2025,8.4,8,x,x,8000,x,8400
Manitoba,Other services (except public administration),Women,55 years and over,2021,2.7,2.6,x,x,2600,x,2700
Manitoba,Other services (except public administration),Women,55 years and over,2022,2.8,2.8,x,x,2800,x,2800
Manitoba,Other services (except public administration),Women,55 years and over,2023,2.7,2.7,x,x,2700,x,2700
Manitoba,Other services (except public administration),Women,55 years and over,2024,2.4,2.3,x,x,2300,x,2400
Manitoba,Other services (except public administration),Women,55 years and over,2025,2.7,2.7,x,x,2700,x,2700
Manitoba,Public administration,Men,15 to 24 years,2021,1.9,1.7,x,x,1700,x,1900
Manitoba,Public administration,Men,15 to 24 years,2022,1.3,1.2,x,x,1200,x,1300
Manitoba,Public administration,Men,15 to 24 years,2023,1.7,1.7,x,x,1700,x,1700
Manitoba,Public administration,Men,15 to 24 years,2024,1.6,1.4,x,x,1400,x,1600
Manitoba,Public administration,Men,15 to 24 years,2025,1.8,1.4,x,x,1400,x,1800
Manitoba,Public administration,Men,25 to 54 years,2021,13.8,13.4,x,x,13400,x,13800
Manitoba,Public administration,Men,25 to 54 years,2022,17.4,17.1,x,x,17100,x,17400
Manitoba,Public administration,Men,25 to 54 years,2023,17,16.6,x,x,16600,x,17000
Manitoba,Public administration,Men,25 to 54 years,2024,17.6,17.1,0.5,2.8,17100,500,17600
Manitoba,Public administration,Men,25 to 54 years,2025,17.9,17.6,x,x,17600,x,17900
Manitoba,Public administration,Men,55 years and over,2021,3.2,3.2,x,x,3200,x,3200
Manitoba,Public administration,Men,55 years and over,2022,3.1,3,x,x,3000,x,3100
Manitoba,Public administration,Men,55 years and over,2023,4,3.9,x,x,3900,x,4000
Manitoba,Public administration,Men,55 years and over,2024,3.6,3.6,x,x,3600,x,3600
Manitoba,Public administration,Men,55 years and over,2025,3.8,3.7,x,x,3700,x,3800
Manitoba,Public administration,Women,15 to 24 years,2021,2,1.9,x,x,1900,x,2000
Manitoba,Public administration,Women,15 to 24 years,2022,1.8,1.7,x,x,1700,x,1800
Manitoba,Public administration,Women,15 to 24 years,2023,1.7,1.6,x,x,1600,x,1700
Manitoba,Public administration,Women,15 to 24 years,2024,2.6,2.5,x,x,2500,x,2600
Manitoba,Public administration,Women,15 to 24 years,2025,1.3,1.2,x,x,1200,x,1300
Manitoba,Public administration,Women,25 to 54 years,2021,14.3,14,x,x,14000,x,14300
Manitoba,Public administration,Women,25 to 54 years,2022,15.6,15.4,x,x,15400,x,15600
Manitoba,Public administration,Women,25 to 54 years,2023,18.1,17.7,x,x,17700,x,18100
Manitoba,Public administration,Women,25 to 54 years,2024,16.3,16,x,x,16000,x,16300
Manitoba,Public administration,Women,25 to 54 years,2025,15.6,15.3,x,x,15300,x,15600
Manitoba,Public administration,Women,55 years and over,2021,3.9,3.6,x,x,3600,x,3900
Manitoba,Public administration,Women,55 years and over,2022,4.2,4,x,x,4000,x,4200
Manitoba,Public administration,Women,55 years and over,2023,3.4,3.4,x,x,3400,x,3400
Manitoba,Public administration,Women,55 years and over,2024,3.5,3.5,x,x,3500,x,3500
Manitoba,Public administration,Women,55 years and over,2025,3.6,3.5,x,x,3500,x,3600
Saskatchewan,Agriculture,Men,15 to 24 years,2021,2.1,1.9,x,x,1900,x,2100
Saskatchewan,Agriculture,Men,15 to 24 years,2022,2.3,2.2,x,x,2200,x,2300
Saskatchewan,Agriculture,Men,15 to 24 years,2023,2.5,2.4,x,x,2400,x,2500
Saskatchewan,Agriculture,Men,15 to 24 years,2024,1.7,1.6,x,x,1600,x,1700
Saskatchewan,Agriculture,Men,15 to 24 years,2025,2.2,2.1,x,x,2100,x,2200
Saskatchewan,Agriculture,Men,25 to 54 years,2021,10.7,10.4,x,x,10400,x,10700
Saskatchewan,Agriculture,Men,25 to 54 years,2022,9.8,9.6,x,x,9600,x,9800
Saskatchewan,Agriculture,Men,25 to 54 years,2023,8.7,8.4,x,x,8400,x,8700
Saskatchewan,Agriculture,Men,25 to 54 years,2024,9.8,9.7,x,x,9700,x,9800
Saskatchewan,Agriculture,Men,25 to 54 years,2025,10.9,10.6,x,x,10600,x,10900
Saskatchewan,Agriculture,Men,55 years and over,2021,12.6,12.4,x,x,12400,x,12600
Saskatchewan,Agriculture,Men,55 years and over,2022,11.2,11,x,x,11000,x,11200
Saskatchewan,Agriculture,Men,55 years and over,2023,9.4,9.1,x,x,9100,x,9400
Saskatchewan,Agriculture,Men,55 years and over,2024,9.9,9.6,x,x,9600,x,9900
Saskatchewan,Agriculture,Men,55 years and over,2025,10,9.8,x,x,9800,x,10000
Saskatchewan,Agriculture,Women,15 to 24 years,2021,0.5,0.5,x,x,500,x,500
Saskatchewan,Agriculture,Women,15 to 24 years,2022,0.7,0.7,x,x,700,x,700
Saskatchewan,Agriculture,Women,15 to 24 years,2023,0.5,0.5,x,x,500,x,500
Saskatchewan,Agriculture,Women,15 to 24 years,2024,0.5,0.5,x,x,500,x,500
Saskatchewan,Agriculture,Women,15 to 24 years,2025,x,x,x,x,x,x,x
Saskatchewan,Agriculture,Women,25 to 54 years,2021,2.6,2.5,x,x,2500,x,2600
Saskatchewan,Agriculture,Women,25 to 54 years,2022,2.7,2.6,x,x,2600,x,2700
Saskatchewan,Agriculture,Women,25 to 54 years,2023,1.7,1.6,x,x,1600,x,1700
Saskatchewan,Agriculture,Women,25 to 54 years,2024,2.5,2.3,x,x,2300,x,2500
Saskatchewan,Agriculture,Women,25 to 54 years,2025,2.8,2.7,x,x,2700,x,2800
Saskatchewan,Agriculture,Women,55 years and over,2021,4.4,4.4,x,x,4400,x,4400
Saskatchewan,Agriculture,Women,55 years and over,2022,3.6,3.6,x,x,3600,x,3600
Saskatchewan,Agriculture,Women,55 years and over,2023,3.8,3.7,x,x,3700,x,3800
Saskatchewan,Agriculture,Women,55 years and over,2024,3.3,3.3,x,x,3300,x,3300
Saskatchewan,Agriculture,Women,55 years and over,2025,3.1,3.1,x,x,3100,x,3100
Saskatchewan,"Forestry, fishing, mining, quarrying, oil and gas",Men,15 to 24 years,2021,1,1,x,x,1000,x,1000
Saskatchewan,"Forestry, fishing, mining, quarrying, oil and gas",Men,15 to 24 years,2022,1,0.9,x,x,900,x,1000
Saskatchewan,"Forestry, fishing, mining, quarrying, oil and gas",Men,15 to 24 years,2023,0.9,0.9,x,x,900,x,900
Saskatchewan,"Forestry, fishing, mining, quarrying, oil and gas",Men,15 to 24 years,2024,1,0.8,x,x,800,x,1000
Saskatchewan,"Forestry, fishing, mining, quarrying, oil and gas",Men,15 to 24 years,2025,1.8,1.7,x,x,1700,x,1800
Saskatchewan,"Forestry, fishing, mining, quarrying, oil and gas",Men,25 to 54 years,2021,14.7,14.1,0.6,4.1,14100,600,14700
Saskatchewan,"Forestry, fishing, mining, quarrying, oil and gas",Men,25 to 54 years,2022,14.5,14,0.5,3.4,14000,500,14500
Saskatchewan,"Forestry, fishing, mining, quarrying, oil and gas",Men,25 to 54 years,2023,15.4,14.9,0.5,3.2,14900,500,15400
Saskatchewan,"Forestry, fishing, mining, quarrying, oil and gas",Men,25 to 54 years,2024,15,14.4,0.6,4,14400,600,15000
Saskatchewan,"Forestry, fishing, mining, quarrying, oil and gas",Men,25 to 54 years,2025,15.8,15.5,x,x,15500,x,15800
Saskatchewan,"Forestry, fishing, mining, quarrying, oil and gas",Men,55 years and over,2021,4,3.9,x,x,3900,x,4000
Saskatchewan,"Forestry, fishing, mining, quarrying, oil and gas",Men,55 years and over,2022,2.7,2.6,x,x,2600,x,2700
Saskatchewan,"Forestry, fishing, mining, quarrying, oil and gas",Men,55 years and over,2023,2.3,2.2,x,x,2200,x,2300
Saskatchewan,"Forestry, fishing, mining, quarrying, oil and gas",Men,55 years and over,2024,3.5,3.3,x,x,3300,x,3500
Saskatchewan,"Forestry, fishing, mining, quarrying, oil and gas",Men,55 years and over,2025,3.4,3.2,x,x,3200,x,3400
Saskatchewan,"Forestry, fishing, mining, quarrying, oil and gas",Women,15 to 24 years,2021,x,x,x,x,x,x,x
Saskatchewan,"Forestry, fishing, mining, quarrying, oil and gas",Women,15 to 24 years,2022,x,x,x,x,x,x,x
Saskatchewan,"Forestry, fishing, mining, quarrying, oil and gas",Women,15 to 24 years,2023,x,x,x,x,x,x,x
Saskatchewan,"Forestry, fishing, mining, quarrying, oil and gas",Women,15 to 24 years,2024,x,x,x,x,x,x,x
Saskatchewan,"Forestry, fishing, mining, quarrying, oil and gas",Women,15 to 24 years,2025,x,x,x,x,x,x,x
Saskatchewan,"Forestry, fishing, mining, quarrying, oil and gas",Women,25 to 54 years,2021,1.7,1.7,x,x,1700,x,1700
Saskatchewan,"Forestry, fishing, mining, quarrying, oil and gas",Women,25 to 54 years,2022,1.7,1.7,x,x,1700,x,1700
Saskatchewan,"Forestry, fishing, mining, quarrying, oil and gas",Women,25 to 54 years,2023,2.3,2.2,x,x,2200,x,2300
Saskatchewan,"Forestry, fishing, mining, quarrying, oil and gas",Women,25 to 54 years,2024,3,3,x,x,3000,x,3000
Saskatchewan,"Forestry, fishing, mining, quarrying, oil and gas",Women,25 to 54 years,2025,2.4,2.4,x,x,2400,x,2400
Saskatchewan,"Forestry, fishing, mining, quarrying, oil and gas",Women,55 years and over,2021,x,x,x,x,x,x,x
Saskatchewan,"Forestry, fishing, mining, quarrying, oil and gas",Women,55 years and over,2022,x,x,x,x,x,x,x
Saskatchewan,"Forestry, fishing, mining, quarrying, oil and gas",Women,55 years and over,2023,x,x,x,x,x,x,x
Saskatchewan,"Forestry, fishing, mining, quarrying, oil and gas",Women,55 years and over,2024,x,x,x,x,x,x,x
Saskatchewan,"Forestry, fishing, mining, quarrying, oil and gas",Women,55 years and over,2025,x,x,x,x,x,x,x
Saskatchewan,Utilities,Men,15 to 24 years,2021,x,x,x,x,x,x,x
Saskatchewan,Utilities,Men,15 to 24 years,2022,x,x,x,x,x,x,x
Saskatchewan,Utilities,Men,15 to 24 years,2023,x,x,x,x,x,x,x
Saskatchewan,Utilities,Men,15 to 24 years,2024,x,x,x,x,x,x,x
Saskatchewan,Utilities,Men,15 to 24 years,2025,0.5,0.5,x,x,500,x,500
Saskatchewan,Utilities,Men,25 to 54 years,2021,3.5,3.5,x,x,3500,x,3500
Saskatchewan,Utilities,Men,25 to 54 years,2022,4.1,4.1,x,x,4100,x,4100
Saskatchewan,Utilities,Men,25 to 54 years,2023,5,5,x,x,5000,x,5000
Saskatchewan,Utilities,Men,25 to 54 years,2024,3.8,3.7,x,x,3700,x,3800
Saskatchewan,Utilities,Men,25 to 54 years,2025,3.9,3.9,x,x,3900,x,3900
Saskatchewan,Utilities,Men,55 years and over,2021,0.7,0.6,x,x,600,x,700
Saskatchewan,Utilities,Men,55 years and over,2022,0.6,0.6,x,x,600,x,600
Saskatchewan,Utilities,Men,55 years and over,2023,1.2,1.2,x,x,1200,x,1200
Saskatchewan,Utilities,Men,55 years and over,2024,0.6,0.6,x,x,600,x,600
Saskatchewan,Utilities,Men,55 years and over,2025,1,1,x,x,1000,x,1000
Saskatchewan,Utilities,Women,15 to 24 years,2021,x,x,x,x,x,x,x
Saskatchewan,Utilities,Women,15 to 24 years,2022,x,x,x,x,x,x,x
Saskatchewan,Utilities,Women,15 to 24 years,2023,x,x,x,x,x,x,x
Saskatchewan,Utilities,Women,15 to 24 years,2024,x,x,x,x,x,x,x
Saskatchewan,Utilities,Women,15 to 24 years,2025,x,x,x,x,x,x,x
Saskatchewan,Utilities,Women,25 to 54 years,2021,1.4,1.4,x,x,1400,x,1400
Saskatchewan,Utilities,Women,25 to 54 years,2022,1.2,1.2,x,x,1200,x,1200
Saskatchewan,Utilities,Women,25 to 54 years,2023,1,0.9,x,x,900,x,1000
Saskatchewan,Utilities,Women,25 to 54 years,2024,1.4,1.3,x,x,1300,x,1400
Saskatchewan,Utilities,Women,25 to 54 years,2025,1.3,1.3,x,x,1300,x,1300
Saskatchewan,Utilities,Women,55 years and over,2021,x,x,x,x,x,x,x
Saskatchewan,Utilities,Women,55 years and over,2022,x,x,x,x,x,x,x
Saskatchewan,Utilities,Women,55 years and over,2023,x,x,x,x,x,x,x
Saskatchewan,Utilities,Women,55 years and over,2024,x,x,x,x,x,x,x
Saskatchewan,Utilities,Women,55 years and over,2025,x,x,x,x,x,x,x
Saskatchewan,Construction,Men,15 to 24 years,2021,6.2,5.8,0.5,8.1,5800,500,6200
Saskatchewan,Construction,Men,15 to 24 years,2022,4.9,4.5,x,x,4500,x,4900
Saskatchewan,Construction,Men,15 to 24 years,2023,4.9,4.4,0.5,10.2,4400,500,4900
Saskatchewan,Construction,Men,15 to 24 years,2024,6.5,5.6,0.9,13.8,5600,900,6500
Saskatchewan,Construction,Men,15 to 24 years,2025,7.6,7,0.6,7.9,7000,600,7600
Saskatchewan,Construction,Men,25 to 54 years,2021,27.6,25.5,2.1,7.6,25500,2100,27600
Saskatchewan,Construction,Men,25 to 54 years,2022,29.4,27.5,1.9,6.5,27500,1900,29400
Saskatchewan,Construction,Men,25 to 54 years,2023,26.2,24.8,1.4,5.3,24800,1400,26200
Saskatchewan,Construction,Men,25 to 54 years,2024,27.4,25.7,1.7,6.2,25700,1700,27400
Saskatchewan,Construction,Men,25 to 54 years,2025,29.5,27.9,1.6,5.4,27900,1600,29500
Saskatchewan,Construction,Men,55 years and over,2021,6.9,6,0.9,13,6000,900,6900
Saskatchewan,Construction,Men,55 years and over,2022,9.3,8.6,0.7,7.5,8600,700,9300
Saskatchewan,Construction,Men,55 years and over,2023,8.7,8.2,0.5,5.7,8200,500,8700
Saskatchewan,Construction,Men,55 years and over,2024,7.9,7.3,0.6,7.6,7300,600,7900
Saskatchewan,Construction,Men,55 years and over,2025,7.9,7.2,0.7,8.9,7200,700,7900
Saskatchewan,Construction,Women,15 to 24 years,2021,0.5,x,x,x,x,x,500
Saskatchewan,Construction,Women,15 to 24 years,2022,0.5,0.5,x,x,500,x,500
Saskatchewan,Construction,Women,15 to 24 years,2023,x,x,x,x,x,x,x
Saskatchewan,Construction,Women,15 to 24 years,2024,0.6,0.5,x,x,500,x,600
Saskatchewan,Construction,Women,15 to 24 years,2025,0.6,0.5,x,x,500,x,600
Saskatchewan,Construction,Women,25 to 54 years,2021,4.3,4.1,x,x,4100,x,4300
Saskatchewan,Construction,Women,25 to 54 years,2022,4.1,4,x,x,4000,x,4100
Saskatchewan,Construction,Women,25 to 54 years,2023,3.7,3.6,x,x,3600,x,3700
Saskatchewan,Construction,Women,25 to 54 years,2024,2.9,2.6,x,x,2600,x,2900
Saskatchewan,Construction,Women,25 to 54 years,2025,4.1,4,x,x,4000,x,4100
Saskatchewan,Construction,Women,55 years and over,2021,0.9,0.8,x,x,800,x,900
Saskatchewan,Construction,Women,55 years and over,2022,1,1,x,x,1000,x,1000
Saskatchewan,Construction,Women,55 years and over,2023,1.4,1.4,x,x,1400,x,1400
Saskatchewan,Construction,Women,55 years and over,2024,0.9,0.9,x,x,900,x,900
Saskatchewan,Construction,Women,55 years and over,2025,1.3,1.2,x,x,1200,x,1300
Saskatchewan,Manufacturing,Men,15 to 24 years,2021,2.4,2.3,x,x,2300,x,2400
Saskatchewan,Manufacturing,Men,15 to 24 years,2022,2.2,2,x,x,2000,x,2200
Saskatchewan,Manufacturing,Men,15 to 24 years,2023,2.3,2.2,x,x,2200,x,2300
Saskatchewan,Manufacturing,Men,15 to 24 years,2024,2.9,2.7,x,x,2700,x,2900
Saskatchewan,Manufacturing,Men,15 to 24 years,2025,2,1.9,x,x,1900,x,2000
Saskatchewan,Manufacturing,Men,25 to 54 years,2021,19.6,18.7,0.8,4.1,18700,800,19600
Saskatchewan,Manufacturing,Men,25 to 54 years,2022,18.5,18.2,x,x,18200,x,18500
Saskatchewan,Manufacturing,Men,25 to 54 years,2023,17,16.8,x,x,16800,x,17000
Saskatchewan,Manufacturing,Men,25 to 54 years,2024,18.8,18.4,0.5,2.7,18400,500,18800
Saskatchewan,Manufacturing,Men,25 to 54 years,2025,17,16.5,0.6,3.5,16500,600,17000
Saskatchewan,Manufacturing,Men,55 years and over,2021,5.1,4.6,0.5,9.8,4600,500,5100
Saskatchewan,Manufacturing,Men,55 years and over,2022,4.3,4.2,x,x,4200,x,4300
Saskatchewan,Manufacturing,Men,55 years and over,2023,5.6,5.5,x,x,5500,x,5600
Saskatchewan,Manufacturing,Men,55 years and over,2024,4.9,4.8,x,x,4800,x,4900
Saskatchewan,Manufacturing,Men,55 years and over,2025,5,5,x,x,5000,x,5000
Saskatchewan,Manufacturing,Women,15 to 24 years,2021,0.5,0.5,x,x,500,x,500
Saskatchewan,Manufacturing,Women,15 to 24 years,2022,0.5,0.5,x,x,500,x,500
Saskatchewan,Manufacturing,Women,15 to 24 years,2023,0.7,0.6,x,x,600,x,700
Saskatchewan,Manufacturing,Women,15 to 24 years,2024,0.6,0.6,x,x,600,x,600
Saskatchewan,Manufacturing,Women,15 to 24 years,2025,0.6,0.5,x,x,500,x,600
Saskatchewan,Manufacturing,Women,25 to 54 years,2021,4.6,4.4,x,x,4400,x,4600
Saskatchewan,Manufacturing,Women,25 to 54 years,2022,4.8,4.6,x,x,4600,x,4800
Saskatchewan,Manufacturing,Women,25 to 54 years,2023,5.8,5.7,x,x,5700,x,5800
Saskatchewan,Manufacturing,Women,25 to 54 years,2024,4.9,4.7,x,x,4700,x,4900
Saskatchewan,Manufacturing,Women,25 to 54 years,2025,4.1,4,x,x,4000,x,4100
Saskatchewan,Manufacturing,Women,55 years and over,2021,0.8,0.7,x,x,700,x,800
Saskatchewan,Manufacturing,Women,55 years and over,2022,2,1.9,x,x,1900,x,2000
Saskatchewan,Manufacturing,Women,55 years and over,2023,1.6,1.6,x,x,1600,x,1600
Saskatchewan,Manufacturing,Women,55 years and over,2024,1.2,1.2,x,x,1200,x,1200
Saskatchewan,Manufacturing,Women,55 years and over,2025,1.5,1.5,x,x,1500,x,1500
Saskatchewan,Wholesale and retail trade,Men,15 to 24 years,2021,13.4,12.6,0.8,6,12600,800,13400
Saskatchewan,Wholesale and retail trade,Men,15 to 24 years,2022,14.1,12.9,1.1,7.8,12900,1100,14100
Saskatchewan,Wholesale and retail trade,Men,15 to 24 years,2023,12.5,12,0.5,4,12000,500,12500
Saskatchewan,Wholesale and retail trade,Men,15 to 24 years,2024,12.9,12.2,0.6,4.7,12200,600,12900
Saskatchewan,Wholesale and retail trade,Men,15 to 24 years,2025,12.2,11.6,0.5,4.1,11600,500,12200
Saskatchewan,Wholesale and retail trade,Men,25 to 54 years,2021,29.3,28.7,0.6,2,28700,600,29300
Saskatchewan,Wholesale and retail trade,Men,25 to 54 years,2022,32,31.5,0.5,1.6,31500,500,32000
Saskatchewan,Wholesale and retail trade,Men,25 to 54 years,2023,32.7,32.1,0.7,2.1,32100,700,32700
Saskatchewan,Wholesale and retail trade,Men,25 to 54 years,2024,35,34.1,0.9,2.6,34100,900,35000
Saskatchewan,Wholesale and retail trade,Men,25 to 54 years,2025,33.4,32.6,0.9,2.7,32600,900,33400
Saskatchewan,Wholesale and retail trade,Men,55 years and over,2021,12.1,11.5,0.6,5,11500,600,12100
Saskatchewan,Wholesale and retail trade,Men,55 years and over,2022,11.4,10.9,0.5,4.4,10900,500,11400
Saskatchewan,Wholesale and retail trade,Men,55 years and over,2023,12.5,12.2,x,x,12200,x,12500
Saskatchewan,Wholesale and retail trade,Men,55 years and over,2024,12,11.8,x,x,11800,x,12000
Saskatchewan,Wholesale and retail trade,Men,55 years and over,2025,10.2,10.1,x,x,10100,x,10200
Saskatchewan,Wholesale and retail trade,Women,15 to 24 years,2021,9.9,9.5,0.5,5.1,9500,500,9900
Saskatchewan,Wholesale and retail trade,Women,15 to 24 years,2022,10.4,10.1,x,x,10100,x,10400
Saskatchewan,Wholesale and retail trade,Women,15 to 24 years,2023,11.4,11,x,x,11000,x,11400
Saskatchewan,Wholesale and retail trade,Women,15 to 24 years,2024,10,9.8,x,x,9800,x,10000
Saskatchewan,Wholesale and retail trade,Women,15 to 24 years,2025,11.2,10.7,0.5,4.5,10700,500,11200
Saskatchewan,Wholesale and retail trade,Women,25 to 54 years,2021,23.9,23.1,0.8,3.3,23100,800,23900
Saskatchewan,Wholesale and retail trade,Women,25 to 54 years,2022,22.6,22.2,x,x,22200,x,22600
Saskatchewan,Wholesale and retail trade,Women,25 to 54 years,2023,22.4,21.9,0.5,2.2,21900,500,22400
Saskatchewan,Wholesale and retail trade,Women,25 to 54 years,2024,22.7,21.8,0.9,4,21800,900,22700
Saskatchewan,Wholesale and retail trade,Women,25 to 54 years,2025,23.6,22.9,0.6,2.5,22900,600,23600
Saskatchewan,Wholesale and retail trade,Women,55 years and over,2021,8.9,8.8,x,x,8800,x,8900
Saskatchewan,Wholesale and retail trade,Women,55 years and over,2022,10,9.9,x,x,9900,x,10000
Saskatchewan,Wholesale and retail trade,Women,55 years and over,2023,9.9,9.7,x,x,9700,x,9900
Saskatchewan,Wholesale and retail trade,Women,55 years and over,2024,10.5,10.3,x,x,10300,x,10500
Saskatchewan,Wholesale and retail trade,Women,55 years and over,2025,9.7,9.5,x,x,9500,x,9700
Saskatchewan,Transportation and warehousing,Men,15 to 24 years,2021,1.7,1.4,x,x,1400,x,1700
Saskatchewan,Transportation and warehousing,Men,15 to 24 years,2022,1.6,1.6,x,x,1600,x,1600
Saskatchewan,Transportation and warehousing,Men,15 to 24 years,2023,1.9,1.8,x,x,1800,x,1900
Saskatchewan,Transportation and warehousing,Men,15 to 24 years,2024,1.7,1.6,x,x,1600,x,1700
Saskatchewan,Transportation and warehousing,Men,15 to 24 years,2025,2.2,2.2,x,x,2200,x,2200
Saskatchewan,Transportation and warehousing,Men,25 to 54 years,2021,13.8,13.2,0.6,4.3,13200,600,13800
Saskatchewan,Transportation and warehousing,Men,25 to 54 years,2022,13.6,13.1,x,x,13100,x,13600
Saskatchewan,Transportation and warehousing,Men,25 to 54 years,2023,16.4,15.7,0.7,4.3,15700,700,16400
Saskatchewan,Transportation and warehousing,Men,25 to 54 years,2024,16.7,16.1,0.6,3.6,16100,600,16700
Saskatchewan,Transportation and warehousing,Men,25 to 54 years,2025,15.6,15.1,0.6,3.8,15100,600,15600
Saskatchewan,Transportation and warehousing,Men,55 years and over,2021,5.8,5.7,x,x,5700,x,5800
Saskatchewan,Transportation and warehousing,Men,55 years and over,2022,6,5.8,x,x,5800,x,6000
Saskatchewan,Transportation and warehousing,Men,55 years and over,2023,6.1,6,x,x,6000,x,6100
Saskatchewan,Transportation and warehousing,Men,55 years and over,2024,6.7,6.6,x,x,6600,x,6700
Saskatchewan,Transportation and warehousing,Men,55 years and over,2025,5.7,5.5,x,x,5500,x,5700
Saskatchewan,Transportation and warehousing,Women,15 to 24 years,2021,x,x,x,x,x,x,x
Saskatchewan,Transportation and warehousing,Women,15 to 24 years,2022,x,x,x,x,x,x,x
Saskatchewan,Transportation and warehousing,Women,15 to 24 years,2023,x,x,x,x,x,x,x
Saskatchewan,Transportation and warehousing,Women,15 to 24 years,2024,x,x,x,x,x,x,x
Saskatchewan,Transportation and warehousing,Women,15 to 24 years,2025,x,x,x,x,x,x,x
Saskatchewan,Transportation and warehousing,Women,25 to 54 years,2021,2.3,2.2,x,x,2200,x,2300
Saskatchewan,Transportation and warehousing,Women,25 to 54 years,2022,3.2,3.2,x,x,3200,x,3200
Saskatchewan,Transportation and warehousing,Women,25 to 54 years,2023,3,2.9,x,x,2900,x,3000
Saskatchewan,Transportation and warehousing,Women,25 to 54 years,2024,3.2,2.9,x,x,2900,x,3200
Saskatchewan,Transportation and warehousing,Women,25 to 54 years,2025,2.5,2.4,x,x,2400,x,2500
Saskatchewan,Transportation and warehousing,Women,55 years and over,2021,1.1,1.1,x,x,1100,x,1100
Saskatchewan,Transportation and warehousing,Women,55 years and over,2022,1.7,1.6,x,x,1600,x,1700
Saskatchewan,Transportation and warehousing,Women,55 years and over,2023,1.5,1.5,x,x,1500,x,1500
Saskatchewan,Transportation and warehousing,Women,55 years and over,2024,1.5,1.5,x,x,1500,x,1500
Saskatchewan,Transportation and warehousing,Women,55 years and over,2025,1.6,1.6,x,x,1600,x,1600
Saskatchewan,"Finance, insurance, real estate, rental and leasing",Men,15 to 24 years,2021,0.9,0.9,x,x,900,x,900
Saskatchewan,"Finance, insurance, real estate, rental and leasing",Men,15 to 24 years,2022,0.7,0.7,x,x,700,x,700
Saskatchewan,"Finance, insurance, real estate, rental and leasing",Men,15 to 24 years,2023,1.1,0.9,x,x,900,x,1100
Saskatchewan,"Finance, insurance, real estate, rental and leasing",Men,15 to 24 years,2024,0.9,0.9,x,x,900,x,900
Saskatchewan,"Finance, insurance, real estate, rental and leasing",Men,15 to 24 years,2025,0.7,0.7,x,x,700,x,700
Saskatchewan,"Finance, insurance, real estate, rental and leasing",Men,25 to 54 years,2021,7.9,7.8,x,x,7800,x,7900
Saskatchewan,"Finance, insurance, real estate, rental and leasing",Men,25 to 54 years,2022,9.4,9.4,x,x,9400,x,9400
Saskatchewan,"Finance, insurance, real estate, rental and leasing",Men,25 to 54 years,2023,8.9,8.7,x,x,8700,x,8900
Saskatchewan,"Finance, insurance, real estate, rental and leasing",Men,25 to 54 years,2024,7.9,7.7,x,x,7700,x,7900
Saskatchewan,"Finance, insurance, real estate, rental and leasing",Men,25 to 54 years,2025,9,8.9,x,x,8900,x,9000
Saskatchewan,"Finance, insurance, real estate, rental and leasing",Men,55 years and over,2021,3,2.9,x,x,2900,x,3000
Saskatchewan,"Finance, insurance, real estate, rental and leasing",Men,55 years and over,2022,3.6,3.4,x,x,3400,x,3600
Saskatchewan,"Finance, insurance, real estate, rental and leasing",Men,55 years and over,2023,2.8,2.6,x,x,2600,x,2800
Saskatchewan,"Finance, insurance, real estate, rental and leasing",Men,55 years and over,2024,3,3,x,x,3000,x,3000
Saskatchewan,"Finance, insurance, real estate, rental and leasing",Men,55 years and over,2025,3.1,3.1,x,x,3100,x,3100
Saskatchewan,"Finance, insurance, real estate, rental and leasing",Women,15 to 24 years,2021,0.8,0.8,x,x,800,x,800
Saskatchewan,"Finance, insurance, real estate, rental and leasing",Women,15 to 24 years,2022,0.5,0.5,x,x,500,x,500
Saskatchewan,"Finance, insurance, real estate, rental and leasing",Women,15 to 24 years,2023,1.4,1.3,x,x,1300,x,1400
Saskatchewan,"Finance, insurance, real estate, rental and leasing",Women,15 to 24 years,2024,0.6,0.6,x,x,600,x,600
Saskatchewan,"Finance, insurance, real estate, rental and leasing",Women,15 to 24 years,2025,0.6,0.6,x,x,600,x,600
Saskatchewan,"Finance, insurance, real estate, rental and leasing",Women,25 to 54 years,2021,12,11.8,x,x,11800,x,12000
Saskatchewan,"Finance, insurance, real estate, rental and leasing",Women,25 to 54 years,2022,11.9,11.8,x,x,11800,x,11900
Saskatchewan,"Finance, insurance, real estate, rental and leasing",Women,25 to 54 years,2023,13,12.7,x,x,12700,x,13000
Saskatchewan,"Finance, insurance, real estate, rental and leasing",Women,25 to 54 years,2024,12.7,12.6,x,x,12600,x,12700
Saskatchewan,"Finance, insurance, real estate, rental and leasing",Women,25 to 54 years,2025,13.4,13.1,x,x,13100,x,13400
Saskatchewan,"Finance, insurance, real estate, rental and leasing",Women,55 years and over,2021,4.1,4,x,x,4000,x,4100
Saskatchewan,"Finance, insurance, real estate, rental and leasing",Women,55 years and over,2022,4.9,4.9,x,x,4900,x,4900
Saskatchewan,"Finance, insurance, real estate, rental and leasing",Women,55 years and over,2023,2.7,2.7,x,x,2700,x,2700
Saskatchewan,"Finance, insurance, real estate, rental and leasing",Women,55 years and over,2024,3.1,3.1,x,x,3100,x,3100
Saskatchewan,"Finance, insurance, real estate, rental and leasing",Women,55 years and over,2025,2.7,2.6,x,x,2600,x,2700
Saskatchewan,"Professional, scientific and technical services",Men,15 to 24 years,2021,1.1,1.1,x,x,1100,x,1100
Saskatchewan,"Professional, scientific and technical services",Men,15 to 24 years,2022,1.3,1.3,x,x,1300,x,1300
Saskatchewan,"Professional, scientific and technical services",Men,15 to 24 years,2023,1.8,1.8,x,x,1800,x,1800
Saskatchewan,"Professional, scientific and technical services",Men,15 to 24 years,2024,1.7,1.5,x,x,1500,x,1700
Saskatchewan,"Professional, scientific and technical services",Men,15 to 24 years,2025,0.9,0.8,x,x,800,x,900
Saskatchewan,"Professional, scientific and technical services",Men,25 to 54 years,2021,9.4,9.2,x,x,9200,x,9400
Saskatchewan,"Professional, scientific and technical services",Men,25 to 54 years,2022,11.3,11,x,x,11000,x,11300
Saskatchewan,"Professional, scientific and technical services",Men,25 to 54 years,2023,13.5,13,0.5,3.7,13000,500,13500
Saskatchewan,"Professional, scientific and technical services",Men,25 to 54 years,2024,16.4,15.8,0.6,3.7,15800,600,16400
Saskatchewan,"Professional, scientific and technical services",Men,25 to 54 years,2025,13.6,13.2,0.5,3.7,13200,500,13600
Saskatchewan,"Professional, scientific and technical services",Men,55 years and over,2021,2.5,2.3,x,x,2300,x,2500
Saskatchewan,"Professional, scientific and technical services",Men,55 years and over,2022,3.4,3.3,x,x,3300,x,3400
Saskatchewan,"Professional, scientific and technical services",Men,55 years and over,2023,3.8,3.7,x,x,3700,x,3800
Saskatchewan,"Professional, scientific and technical services",Men,55 years and over,2024,4.4,4.4,x,x,4400,x,4400
Saskatchewan,"Professional, scientific and technical services",Men,55 years and over,2025,4.7,4.7,x,x,4700,x,4700
Saskatchewan,"Professional, scientific and technical services",Women,15 to 24 years,2021,1.2,1.2,x,x,1200,x,1200
Saskatchewan,"Professional, scientific and technical services",Women,15 to 24 years,2022,1.1,1.1,x,x,1100,x,1100
Saskatchewan,"Professional, scientific and technical services",Women,15 to 24 years,2023,1.6,1.6,x,x,1600,x,1600
Saskatchewan,"Professional, scientific and technical services",Women,15 to 24 years,2024,1.2,1.2,x,x,1200,x,1200
Saskatchewan,"Professional, scientific and technical services",Women,15 to 24 years,2025,0.9,0.8,x,x,800,x,900
Saskatchewan,"Professional, scientific and technical services",Women,25 to 54 years,2021,9.3,9.2,x,x,9200,x,9300
Saskatchewan,"Professional, scientific and technical services",Women,25 to 54 years,2022,9.8,9.7,x,x,9700,x,9800
Saskatchewan,"Professional, scientific and technical services",Women,25 to 54 years,2023,12.3,12.2,x,x,12200,x,12300
Saskatchewan,"Professional, scientific and technical services",Women,25 to 54 years,2024,11.8,11.5,x,x,11500,x,11800
Saskatchewan,"Professional, scientific and technical services",Women,25 to 54 years,2025,10.4,10.3,x,x,10300,x,10400
Saskatchewan,"Professional, scientific and technical services",Women,55 years and over,2021,2.9,2.8,x,x,2800,x,2900
Saskatchewan,"Professional, scientific and technical services",Women,55 years and over,2022,2.1,2,x,x,2000,x,2100
Saskatchewan,"Professional, scientific and technical services",Women,55 years and over,2023,2.3,2.2,x,x,2200,x,2300
Saskatchewan,"Professional, scientific and technical services",Women,55 years and over,2024,2.5,2.5,x,x,2500,x,2500
Saskatchewan,"Professional, scientific and technical services",Women,55 years and over,2025,3.7,3.6,x,x,3600,x,3700
Saskatchewan,"Business, building and other support services",Men,15 to 24 years,2021,1.1,1.1,x,x,1100,x,1100
Saskatchewan,"Business, building and other support services",Men,15 to 24 years,2022,1.1,0.9,x,x,900,x,1100
Saskatchewan,"Business, building and other support services",Men,15 to 24 years,2023,1,1,x,x,1000,x,1000
Saskatchewan,"Business, building and other support services",Men,15 to 24 years,2024,1.4,1.2,x,x,1200,x,1400
Saskatchewan,"Business, building and other support services",Men,15 to 24 years,2025,1.1,1,x,x,1000,x,1100
Saskatchewan,"Business, building and other support services",Men,25 to 54 years,2021,5.4,5.1,x,x,5100,x,5400
Saskatchewan,"Business, building and other support services",Men,25 to 54 years,2022,4.2,3.9,x,x,3900,x,4200
Saskatchewan,"Business, building and other support services",Men,25 to 54 years,2023,5.1,4.8,x,x,4800,x,5100
Saskatchewan,"Business, building and other support services",Men,25 to 54 years,2024,4.9,4.5,0.5,10.2,4500,500,4900
Saskatchewan,"Business, building and other support services",Men,25 to 54 years,2025,5.4,4.9,0.5,9.3,4900,500,5400
Saskatchewan,"Business, building and other support services",Men,55 years and over,2021,2.2,2.2,x,x,2200,x,2200
Saskatchewan,"Business, building and other support services",Men,55 years and over,2022,2.1,2,x,x,2000,x,2100
Saskatchewan,"Business, building and other support services",Men,55 years and over,2023,2.4,2.4,x,x,2400,x,2400
Saskatchewan,"Business, building and other support services",Men,55 years and over,2024,2.1,2,x,x,2000,x,2100
Saskatchewan,"Business, building and other support services",Men,55 years and over,2025,2.3,2.3,x,x,2300,x,2300
Saskatchewan,"Business, building and other support services",Women,15 to 24 years,2021,0.7,0.7,x,x,700,x,700
Saskatchewan,"Business, building and other support services",Women,15 to 24 years,2022,0.7,0.6,x,x,600,x,700
Saskatchewan,"Business, building and other support services",Women,15 to 24 years,2023,0.7,0.5,x,x,500,x,700
Saskatchewan,"Business, building and other support services",Women,15 to 24 years,2024,0.6,0.5,x,x,500,x,600
Saskatchewan,"Business, building and other support services",Women,15 to 24 years,2025,0.6,0.6,x,x,600,x,600
Saskatchewan,"Business, building and other support services",Women,25 to 54 years,2021,3.5,3.4,x,x,3400,x,3500
Saskatchewan,"Business, building and other support services",Women,25 to 54 years,2022,2.7,2.6,x,x,2600,x,2700
Saskatchewan,"Business, building and other support services",Women,25 to 54 years,2023,3.4,3.3,x,x,3300,x,3400
Saskatchewan,"Business, building and other support services",Women,25 to 54 years,2024,3.2,2.9,x,x,2900,x,3200
Saskatchewan,"Business, building and other support services",Women,25 to 54 years,2025,3.6,3.5,x,x,3500,x,3600
Saskatchewan,"Business, building and other support services",Women,55 years and over,2021,2.7,2.6,x,x,2600,x,2700
Saskatchewan,"Business, building and other support services",Women,55 years and over,2022,1.8,1.7,x,x,1700,x,1800
Saskatchewan,"Business, building and other support services",Women,55 years and over,2023,2.1,2.1,x,x,2100,x,2100
Saskatchewan,"Business, building and other support services",Women,55 years and over,2024,1.9,1.9,x,x,1900,x,1900
Saskatchewan,"Business, building and other support services",Women,55 years and over,2025,1.4,1.4,x,x,1400,x,1400
Saskatchewan,Educational services,Men,15 to 24 years,2021,1,0.9,x,x,900,x,1000
Saskatchewan,Educational services,Men,15 to 24 years,2022,1.2,1.1,x,x,1100,x,1200
Saskatchewan,Educational services,Men,15 to 24 years,2023,1.1,1,x,x,1000,x,1100
Saskatchewan,Educational services,Men,15 to 24 years,2024,1.3,1.2,x,x,1200,x,1300
Saskatchewan,Educational services,Men,15 to 24 years,2025,1.1,1,x,x,1000,x,1100
Saskatchewan,Educational services,Men,25 to 54 years,2021,10,9.7,x,x,9700,x,10000
Saskatchewan,Educational services,Men,25 to 54 years,2022,10,9.7,x,x,9700,x,10000
Saskatchewan,Educational services,Men,25 to 54 years,2023,11,10.7,x,x,10700,x,11000
Saskatchewan,Educational services,Men,25 to 54 years,2024,11.1,10.9,x,x,10900,x,11100
Saskatchewan,Educational services,Men,25 to 54 years,2025,12.2,11.9,x,x,11900,x,12200
Saskatchewan,Educational services,Men,55 years and over,2021,4,3.6,x,x,3600,x,4000
Saskatchewan,Educational services,Men,55 years and over,2022,3.6,3.5,x,x,3500,x,3600
Saskatchewan,Educational services,Men,55 years and over,2023,4,3.9,x,x,3900,x,4000
Saskatchewan,Educational services,Men,55 years and over,2024,4.9,4.6,x,x,4600,x,4900
Saskatchewan,Educational services,Men,55 years and over,2025,4.2,4,x,x,4000,x,4200
Saskatchewan,Educational services,Women,15 to 24 years,2021,2.1,2,x,x,2000,x,2100
Saskatchewan,Educational services,Women,15 to 24 years,2022,2.3,2.2,x,x,2200,x,2300
Saskatchewan,Educational services,Women,15 to 24 years,2023,3.1,3,x,x,3000,x,3100
Saskatchewan,Educational services,Women,15 to 24 years,2024,3.2,3.1,x,x,3100,x,3200
Saskatchewan,Educational services,Women,15 to 24 years,2025,3.5,3.3,x,x,3300,x,3500
Saskatchewan,Educational services,Women,25 to 54 years,2021,24.7,23.7,1,4,23700,1000,24700
Saskatchewan,Educational services,Women,25 to 54 years,2022,25,24.1,0.9,3.6,24100,900,25000
Saskatchewan,Educational services,Women,25 to 54 years,2023,26.4,25.4,1,3.8,25400,1000,26400
Saskatchewan,Educational services,Women,25 to 54 years,2024,28.9,27.8,1.1,3.8,27800,1100,28900
Saskatchewan,Educational services,Women,25 to 54 years,2025,28.7,27.7,0.9,3.1,27700,900,28700
Saskatchewan,Educational services,Women,55 years and over,2021,5.6,5.3,x,x,5300,x,5600
Saskatchewan,Educational services,Women,55 years and over,2022,7.4,6.9,0.5,6.8,6900,500,7400
Saskatchewan,Educational services,Women,55 years and over,2023,7.7,7.4,x,x,7400,x,7700
Saskatchewan,Educational services,Women,55 years and over,2024,7.8,7.6,x,x,7600,x,7800
Saskatchewan,Educational services,Women,55 years and over,2025,7.2,6.9,x,x,6900,x,7200
Saskatchewan,Health care and social assistance,Men,15 to 24 years,2021,1.7,1.6,x,x,1600,x,1700
Saskatchewan,Health care and social assistance,Men,15 to 24 years,2022,1.8,1.7,x,x,1700,x,1800
Saskatchewan,Health care and social assistance,Men,15 to 24 years,2023,1.3,1.3,x,x,1300,x,1300
Saskatchewan,Health care and social assistance,Men,15 to 24 years,2024,1.8,1.7,x,x,1700,x,1800
Saskatchewan,Health care and social assistance,Men,15 to 24 years,2025,2.2,2.1,x,x,2100,x,2200
Saskatchewan,Health care and social assistance,Men,25 to 54 years,2021,12.1,11.8,x,x,11800,x,12100
Saskatchewan,Health care and social assistance,Men,25 to 54 years,2022,12.9,12.9,x,x,12900,x,12900
Saskatchewan,Health care and social assistance,Men,25 to 54 years,2023,11.9,11.7,x,x,11700,x,11900
Saskatchewan,Health care and social assistance,Men,25 to 54 years,2024,12.7,12.6,x,x,12600,x,12700
Saskatchewan,Health care and social assistance,Men,25 to 54 years,2025,13.7,13.3,x,x,13300,x,13700
Saskatchewan,Health care and social assistance,Men,55 years and over,2021,2.9,2.9,x,x,2900,x,2900
Saskatchewan,Health care and social assistance,Men,55 years and over,2022,3.8,3.8,x,x,3800,x,3800
Saskatchewan,Health care and social assistance,Men,55 years and over,2023,3.8,3.8,x,x,3800,x,3800
Saskatchewan,Health care and social assistance,Men,55 years and over,2024,3.6,3.6,x,x,3600,x,3600
Saskatchewan,Health care and social assistance,Men,55 years and over,2025,3.8,3.8,x,x,3800,x,3800
Saskatchewan,Health care and social assistance,Women,15 to 24 years,2021,7.9,7.5,x,x,7500,x,7900
Saskatchewan,Health care and social assistance,Women,15 to 24 years,2022,7.9,7.7,x,x,7700,x,7900
Saskatchewan,Health care and social assistance,Women,15 to 24 years,2023,7.2,6.8,x,x,6800,x,7200
Saskatchewan,Health care and social assistance,Women,15 to 24 years,2024,8.4,8.2,x,x,8200,x,8400
Saskatchewan,Health care and social assistance,Women,15 to 24 years,2025,9.6,9.3,x,x,9300,x,9600
Saskatchewan,Health care and social assistance,Women,25 to 54 years,2021,51.1,50.4,0.7,1.4,50400,700,51100
Saskatchewan,Health care and social assistance,Women,25 to 54 years,2022,53.4,52.6,0.7,1.3,52600,700,53400
Saskatchewan,Health care and social assistance,Women,25 to 54 years,2023,52.3,52,x,x,52000,x,52300
Saskatchewan,Health care and social assistance,Women,25 to 54 years,2024,54.8,54.2,0.6,1.1,54200,600,54800
Saskatchewan,Health care and social assistance,Women,25 to 54 years,2025,59.6,59.2,x,x,59200,x,59600
Saskatchewan,Health care and social assistance,Women,55 years and over,2021,13.2,13,x,x,13000,x,13200
Saskatchewan,Health care and social assistance,Women,55 years and over,2022,13.5,13.4,x,x,13400,x,13500
Saskatchewan,Health care and social assistance,Women,55 years and over,2023,14.4,14.2,x,x,14200,x,14400
Saskatchewan,Health care and social assistance,Women,55 years and over,2024,13.4,13.4,x,x,13400,x,13400
Saskatchewan,Health care and social assistance,Women,55 years and over,2025,15.1,15,x,x,15000,x,15100
Saskatchewan,"Information, culture and recreation",Men,15 to 24 years,2021,2.8,2.5,x,x,2500,x,2800
Saskatchewan,"Information, culture and recreation",Men,15 to 24 years,2022,2.4,2.1,x,x,2100,x,2400
Saskatchewan,"Information, culture and recreation",Men,15 to 24 years,2023,3,2.9,x,x,2900,x,3000
Saskatchewan,"Information, culture and recreation",Men,15 to 24 years,2024,3.4,3,x,x,3000,x,3400
Saskatchewan,"Information, culture and recreation",Men,15 to 24 years,2025,2.9,2.6,x,x,2600,x,2900
Saskatchewan,"Information, culture and recreation",Men,25 to 54 years,2021,6.1,5.6,0.5,8.2,5600,500,6100
Saskatchewan,"Information, culture and recreation",Men,25 to 54 years,2022,5.5,5.1,x,x,5100,x,5500
Saskatchewan,"Information, culture and recreation",Men,25 to 54 years,2023,5.6,5.5,x,x,5500,x,5600
Saskatchewan,"Information, culture and recreation",Men,25 to 54 years,2024,7,6.8,x,x,6800,x,7000
Saskatchewan,"Information, culture and recreation",Men,25 to 54 years,2025,7.2,7.1,x,x,7100,x,7200
Saskatchewan,"Information, culture and recreation",Men,55 years and over,2021,2.3,2.1,x,x,2100,x,2300
Saskatchewan,"Information, culture and recreation",Men,55 years and over,2022,2.1,2,x,x,2000,x,2100
Saskatchewan,"Information, culture and recreation",Men,55 years and over,2023,2.7,2.6,x,x,2600,x,2700
Saskatchewan,"Information, culture and recreation",Men,55 years and over,2024,2,1.9,x,x,1900,x,2000
Saskatchewan,"Information, culture and recreation",Men,55 years and over,2025,2.7,2.5,x,x,2500,x,2700
Saskatchewan,"Information, culture and recreation",Women,15 to 24 years,2021,2.4,2.2,x,x,2200,x,2400
Saskatchewan,"Information, culture and recreation",Women,15 to 24 years,2022,3.2,3,x,x,3000,x,3200
Saskatchewan,"Information, culture and recreation",Women,15 to 24 years,2023,2.8,2.6,x,x,2600,x,2800
Saskatchewan,"Information, culture and recreation",Women,15 to 24 years,2024,3,2.8,x,x,2800,x,3000
Saskatchewan,"Information, culture and recreation",Women,15 to 24 years,2025,2.8,2.6,x,x,2600,x,2800
Saskatchewan,"Information, culture and recreation",Women,25 to 54 years,2021,3.8,3.5,x,x,3500,x,3800
Saskatchewan,"Information, culture and recreation",Women,25 to 54 years,2022,5.3,5.1,x,x,5100,x,5300
Saskatchewan,"Information, culture and recreation",Women,25 to 54 years,2023,4.4,4.3,x,x,4300,x,4400
Saskatchewan,"Information, culture and recreation",Women,25 to 54 years,2024,5.5,5.3,x,x,5300,x,5500
Saskatchewan,"Information, culture and recreation",Women,25 to 54 years,2025,5.8,5.6,x,x,5600,x,5800
Saskatchewan,"Information, culture and recreation",Women,55 years and over,2021,1.5,1.4,x,x,1400,x,1500
Saskatchewan,"Information, culture and recreation",Women,55 years and over,2022,1.7,1.7,x,x,1700,x,1700
Saskatchewan,"Information, culture and recreation",Women,55 years and over,2023,2.3,2.2,x,x,2200,x,2300
Saskatchewan,"Information, culture and recreation",Women,55 years and over,2024,1.6,1.6,x,x,1600,x,1600
Saskatchewan,"Information, culture and recreation",Women,55 years and over,2025,2,1.9,x,x,1900,x,2000
Saskatchewan,Accommodation and food services,Men,15 to 24 years,2021,4.6,4.1,0.5,10.9,4100,500,4600
Saskatchewan,Accommodation and food services,Men,15 to 24 years,2022,5.1,4.6,x,x,4600,x,5100
Saskatchewan,Accommodation and food services,Men,15 to 24 years,2023,6,5.4,0.6,10,5400,600,6000
Saskatchewan,Accommodation and food services,Men,15 to 24 years,2024,5.6,5.1,0.5,8.9,5100,500,5600
Saskatchewan,Accommodation and food services,Men,15 to 24 years,2025,4.9,4.8,x,x,4800,x,4900
Saskatchewan,Accommodation and food services,Men,25 to 54 years,2021,6.3,5.8,x,x,5800,x,6300
Saskatchewan,Accommodation and food services,Men,25 to 54 years,2022,6.4,6,x,x,6000,x,6400
Saskatchewan,Accommodation and food services,Men,25 to 54 years,2023,7.4,6.8,0.5,6.8,6800,500,7400
Saskatchewan,Accommodation and food services,Men,25 to 54 years,2024,7.3,6.9,x,x,6900,x,7300
Saskatchewan,Accommodation and food services,Men,25 to 54 years,2025,7.4,7,x,x,7000,x,7400
Saskatchewan,Accommodation and food services,Men,55 years and over,2021,1.1,1.1,x,x,1100,x,1100
Saskatchewan,Accommodation and food services,Men,55 years and over,2022,1.2,1.2,x,x,1200,x,1200
Saskatchewan,Accommodation and food services,Men,55 years and over,2023,1.2,1.2,x,x,1200,x,1200
Saskatchewan,Accommodation and food services,Men,55 years and over,2024,1.2,1.1,x,x,1100,x,1200
Saskatchewan,Accommodation and food services,Men,55 years and over,2025,1.2,1.1,x,x,1100,x,1200
Saskatchewan,Accommodation and food services,Women,15 to 24 years,2021,7.9,7.4,x,x,7400,x,7900
Saskatchewan,Accommodation and food services,Women,15 to 24 years,2022,8.8,8.5,x,x,8500,x,8800
Saskatchewan,Accommodation and food services,Women,15 to 24 years,2023,7.1,6.6,0.5,7,6600,500,7100
Saskatchewan,Accommodation and food services,Women,15 to 24 years,2024,8.3,8,x,x,8000,x,8300
Saskatchewan,Accommodation and food services,Women,15 to 24 years,2025,8.6,8.1,x,x,8100,x,8600
Saskatchewan,Accommodation and food services,Women,25 to 54 years,2021,7.9,7.5,x,x,7500,x,7900
Saskatchewan,Accommodation and food services,Women,25 to 54 years,2022,8.3,7.7,0.5,6,7700,500,8300
Saskatchewan,Accommodation and food services,Women,25 to 54 years,2023,8.2,7.8,x,x,7800,x,8200
Saskatchewan,Accommodation and food services,Women,25 to 54 years,2024,9,8.6,x,x,8600,x,9000
Saskatchewan,Accommodation and food services,Women,25 to 54 years,2025,9.9,9.6,x,x,9600,x,9900
Saskatchewan,Accommodation and food services,Women,55 years and over,2021,1.1,1,x,x,1000,x,1100
Saskatchewan,Accommodation and food services,Women,55 years and over,2022,2,2,x,x,2000,x,2000
Saskatchewan,Accommodation and food services,Women,55 years and over,2023,2.4,2.3,x,x,2300,x,2400
Saskatchewan,Accommodation and food services,Women,55 years and over,2024,2,1.9,x,x,1900,x,2000
Saskatchewan,Accommodation and food services,Women,55 years and over,2025,2.2,2.2,x,x,2200,x,2200
Saskatchewan,Other services (except public administration),Men,15 to 24 years,2021,1.7,1.6,x,x,1600,x,1700
Saskatchewan,Other services (except public administration),Men,15 to 24 years,2022,1.7,1.7,x,x,1700,x,1700
Saskatchewan,Other services (except public administration),Men,15 to 24 years,2023,1.9,1.8,x,x,1800,x,1900
Saskatchewan,Other services (except public administration),Men,15 to 24 years,2024,1.6,1.5,x,x,1500,x,1600
Saskatchewan,Other services (except public administration),Men,15 to 24 years,2025,2.4,2.4,x,x,2400,x,2400
Saskatchewan,Other services (except public administration),Men,25 to 54 years,2021,8.6,8.3,x,x,8300,x,8600
Saskatchewan,Other services (except public administration),Men,25 to 54 years,2022,7.4,7.3,x,x,7300,x,7400
Saskatchewan,Other services (except public administration),Men,25 to 54 years,2023,8.6,8.3,x,x,8300,x,8600
Saskatchewan,Other services (except public administration),Men,25 to 54 years,2024,8.6,8.4,x,x,8400,x,8600
Saskatchewan,Other services (except public administration),Men,25 to 54 years,2025,9.1,8.9,x,x,8900,x,9100
Saskatchewan,Other services (except public administration),Men,55 years and over,2021,3.8,3.7,x,x,3700,x,3800
Saskatchewan,Other services (except public administration),Men,55 years and over,2022,4.1,4.1,x,x,4100,x,4100
Saskatchewan,Other services (except public administration),Men,55 years and over,2023,3.1,3,x,x,3000,x,3100
Saskatchewan,Other services (except public administration),Men,55 years and over,2024,4,3.9,x,x,3900,x,4000
Saskatchewan,Other services (except public administration),Men,55 years and over,2025,3.9,3.8,x,x,3800,x,3900
Saskatchewan,Other services (except public administration),Women,15 to 24 years,2021,2,1.9,x,x,1900,x,2000
Saskatchewan,Other services (except public administration),Women,15 to 24 years,2022,2.3,2.3,x,x,2300,x,2300
Saskatchewan,Other services (except public administration),Women,15 to 24 years,2023,2.2,2,x,x,2000,x,2200
Saskatchewan,Other services (except public administration),Women,15 to 24 years,2024,1.7,1.6,x,x,1600,x,1700
Saskatchewan,Other services (except public administration),Women,15 to 24 years,2025,1.7,1.5,x,x,1500,x,1700
Saskatchewan,Other services (except public administration),Women,25 to 54 years,2021,8.2,8,x,x,8000,x,8200
Saskatchewan,Other services (except public administration),Women,25 to 54 years,2022,8.4,8.3,x,x,8300,x,8400
Saskatchewan,Other services (except public administration),Women,25 to 54 years,2023,8.2,8.1,x,x,8100,x,8200
Saskatchewan,Other services (except public administration),Women,25 to 54 years,2024,8,7.8,x,x,7800,x,8000
Saskatchewan,Other services (except public administration),Women,25 to 54 years,2025,8.1,7.9,x,x,7900,x,8100
Saskatchewan,Other services (except public administration),Women,55 years and over,2021,2.1,2,x,x,2000,x,2100
Saskatchewan,Other services (except public administration),Women,55 years and over,2022,3.2,3.2,x,x,3200,x,3200
Saskatchewan,Other services (except public administration),Women,55 years and over,2023,2.6,2.6,x,x,2600,x,2600
Saskatchewan,Other services (except public administration),Women,55 years and over,2024,2.8,2.8,x,x,2800,x,2800
Saskatchewan,Other services (except public administration),Women,55 years and over,2025,2.8,2.8,x,x,2800,x,2800
Saskatchewan,Public administration,Men,15 to 24 years,2021,0.9,0.8,x,x,800,x,900
Saskatchewan,Public administration,Men,15 to 24 years,2022,1.4,1.3,x,x,1300,x,1400
Saskatchewan,Public administration,Men,15 to 24 years,2023,1.4,1.3,x,x,1300,x,1400
Saskatchewan,Public administration,Men,15 to 24 years,2024,1.4,1.2,x,x,1200,x,1400
Saskatchewan,Public administration,Men,15 to 24 years,2025,1.8,1.6,x,x,1600,x,1800
Saskatchewan,Public administration,Men,25 to 54 years,2021,12.6,12.3,x,x,12300,x,12600
Saskatchewan,Public administration,Men,25 to 54 years,2022,12.9,12.7,x,x,12700,x,12900
Saskatchewan,Public administration,Men,25 to 54 years,2023,13.7,13.5,x,x,13500,x,13700
Saskatchewan,Public administration,Men,25 to 54 years,2024,13.2,12.9,x,x,12900,x,13200
Saskatchewan,Public administration,Men,25 to 54 years,2025,15.4,15.3,x,x,15300,x,15400
Saskatchewan,Public administration,Men,55 years and over,2021,4.9,4.9,x,x,4900,x,4900
Saskatchewan,Public administration,Men,55 years and over,2022,3.6,3.5,x,x,3500,x,3600
Saskatchewan,Public administration,Men,55 years and over,2023,2.7,2.7,x,x,2700,x,2700
Saskatchewan,Public administration,Men,55 years and over,2024,3.2,3.1,x,x,3100,x,3200
Saskatchewan,Public administration,Men,55 years and over,2025,4,3.9,x,x,3900,x,4000
Saskatchewan,Public administration,Women,15 to 24 years,2021,1.3,1.2,x,x,1200,x,1300
Saskatchewan,Public administration,Women,15 to 24 years,2022,1,1,x,x,1000,x,1000
Saskatchewan,Public administration,Women,15 to 24 years,2023,1.1,1.1,x,x,1100,x,1100
Saskatchewan,Public administration,Women,15 to 24 years,2024,1.9,1.7,x,x,1700,x,1900
Saskatchewan,Public administration,Women,15 to 24 years,2025,0.9,0.7,x,x,700,x,900
Saskatchewan,Public administration,Women,25 to 54 years,2021,12.2,12,x,x,12000,x,12200
Saskatchewan,Public administration,Women,25 to 54 years,2022,13.2,13.1,x,x,13100,x,13200
Saskatchewan,Public administration,Women,25 to 54 years,2023,13.7,13.6,x,x,13600,x,13700
Saskatchewan,Public administration,Women,25 to 54 years,2024,15,14.8,x,x,14800,x,15000
Saskatchewan,Public administration,Women,25 to 54 years,2025,16,15.7,x,x,15700,x,16000
Saskatchewan,Public administration,Women,55 years and over,2021,4.7,4.6,x,x,4600,x,4700
Saskatchewan,Public administration,Women,55 years and over,2022,3.8,3.7,x,x,3700,x,3800
Saskatchewan,Public administration,Women,55 years and over,2023,3.7,3.7,x,x,3700,x,3700
Saskatchewan,Public administration,Women,55 years and over,2024,3.5,3.4,x,x,3400,x,3500
Saskatchewan,Public administration,Women,55 years and over,2025,3.6,3.6,x,x,3600,x,3600
Alberta,Agriculture,Men,15 to 24 years,2021,5.2,5.1,x,x,5100,x,5200
Alberta,Agriculture,Men,15 to 24 years,2022,4.1,3.9,x,x,3900,x,4100
Alberta,Agriculture,Men,15 to 24 years,2023,4.2,4,x,x,4000,x,4200
Alberta,Agriculture,Men,15 to 24 years,2024,2.7,2.5,x,x,2500,x,2700
Alberta,Agriculture,Men,15 to 24 years,2025,3,2.6,x,x,2600,x,3000
Alberta,Agriculture,Men,25 to 54 years,2021,12.3,12.2,x,x,12200,x,12300
Alberta,Agriculture,Men,25 to 54 years,2022,15.4,15.4,x,x,15400,x,15400
Alberta,Agriculture,Men,25 to 54 years,2023,16.4,16.4,x,x,16400,x,16400
Alberta,Agriculture,Men,25 to 54 years,2024,12.9,12.2,x,x,12200,x,12900
Alberta,Agriculture,Men,25 to 54 years,2025,15.1,14.6,x,x,14600,x,15100
Alberta,Agriculture,Men,55 years and over,2021,14,13.6,x,x,13600,x,14000
Alberta,Agriculture,Men,55 years and over,2022,11,10.8,x,x,10800,x,11000
Alberta,Agriculture,Men,55 years and over,2023,13.8,13.8,x,x,13800,x,13800
Alberta,Agriculture,Men,55 years and over,2024,12.1,12.1,x,x,12100,x,12100
Alberta,Agriculture,Men,55 years and over,2025,10.3,10.2,x,x,10200,x,10300
Alberta,Agriculture,Women,15 to 24 years,2021,2,2,x,x,2000,x,2000
Alberta,Agriculture,Women,15 to 24 years,2022,2.5,2.2,x,x,2200,x,2500
Alberta,Agriculture,Women,15 to 24 years,2023,1.8,1.6,x,x,1600,x,1800
Alberta,Agriculture,Women,15 to 24 years,2024,x,x,x,x,x,x,x
Alberta,Agriculture,Women,15 to 24 years,2025,1.8,x,x,x,x,x,1800
Alberta,Agriculture,Women,25 to 54 years,2021,5.1,4.3,x,x,4300,x,5100
Alberta,Agriculture,Women,25 to 54 years,2022,6.8,6.7,x,x,6700,x,6800
Alberta,Agriculture,Women,25 to 54 years,2023,6,5.9,x,x,5900,x,6000
Alberta,Agriculture,Women,25 to 54 years,2024,4.8,4.8,x,x,4800,x,4800
Alberta,Agriculture,Women,25 to 54 years,2025,6.3,5.5,x,x,5500,x,6300
Alberta,Agriculture,Women,55 years and over,2021,4.2,4.2,x,x,4200,x,4200
Alberta,Agriculture,Women,55 years and over,2022,4.3,4.1,x,x,4100,x,4300
Alberta,Agriculture,Women,55 years and over,2023,4.9,4.9,x,x,4900,x,4900
Alberta,Agriculture,Women,55 years and over,2024,3.3,3.3,x,x,3300,x,3300
Alberta,Agriculture,Women,55 years and over,2025,4,3.6,x,x,3600,x,4000
Alberta,"Forestry, fishing, mining, quarrying, oil and gas",Men,15 to 24 years,2021,6,5.1,x,x,5100,x,6000
Alberta,"Forestry, fishing, mining, quarrying, oil and gas",Men,15 to 24 years,2022,8.1,7.6,x,x,7600,x,8100
Alberta,"Forestry, fishing, mining, quarrying, oil and gas",Men,15 to 24 years,2023,5.7,5.2,x,x,5200,x,5700
Alberta,"Forestry, fishing, mining, quarrying, oil and gas",Men,15 to 24 years,2024,8.3,7.9,x,x,7900,x,8300
Alberta,"Forestry, fishing, mining, quarrying, oil and gas",Men,15 to 24 years,2025,7.9,7.5,x,x,7500,x,7900
Alberta,"Forestry, fishing, mining, quarrying, oil and gas",Men,25 to 54 years,2021,90.9,86.6,4.4,4.8,86600,4400,90900
Alberta,"Forestry, fishing, mining, quarrying, oil and gas",Men,25 to 54 years,2022,81.2,79.9,x,x,79900,x,81200
Alberta,"Forestry, fishing, mining, quarrying, oil and gas",Men,25 to 54 years,2023,85.8,83,2.7,3.1,83000,2700,85800
Alberta,"Forestry, fishing, mining, quarrying, oil and gas",Men,25 to 54 years,2024,96.3,92.5,3.8,3.9,92500,3800,96300
Alberta,"Forestry, fishing, mining, quarrying, oil and gas",Men,25 to 54 years,2025,92.6,89.8,2.8,3,89800,2800,92600
Alberta,"Forestry, fishing, mining, quarrying, oil and gas",Men,55 years and over,2021,17.4,15.8,1.5,8.6,15800,1500,17400
Alberta,"Forestry, fishing, mining, quarrying, oil and gas",Men,55 years and over,2022,21.4,20.2,x,x,20200,x,21400
Alberta,"Forestry, fishing, mining, quarrying, oil and gas",Men,55 years and over,2023,21.7,20.5,x,x,20500,x,21700
Alberta,"Forestry, fishing, mining, quarrying, oil and gas",Men,55 years and over,2024,19.4,18.8,x,x,18800,x,19400
Alberta,"Forestry, fishing, mining, quarrying, oil and gas",Men,55 years and over,2025,19.6,19.2,x,x,19200,x,19600
Alberta,"Forestry, fishing, mining, quarrying, oil and gas",Women,15 to 24 years,2021,1.5,1.5,x,x,1500,x,1500
Alberta,"Forestry, fishing, mining, quarrying, oil and gas",Women,15 to 24 years,2022,x,x,x,x,x,x,x
Alberta,"Forestry, fishing, mining, quarrying, oil and gas",Women,15 to 24 years,2023,x,x,x,x,x,x,x
Alberta,"Forestry, fishing, mining, quarrying, oil and gas",Women,15 to 24 years,2024,x,x,x,x,x,x,x
Alberta,"Forestry, fishing, mining, quarrying, oil and gas",Women,15 to 24 years,2025,1.5,x,x,x,x,x,1500
Alberta,"Forestry, fishing, mining, quarrying, oil and gas",Women,25 to 54 years,2021,25.5,24.2,x,x,24200,x,25500
Alberta,"Forestry, fishing, mining, quarrying, oil and gas",Women,25 to 54 years,2022,21.9,21.5,x,x,21500,x,21900
Alberta,"Forestry, fishing, mining, quarrying, oil and gas",Women,25 to 54 years,2023,20.8,20,x,x,20000,x,20800
Alberta,"Forestry, fishing, mining, quarrying, oil and gas",Women,25 to 54 years,2024,27.2,26.5,x,x,26500,x,27200
Alberta,"Forestry, fishing, mining, quarrying, oil and gas",Women,25 to 54 years,2025,23.6,22.5,x,x,22500,x,23600
Alberta,"Forestry, fishing, mining, quarrying, oil and gas",Women,55 years and over,2021,5.7,5.4,x,x,5400,x,5700
Alberta,"Forestry, fishing, mining, quarrying, oil and gas",Women,55 years and over,2022,4.5,4.3,x,x,4300,x,4500
Alberta,"Forestry, fishing, mining, quarrying, oil and gas",Women,55 years and over,2023,6.6,6.3,x,x,6300,x,6600
Alberta,"Forestry, fishing, mining, quarrying, oil and gas",Women,55 years and over,2024,7.9,7.8,x,x,7800,x,7900
Alberta,"Forestry, fishing, mining, quarrying, oil and gas",Women,55 years and over,2025,4.5,4.3,x,x,4300,x,4500
Alberta,Utilities,Men,15 to 24 years,2021,x,x,x,x,x,x,x
Alberta,Utilities,Men,15 to 24 years,2022,x,x,x,x,x,x,x
Alberta,Utilities,Men,15 to 24 years,2023,x,x,x,x,x,x,x
Alberta,Utilities,Men,15 to 24 years,2024,x,x,x,x,x,x,x
Alberta,Utilities,Men,15 to 24 years,2025,x,x,x,x,x,x,x
Alberta,Utilities,Men,25 to 54 years,2021,9.6,9.5,x,x,9500,x,9600
Alberta,Utilities,Men,25 to 54 years,2022,11.6,11.6,x,x,11600,x,11600
Alberta,Utilities,Men,25 to 54 years,2023,12.1,11.9,x,x,11900,x,12100
Alberta,Utilities,Men,25 to 54 years,2024,11.9,11.6,x,x,11600,x,11900
Alberta,Utilities,Men,25 to 54 years,2025,14.5,14.4,x,x,14400,x,14500
Alberta,Utilities,Men,55 years and over,2021,1.9,1.8,x,x,1800,x,1900
Alberta,Utilities,Men,55 years and over,2022,x,x,x,x,x,x,x
Alberta,Utilities,Men,55 years and over,2023,3.6,3.4,x,x,3400,x,3600
Alberta,Utilities,Men,55 years and over,2024,2.8,2.8,x,x,2800,x,2800
Alberta,Utilities,Men,55 years and over,2025,2.3,2.2,x,x,2200,x,2300
Alberta,Utilities,Women,15 to 24 years,2021,x,x,x,x,x,x,x
Alberta,Utilities,Women,15 to 24 years,2022,x,x,x,x,x,x,x
Alberta,Utilities,Women,15 to 24 years,2023,x,x,x,x,x,x,x
Alberta,Utilities,Women,15 to 24 years,2024,x,x,x,x,x,x,x
Alberta,Utilities,Women,15 to 24 years,2025,x,x,x,x,x,x,x
Alberta,Utilities,Women,25 to 54 years,2021,5.1,5.1,x,x,5100,x,5100
Alberta,Utilities,Women,25 to 54 years,2022,4.2,4.1,x,x,4100,x,4200
Alberta,Utilities,Women,25 to 54 years,2023,2.9,2.9,x,x,2900,x,2900
Alberta,Utilities,Women,25 to 54 years,2024,4.9,4.6,x,x,4600,x,4900
Alberta,Utilities,Women,25 to 54 years,2025,4.7,4.6,x,x,4600,x,4700
Alberta,Utilities,Women,55 years and over,2021,1.9,1.8,x,x,1800,x,1900
Alberta,Utilities,Women,55 years and over,2022,x,x,x,x,x,x,x
Alberta,Utilities,Women,55 years and over,2023,x,x,x,x,x,x,x
Alberta,Utilities,Women,55 years and over,2024,x,x,x,x,x,x,x
Alberta,Utilities,Women,55 years and over,2025,x,x,x,x,x,x,x
Alberta,Construction,Men,15 to 24 years,2021,22.5,20.5,2,8.9,20500,2000,22500
Alberta,Construction,Men,15 to 24 years,2022,22.8,19.6,3.3,14.5,19600,3300,22800
Alberta,Construction,Men,15 to 24 years,2023,22.8,21.7,x,x,21700,x,22800
Alberta,Construction,Men,15 to 24 years,2024,26.6,24.6,1.9,7.1,24600,1900,26600
Alberta,Construction,Men,15 to 24 years,2025,31.3,29.2,2,6.4,29200,2000,31300
Alberta,Construction,Men,25 to 54 years,2021,142.6,132.2,10.4,7.3,132200,10400,142600
Alberta,Construction,Men,25 to 54 years,2022,151.4,145.6,5.7,3.8,145600,5700,151400
Alberta,Construction,Men,25 to 54 years,2023,156.6,148.2,8.4,5.4,148200,8400,156600
Alberta,Construction,Men,25 to 54 years,2024,158.7,148.6,10.1,6.4,148600,10100,158700
Alberta,Construction,Men,25 to 54 years,2025,169.6,158.8,10.8,6.4,158800,10800,169600
Alberta,Construction,Men,55 years and over,2021,39,36.7,2.3,5.9,36700,2300,39000
Alberta,Construction,Men,55 years and over,2022,35.1,33.1,2,5.7,33100,2000,35100
Alberta,Construction,Men,55 years and over,2023,36.8,34.3,2.5,6.8,34300,2500,36800
Alberta,Construction,Men,55 years and over,2024,35.1,32.9,2.3,6.6,32900,2300,35100
Alberta,Construction,Men,55 years and over,2025,38.1,35.3,2.8,7.3,35300,2800,38100
Alberta,Construction,Women,15 to 24 years,2021,4.5,3.8,x,x,3800,x,4500
Alberta,Construction,Women,15 to 24 years,2022,1.8,1.6,x,x,1600,x,1800
Alberta,Construction,Women,15 to 24 years,2023,4.3,3.5,x,x,3500,x,4300
Alberta,Construction,Women,15 to 24 years,2024,3.2,2.6,x,x,2600,x,3200
Alberta,Construction,Women,15 to 24 years,2025,3.3,3.1,x,x,3100,x,3300
Alberta,Construction,Women,25 to 54 years,2021,25.8,24.7,x,x,24700,x,25800
Alberta,Construction,Women,25 to 54 years,2022,26.6,25.6,x,x,25600,x,26600
Alberta,Construction,Women,25 to 54 years,2023,29.7,28.5,x,x,28500,x,29700
Alberta,Construction,Women,25 to 54 years,2024,30.3,29.2,x,x,29200,x,30300
Alberta,Construction,Women,25 to 54 years,2025,26.6,25,1.6,6,25000,1600,26600
Alberta,Construction,Women,55 years and over,2021,7.7,7.4,x,x,7400,x,7700
Alberta,Construction,Women,55 years and over,2022,7.7,7.3,x,x,7300,x,7700
Alberta,Construction,Women,55 years and over,2023,4,3.9,x,x,3900,x,4000
Alberta,Construction,Women,55 years and over,2024,8.9,8.5,x,x,8500,x,8900
Alberta,Construction,Women,55 years and over,2025,8.6,8,x,x,8000,x,8600
Alberta,Manufacturing,Men,15 to 24 years,2021,6.8,6.4,x,x,6400,x,6800
Alberta,Manufacturing,Men,15 to 24 years,2022,9.9,9.6,x,x,9600,x,9900
Alberta,Manufacturing,Men,15 to 24 years,2023,8.2,7.8,x,x,7800,x,8200
Alberta,Manufacturing,Men,15 to 24 years,2024,12.3,11.1,x,x,11100,x,12300
Alberta,Manufacturing,Men,15 to 24 years,2025,11.7,10.4,x,x,10400,x,11700
Alberta,Manufacturing,Men,25 to 54 years,2021,70.3,67.8,2.4,3.4,67800,2400,70300
Alberta,Manufacturing,Men,25 to 54 years,2022,68,65.4,2.6,3.8,65400,2600,68000
Alberta,Manufacturing,Men,25 to 54 years,2023,73.1,71.8,x,x,71800,x,73100
Alberta,Manufacturing,Men,25 to 54 years,2024,81,78.8,2.2,2.7,78800,2200,81000
Alberta,Manufacturing,Men,25 to 54 years,2025,77,74.3,2.7,3.5,74300,2700,77000
Alberta,Manufacturing,Men,55 years and over,2021,21.4,20.1,x,x,20100,x,21400
Alberta,Manufacturing,Men,55 years and over,2022,22.6,22.1,x,x,22100,x,22600
Alberta,Manufacturing,Men,55 years and over,2023,26.7,26.5,x,x,26500,x,26700
Alberta,Manufacturing,Men,55 years and over,2024,24.9,23.2,1.6,6.4,23200,1600,24900
Alberta,Manufacturing,Men,55 years and over,2025,24.3,23.5,x,x,23500,x,24300
Alberta,Manufacturing,Women,15 to 24 years,2021,1.5,1.5,x,x,1500,x,1500
Alberta,Manufacturing,Women,15 to 24 years,2022,2.6,2.6,x,x,2600,x,2600
Alberta,Manufacturing,Women,15 to 24 years,2023,4.3,4.1,x,x,4100,x,4300
Alberta,Manufacturing,Women,15 to 24 years,2024,5.1,4.7,x,x,4700,x,5100
Alberta,Manufacturing,Women,15 to 24 years,2025,3.7,3.5,x,x,3500,x,3700
Alberta,Manufacturing,Women,25 to 54 years,2021,23.9,23,x,x,23000,x,23900
Alberta,Manufacturing,Women,25 to 54 years,2022,24.9,23.9,x,x,23900,x,24900
Alberta,Manufacturing,Women,25 to 54 years,2023,28.3,27.3,x,x,27300,x,28300
Alberta,Manufacturing,Women,25 to 54 years,2024,29.9,28.7,x,x,28700,x,29900
Alberta,Manufacturing,Women,25 to 54 years,2025,31.2,30.3,x,x,30300,x,31200
Alberta,Manufacturing,Women,55 years and over,2021,5.7,5.5,x,x,5500,x,5700
Alberta,Manufacturing,Women,55 years and over,2022,8.8,8.4,x,x,8400,x,8800
Alberta,Manufacturing,Women,55 years and over,2023,9.7,9.2,x,x,9200,x,9700
Alberta,Manufacturing,Women,55 years and over,2024,6.8,6.8,x,x,6800,x,6800
Alberta,Manufacturing,Women,55 years and over,2025,7.9,7.4,x,x,7400,x,7900
Alberta,Wholesale and retail trade,Men,15 to 24 years,2021,41.7,38.5,3.2,7.7,38500,3200,41700
Alberta,Wholesale and retail trade,Men,15 to 24 years,2022,41.8,39.3,2.5,6,39300,2500,41800
Alberta,Wholesale and retail trade,Men,15 to 24 years,2023,43,40.9,2.2,5.1,40900,2200,43000
Alberta,Wholesale and retail trade,Men,15 to 24 years,2024,40.6,37.4,3.2,7.9,37400,3200,40600
Alberta,Wholesale and retail trade,Men,15 to 24 years,2025,36.8,33.9,3,8.2,33900,3000,36800
Alberta,Wholesale and retail trade,Men,25 to 54 years,2021,113.9,110,3.9,3.4,110000,3900,113900
Alberta,Wholesale and retail trade,Men,25 to 54 years,2022,113.1,110.2,2.9,2.6,110200,2900,113100
Alberta,Wholesale and retail trade,Men,25 to 54 years,2023,109.2,104.8,4.4,4,104800,4400,109200
Alberta,Wholesale and retail trade,Men,25 to 54 years,2024,116.7,113.1,3.5,3,113100,3500,116700
Alberta,Wholesale and retail trade,Men,25 to 54 years,2025,117.6,114.7,2.9,2.5,114700,2900,117600
Alberta,Wholesale and retail trade,Men,55 years and over,2021,36.3,34.8,1.5,4.1,34800,1500,36300
Alberta,Wholesale and retail trade,Men,55 years and over,2022,39.5,38.3,x,x,38300,x,39500
Alberta,Wholesale and retail trade,Men,55 years and over,2023,44.7,43.4,x,x,43400,x,44700
Alberta,Wholesale and retail trade,Men,55 years and over,2024,37.3,35.9,x,x,35900,x,37300
Alberta,Wholesale and retail trade,Men,55 years and over,2025,40.4,39,1.5,3.7,39000,1500,40400
Alberta,Wholesale and retail trade,Women,15 to 24 years,2021,43.8,41.9,1.9,4.3,41900,1900,43800
Alberta,Wholesale and retail trade,Women,15 to 24 years,2022,51.8,49.4,2.4,4.6,49400,2400,51800
Alberta,Wholesale and retail trade,Women,15 to 24 years,2023,41.9,39.5,2.4,5.7,39500,2400,41900
Alberta,Wholesale and retail trade,Women,15 to 24 years,2024,40.7,37.7,3,7.4,37700,3000,40700
Alberta,Wholesale and retail trade,Women,15 to 24 years,2025,43.8,40.4,3.4,7.8,40400,3400,43800
Alberta,Wholesale and retail trade,Women,25 to 54 years,2021,89.7,86.2,3.6,4,86200,3600,89700
Alberta,Wholesale and retail trade,Women,25 to 54 years,2022,99.6,95.7,3.8,3.8,95700,3800,99600
Alberta,Wholesale and retail trade,Women,25 to 54 years,2023,98.6,95.1,3.5,3.5,95100,3500,98600
Alberta,Wholesale and retail trade,Women,25 to 54 years,2024,103.3,97.5,5.7,5.5,97500,5700,103300
Alberta,Wholesale and retail trade,Women,25 to 54 years,2025,101.3,95.9,5.4,5.3,95900,5400,101300
Alberta,Wholesale and retail trade,Women,55 years and over,2021,33.3,31.4,1.9,5.7,31400,1900,33300
Alberta,Wholesale and retail trade,Women,55 years and over,2022,32.1,30.6,1.5,4.7,30600,1500,32100
Alberta,Wholesale and retail trade,Women,55 years and over,2023,38.2,37.7,x,x,37700,x,38200
Alberta,Wholesale and retail trade,Women,55 years and over,2024,34,32.2,1.8,5.3,32200,1800,34000
Alberta,Wholesale and retail trade,Women,55 years and over,2025,38.2,37.1,x,x,37100,x,38200
Alberta,Transportation and warehousing,Men,15 to 24 years,2021,7.4,7,x,x,7000,x,7400
Alberta,Transportation and warehousing,Men,15 to 24 years,2022,6.5,6.2,x,x,6200,x,6500
Alberta,Transportation and warehousing,Men,15 to 24 years,2023,6.3,5.8,x,x,5800,x,6300
Alberta,Transportation and warehousing,Men,15 to 24 years,2024,6.1,5.5,x,x,5500,x,6100
Alberta,Transportation and warehousing,Men,15 to 24 years,2025,7.4,7.2,x,x,7200,x,7400
Alberta,Transportation and warehousing,Men,25 to 54 years,2021,74.8,72.9,1.9,2.5,72900,1900,74800
Alberta,Transportation and warehousing,Men,25 to 54 years,2022,70.3,68.4,1.9,2.7,68400,1900,70300
Alberta,Transportation and warehousing,Men,25 to 54 years,2023,77.5,74.9,2.5,3.2,74900,2500,77500
Alberta,Transportation and warehousing,Men,25 to 54 years,2024,78.7,76.7,2.1,2.7,76700,2100,78700
Alberta,Transportation and warehousing,Men,25 to 54 years,2025,84.1,81.9,2.2,2.6,81900,2200,84100
Alberta,Transportation and warehousing,Men,55 years and over,2021,23.5,22.6,x,x,22600,x,23500
Alberta,Transportation and warehousing,Men,55 years and over,2022,22.7,21.9,x,x,21900,x,22700
Alberta,Transportation and warehousing,Men,55 years and over,2023,25.3,24.4,x,x,24400,x,25300
Alberta,Transportation and warehousing,Men,55 years and over,2024,28.8,27.8,x,x,27800,x,28800
Alberta,Transportation and warehousing,Men,55 years and over,2025,28.6,26.8,1.8,6.3,26800,1800,28600
Alberta,Transportation and warehousing,Women,15 to 24 years,2021,x,x,x,x,x,x,x
Alberta,Transportation and warehousing,Women,15 to 24 years,2022,2.8,2.8,x,x,2800,x,2800
Alberta,Transportation and warehousing,Women,15 to 24 years,2023,2.8,2.7,x,x,2700,x,2800
Alberta,Transportation and warehousing,Women,15 to 24 years,2024,x,x,x,x,x,x,x
Alberta,Transportation and warehousing,Women,15 to 24 years,2025,2.7,2.3,x,x,2300,x,2700
Alberta,Transportation and warehousing,Women,25 to 54 years,2021,20.3,20,x,x,20000,x,20300
Alberta,Transportation and warehousing,Women,25 to 54 years,2022,23.9,23.4,x,x,23400,x,23900
Alberta,Transportation and warehousing,Women,25 to 54 years,2023,27,25.9,x,x,25900,x,27000
Alberta,Transportation and warehousing,Women,25 to 54 years,2024,26,25.1,x,x,25100,x,26000
Alberta,Transportation and warehousing,Women,25 to 54 years,2025,28.4,27,x,x,27000,x,28400
Alberta,Transportation and warehousing,Women,55 years and over,2021,9.1,8.6,x,x,8600,x,9100
Alberta,Transportation and warehousing,Women,55 years and over,2022,7.6,7.3,x,x,7300,x,7600
Alberta,Transportation and warehousing,Women,55 years and over,2023,6.9,6.6,x,x,6600,x,6900
Alberta,Transportation and warehousing,Women,55 years and over,2024,8.7,8.2,x,x,8200,x,8700
Alberta,Transportation and warehousing,Women,55 years and over,2025,6.6,6.5,x,x,6500,x,6600
Alberta,"Finance, insurance, real estate, rental and leasing",Men,15 to 24 years,2021,4.9,4.8,x,x,4800,x,4900
Alberta,"Finance, insurance, real estate, rental and leasing",Men,15 to 24 years,2022,3.2,3.2,x,x,3200,x,3200
Alberta,"Finance, insurance, real estate, rental and leasing",Men,15 to 24 years,2023,4.4,3.3,x,x,3300,x,4400
Alberta,"Finance, insurance, real estate, rental and leasing",Men,15 to 24 years,2024,1.9,1.9,x,x,1900,x,1900
Alberta,"Finance, insurance, real estate, rental and leasing",Men,15 to 24 years,2025,4.5,4.2,x,x,4200,x,4500
Alberta,"Finance, insurance, real estate, rental and leasing",Men,25 to 54 years,2021,41.4,40.8,x,x,40800,x,41400
Alberta,"Finance, insurance, real estate, rental and leasing",Men,25 to 54 years,2022,42.4,41.7,x,x,41700,x,42400
Alberta,"Finance, insurance, real estate, rental and leasing",Men,25 to 54 years,2023,39.8,38.6,x,x,38600,x,39800
Alberta,"Finance, insurance, real estate, rental and leasing",Men,25 to 54 years,2024,41.9,40.7,x,x,40700,x,41900
Alberta,"Finance, insurance, real estate, rental and leasing",Men,25 to 54 years,2025,53.1,52.6,x,x,52600,x,53100
Alberta,"Finance, insurance, real estate, rental and leasing",Men,55 years and over,2021,11.5,11.4,x,x,11400,x,11500
Alberta,"Finance, insurance, real estate, rental and leasing",Men,55 years and over,2022,10.4,10.4,x,x,10400,x,10400
Alberta,"Finance, insurance, real estate, rental and leasing",Men,55 years and over,2023,13.4,13.3,x,x,13300,x,13400
Alberta,"Finance, insurance, real estate, rental and leasing",Men,55 years and over,2024,16.6,16.5,x,x,16500,x,16600
Alberta,"Finance, insurance, real estate, rental and leasing",Men,55 years and over,2025,15,14.6,x,x,14600,x,15000
Alberta,"Finance, insurance, real estate, rental and leasing",Women,15 to 24 years,2021,4.3,4.2,x,x,4200,x,4300
Alberta,"Finance, insurance, real estate, rental and leasing",Women,15 to 24 years,2022,2.6,2.6,x,x,2600,x,2600
Alberta,"Finance, insurance, real estate, rental and leasing",Women,15 to 24 years,2023,2.8,2.8,x,x,2800,x,2800
Alberta,"Finance, insurance, real estate, rental and leasing",Women,15 to 24 years,2024,4.7,4.7,x,x,4700,x,4700
Alberta,"Finance, insurance, real estate, rental and leasing",Women,15 to 24 years,2025,3.1,2.9,x,x,2900,x,3100
Alberta,"Finance, insurance, real estate, rental and leasing",Women,25 to 54 years,2021,48.6,47.5,x,x,47500,x,48600
Alberta,"Finance, insurance, real estate, rental and leasing",Women,25 to 54 years,2022,50,49.5,x,x,49500,x,50000
Alberta,"Finance, insurance, real estate, rental and leasing",Women,25 to 54 years,2023,57.1,56.1,x,x,56100,x,57100
Alberta,"Finance, insurance, real estate, rental and leasing",Women,25 to 54 years,2024,56.4,53.8,2.6,4.6,53800,2600,56400
Alberta,"Finance, insurance, real estate, rental and leasing",Women,25 to 54 years,2025,57,55.9,x,x,55900,x,57000
Alberta,"Finance, insurance, real estate, rental and leasing",Women,55 years and over,2021,15.4,14.4,x,x,14400,x,15400
Alberta,"Finance, insurance, real estate, rental and leasing",Women,55 years and over,2022,16.6,16.4,x,x,16400,x,16600
Alberta,"Finance, insurance, real estate, rental and leasing",Women,55 years and over,2023,13.3,12.9,x,x,12900,x,13300
Alberta,"Finance, insurance, real estate, rental and leasing",Women,55 years and over,2024,15.6,15.3,x,x,15300,x,15600
Alberta,"Finance, insurance, real estate, rental and leasing",Women,55 years and over,2025,14.7,14.7,x,x,14700,x,14700
Alberta,"Professional, scientific and technical services",Men,15 to 24 years,2021,3.9,3.6,x,x,3600,x,3900
Alberta,"Professional, scientific and technical services",Men,15 to 24 years,2022,4.9,4.6,x,x,4600,x,4900
Alberta,"Professional, scientific and technical services",Men,15 to 24 years,2023,6.1,5.2,x,x,5200,x,6100
Alberta,"Professional, scientific and technical services",Men,15 to 24 years,2024,8.8,8.4,x,x,8400,x,8800
Alberta,"Professional, scientific and technical services",Men,15 to 24 years,2025,8.5,8,x,x,8000,x,8500
Alberta,"Professional, scientific and technical services",Men,25 to 54 years,2021,72.2,70.1,2.2,3,70100,2200,72200
Alberta,"Professional, scientific and technical services",Men,25 to 54 years,2022,87.5,85.9,1.7,1.9,85900,1700,87500
Alberta,"Professional, scientific and technical services",Men,25 to 54 years,2023,98.4,96.9,1.5,1.5,96900,1500,98400
Alberta,"Professional, scientific and technical services",Men,25 to 54 years,2024,107.2,104,3.2,3,104000,3200,107200
Alberta,"Professional, scientific and technical services",Men,25 to 54 years,2025,110,105.8,4.3,3.9,105800,4300,110000
Alberta,"Professional, scientific and technical services",Men,55 years and over,2021,30.5,29.9,x,x,29900,x,30500
Alberta,"Professional, scientific and technical services",Men,55 years and over,2022,24.5,24,x,x,24000,x,24500
Alberta,"Professional, scientific and technical services",Men,55 years and over,2023,28.5,27.5,x,x,27500,x,28500
Alberta,"Professional, scientific and technical services",Men,55 years and over,2024,29.6,28.8,x,x,28800,x,29600
Alberta,"Professional, scientific and technical services",Men,55 years and over,2025,28.2,27.5,x,x,27500,x,28200
Alberta,"Professional, scientific and technical services",Women,15 to 24 years,2021,7.3,6.6,x,x,6600,x,7300
Alberta,"Professional, scientific and technical services",Women,15 to 24 years,2022,6.2,6.2,x,x,6200,x,6200
Alberta,"Professional, scientific and technical services",Women,15 to 24 years,2023,12.3,11.9,x,x,11900,x,12300
Alberta,"Professional, scientific and technical services",Women,15 to 24 years,2024,6.6,6.5,x,x,6500,x,6600
Alberta,"Professional, scientific and technical services",Women,15 to 24 years,2025,6.7,6.2,x,x,6200,x,6700
Alberta,"Professional, scientific and technical services",Women,25 to 54 years,2021,62.1,60.8,x,x,60800,x,62100
Alberta,"Professional, scientific and technical services",Women,25 to 54 years,2022,72.7,71.7,x,x,71700,x,72700
Alberta,"Professional, scientific and technical services",Women,25 to 54 years,2023,80.2,77.3,2.9,3.6,77300,2900,80200
Alberta,"Professional, scientific and technical services",Women,25 to 54 years,2024,77.1,74.4,2.7,3.5,74400,2700,77100
Alberta,"Professional, scientific and technical services",Women,25 to 54 years,2025,82.3,80.1,2.2,2.7,80100,2200,82300
Alberta,"Professional, scientific and technical services",Women,55 years and over,2021,18.8,18.4,x,x,18400,x,18800
Alberta,"Professional, scientific and technical services",Women,55 years and over,2022,23.6,23.2,x,x,23200,x,23600
Alberta,"Professional, scientific and technical services",Women,55 years and over,2023,22.6,22.5,x,x,22500,x,22600
Alberta,"Professional, scientific and technical services",Women,55 years and over,2024,16.3,16,x,x,16000,x,16300
Alberta,"Professional, scientific and technical services",Women,55 years and over,2025,18.6,18.4,x,x,18400,x,18600
Alberta,"Business, building and other support services",Men,15 to 24 years,2021,6.5,5.8,x,x,5800,x,6500
Alberta,"Business, building and other support services",Men,15 to 24 years,2022,5.4,5.1,x,x,5100,x,5400
Alberta,"Business, building and other support services",Men,15 to 24 years,2023,7.4,6.7,x,x,6700,x,7400
Alberta,"Business, building and other support services",Men,15 to 24 years,2024,5.4,4.4,x,x,4400,x,5400
Alberta,"Business, building and other support services",Men,15 to 24 years,2025,9.7,8.3,x,x,8300,x,9700
Alberta,"Business, building and other support services",Men,25 to 54 years,2021,25.7,23.3,2.4,9.3,23300,2400,25700
Alberta,"Business, building and other support services",Men,25 to 54 years,2022,25.8,23.5,2.2,8.5,23500,2200,25800
Alberta,"Business, building and other support services",Men,25 to 54 years,2023,28.7,27,1.8,6.3,27000,1800,28700
Alberta,"Business, building and other support services",Men,25 to 54 years,2024,31.4,29,2.4,7.6,29000,2400,31400
Alberta,"Business, building and other support services",Men,25 to 54 years,2025,30.6,29.3,x,x,29300,x,30600
Alberta,"Business, building and other support services",Men,55 years and over,2021,11.3,10.5,x,x,10500,x,11300
Alberta,"Business, building and other support services",Men,55 years and over,2022,10.5,10,x,x,10000,x,10500
Alberta,"Business, building and other support services",Men,55 years and over,2023,10.6,10.4,x,x,10400,x,10600
Alberta,"Business, building and other support services",Men,55 years and over,2024,11.2,10.8,x,x,10800,x,11200
Alberta,"Business, building and other support services",Men,55 years and over,2025,8.6,8.1,x,x,8100,x,8600
Alberta,"Business, building and other support services",Women,15 to 24 years,2021,4.2,3.9,x,x,3900,x,4200
Alberta,"Business, building and other support services",Women,15 to 24 years,2022,4.1,3.6,x,x,3600,x,4100
Alberta,"Business, building and other support services",Women,15 to 24 years,2023,x,x,x,x,x,x,x
Alberta,"Business, building and other support services",Women,15 to 24 years,2024,1.9,1.8,x,x,1800,x,1900
Alberta,"Business, building and other support services",Women,15 to 24 years,2025,5.9,5.6,x,x,5600,x,5900
Alberta,"Business, building and other support services",Women,25 to 54 years,2021,18.9,17,1.9,10.1,17000,1900,18900
Alberta,"Business, building and other support services",Women,25 to 54 years,2022,26.4,24.9,1.5,5.7,24900,1500,26400
Alberta,"Business, building and other support services",Women,25 to 54 years,2023,21.8,21.1,x,x,21100,x,21800
Alberta,"Business, building and other support services",Women,25 to 54 years,2024,29.1,27.5,1.5,5.2,27500,1500,29100
Alberta,"Business, building and other support services",Women,25 to 54 years,2025,24.9,23.7,x,x,23700,x,24900
Alberta,"Business, building and other support services",Women,55 years and over,2021,8.6,8,x,x,8000,x,8600
Alberta,"Business, building and other support services",Women,55 years and over,2022,7.4,6.9,x,x,6900,x,7400
Alberta,"Business, building and other support services",Women,55 years and over,2023,10.1,9.3,x,x,9300,x,10100
Alberta,"Business, building and other support services",Women,55 years and over,2024,10.3,9.8,x,x,9800,x,10300
Alberta,"Business, building and other support services",Women,55 years and over,2025,7.4,7.2,x,x,7200,x,7400
Alberta,Educational services,Men,15 to 24 years,2021,5.1,4.5,x,x,4500,x,5100
Alberta,Educational services,Men,15 to 24 years,2022,3.1,3,x,x,3000,x,3100
Alberta,Educational services,Men,15 to 24 years,2023,5.7,5.5,x,x,5500,x,5700
Alberta,Educational services,Men,15 to 24 years,2024,6.4,6.2,x,x,6200,x,6400
Alberta,Educational services,Men,15 to 24 years,2025,4.7,4.5,x,x,4500,x,4700
Alberta,Educational services,Men,25 to 54 years,2021,33,31.4,1.5,4.5,31400,1500,33000
Alberta,Educational services,Men,25 to 54 years,2022,35.3,34.3,x,x,34300,x,35300
Alberta,Educational services,Men,25 to 54 years,2023,36.1,35.2,x,x,35200,x,36100
Alberta,Educational services,Men,25 to 54 years,2024,36,35.1,x,x,35100,x,36000
Alberta,Educational services,Men,25 to 54 years,2025,34,32.4,1.6,4.7,32400,1600,34000
Alberta,Educational services,Men,55 years and over,2021,13,12.8,x,x,12800,x,13000
Alberta,Educational services,Men,55 years and over,2022,15.5,15.3,x,x,15300,x,15500
Alberta,Educational services,Men,55 years and over,2023,13.5,13.3,x,x,13300,x,13500
Alberta,Educational services,Men,55 years and over,2024,15,14.8,x,x,14800,x,15000
Alberta,Educational services,Men,55 years and over,2025,13.8,13.1,x,x,13100,x,13800
Alberta,Educational services,Women,15 to 24 years,2021,9.5,8.4,x,x,8400,x,9500
Alberta,Educational services,Women,15 to 24 years,2022,10.5,9.9,x,x,9900,x,10500
Alberta,Educational services,Women,15 to 24 years,2023,9.9,9.5,x,x,9500,x,9900
Alberta,Educational services,Women,15 to 24 years,2024,11.9,11.2,x,x,11200,x,11900
Alberta,Educational services,Women,15 to 24 years,2025,12.8,12.4,x,x,12400,x,12800
Alberta,Educational services,Women,25 to 54 years,2021,90.3,87.3,3,3.3,87300,3000,90300
Alberta,Educational services,Women,25 to 54 years,2022,87.9,84.8,3.1,3.5,84800,3100,87900
Alberta,Educational services,Women,25 to 54 years,2023,80.5,78,2.4,3,78000,2400,80500
Alberta,Educational services,Women,25 to 54 years,2024,83.1,80.8,2.3,2.8,80800,2300,83100
Alberta,Educational services,Women,25 to 54 years,2025,94.4,89.6,4.7,5,89600,4700,94400
Alberta,Educational services,Women,55 years and over,2021,23.7,22.5,x,x,22500,x,23700
Alberta,Educational services,Women,55 years and over,2022,22,21,x,x,21000,x,22000
Alberta,Educational services,Women,55 years and over,2023,21.6,20.7,x,x,20700,x,21600
Alberta,Educational services,Women,55 years and over,2024,21.6,20.8,x,x,20800,x,21600
Alberta,Educational services,Women,55 years and over,2025,24.1,22.9,x,x,22900,x,24100
Alberta,Health care and social assistance,Men,15 to 24 years,2021,4.3,4.2,x,x,4200,x,4300
Alberta,Health care and social assistance,Men,15 to 24 years,2022,5.6,5.6,x,x,5600,x,5600
Alberta,Health care and social assistance,Men,15 to 24 years,2023,3.5,3.1,x,x,3100,x,3500
Alberta,Health care and social assistance,Men,15 to 24 years,2024,4.2,4.2,x,x,4200,x,4200
Alberta,Health care and social assistance,Men,15 to 24 years,2025,5.2,5,x,x,5000,x,5200
Alberta,Health care and social assistance,Men,25 to 54 years,2021,41.7,41.2,x,x,41200,x,41700
Alberta,Health care and social assistance,Men,25 to 54 years,2022,42.4,41.8,x,x,41800,x,42400
Alberta,Health care and social assistance,Men,25 to 54 years,2023,46.1,45,x,x,45000,x,46100
Alberta,Health care and social assistance,Men,25 to 54 years,2024,44.5,44,x,x,44000,x,44500
Alberta,Health care and social assistance,Men,25 to 54 years,2025,44.2,42.5,1.6,3.6,42500,1600,44200
Alberta,Health care and social assistance,Men,55 years and over,2021,9.7,9.7,x,x,9700,x,9700
Alberta,Health care and social assistance,Men,55 years and over,2022,10.7,10.7,x,x,10700,x,10700
Alberta,Health care and social assistance,Men,55 years and over,2023,9.7,9.3,x,x,9300,x,9700
Alberta,Health care and social assistance,Men,55 years and over,2024,9.9,9.6,x,x,9600,x,9900
Alberta,Health care and social assistance,Men,55 years and over,2025,12.7,12.4,x,x,12400,x,12700
Alberta,Health care and social assistance,Women,15 to 24 years,2021,21.4,20.7,x,x,20700,x,21400
Alberta,Health care and social assistance,Women,15 to 24 years,2022,17.5,16.8,x,x,16800,x,17500
Alberta,Health care and social assistance,Women,15 to 24 years,2023,22,21.1,x,x,21100,x,22000
Alberta,Health care and social assistance,Women,15 to 24 years,2024,24.6,23.8,x,x,23800,x,24600
Alberta,Health care and social assistance,Women,15 to 24 years,2025,23.9,22.2,1.8,7.5,22200,1800,23900
Alberta,Health care and social assistance,Women,25 to 54 years,2021,186.6,183.3,3.3,1.8,183300,3300,186600
Alberta,Health care and social assistance,Women,25 to 54 years,2022,197.1,193.4,3.8,1.9,193400,3800,197100
Alberta,Health care and social assistance,Women,25 to 54 years,2023,199.2,195.1,4.1,2.1,195100,4100,199200
Alberta,Health care and social assistance,Women,25 to 54 years,2024,206.7,203.2,3.5,1.7,203200,3500,206700
Alberta,Health care and social assistance,Women,25 to 54 years,2025,211.9,208.6,3.3,1.6,208600,3300,211900
Alberta,Health care and social assistance,Women,55 years and over,2021,46.8,46.3,x,x,46300,x,46800
Alberta,Health care and social assistance,Women,55 years and over,2022,44.8,43.7,x,x,43700,x,44800
Alberta,Health care and social assistance,Women,55 years and over,2023,47.8,46.8,x,x,46800,x,47800
Alberta,Health care and social assistance,Women,55 years and over,2024,42.6,41.8,x,x,41800,x,42600
Alberta,Health care and social assistance,Women,55 years and over,2025,48.6,48.3,x,x,48300,x,48600
Alberta,"Information, culture and recreation",Men,15 to 24 years,2021,6.8,5.8,x,x,5800,x,6800
Alberta,"Information, culture and recreation",Men,15 to 24 years,2022,12.4,11.7,x,x,11700,x,12400
Alberta,"Information, culture and recreation",Men,15 to 24 years,2023,12.7,11.8,x,x,11800,x,12700
Alberta,"Information, culture and recreation",Men,15 to 24 years,2024,17.6,16,1.6,9.1,16000,1600,17600
Alberta,"Information, culture and recreation",Men,15 to 24 years,2025,16.2,15,x,x,15000,x,16200
Alberta,"Information, culture and recreation",Men,25 to 54 years,2021,23.7,20.5,3.1,13.1,20500,3100,23700
Alberta,"Information, culture and recreation",Men,25 to 54 years,2022,25,24.1,x,x,24100,x,25000
Alberta,"Information, culture and recreation",Men,25 to 54 years,2023,26.9,25.2,1.7,6.3,25200,1700,26900
Alberta,"Information, culture and recreation",Men,25 to 54 years,2024,20.5,19.3,x,x,19300,x,20500
Alberta,"Information, culture and recreation",Men,25 to 54 years,2025,23.5,23,x,x,23000,x,23500
Alberta,"Information, culture and recreation",Men,55 years and over,2021,6.8,6.5,x,x,6500,x,6800
Alberta,"Information, culture and recreation",Men,55 years and over,2022,6.5,6.2,x,x,6200,x,6500
Alberta,"Information, culture and recreation",Men,55 years and over,2023,5.5,5.4,x,x,5400,x,5500
Alberta,"Information, culture and recreation",Men,55 years and over,2024,7.3,5.6,1.7,23.3,5600,1700,7300
Alberta,"Information, culture and recreation",Men,55 years and over,2025,7.3,6.7,x,x,6700,x,7300
Alberta,"Information, culture and recreation",Women,15 to 24 years,2021,8.1,7,x,x,7000,x,8100
Alberta,"Information, culture and recreation",Women,15 to 24 years,2022,12.1,11.2,x,x,11200,x,12100
Alberta,"Information, culture and recreation",Women,15 to 24 years,2023,13.8,13,x,x,13000,x,13800
Alberta,"Information, culture and recreation",Women,15 to 24 years,2024,18.5,17.4,x,x,17400,x,18500
Alberta,"Information, culture and recreation",Women,15 to 24 years,2025,18.2,16.4,1.8,9.9,16400,1800,18200
Alberta,"Information, culture and recreation",Women,25 to 54 years,2021,17.9,16.9,x,x,16900,x,17900
Alberta,"Information, culture and recreation",Women,25 to 54 years,2022,19.3,18.5,x,x,18500,x,19300
Alberta,"Information, culture and recreation",Women,25 to 54 years,2023,22,21,x,x,21000,x,22000
Alberta,"Information, culture and recreation",Women,25 to 54 years,2024,24,22.1,2,8.3,22100,2000,24000
Alberta,"Information, culture and recreation",Women,25 to 54 years,2025,26.6,24.3,2.3,8.6,24300,2300,26600
Alberta,"Information, culture and recreation",Women,55 years and over,2021,7.8,7.1,x,x,7100,x,7800
Alberta,"Information, culture and recreation",Women,55 years and over,2022,6.3,6,x,x,6000,x,6300
Alberta,"Information, culture and recreation",Women,55 years and over,2023,5.1,4.9,x,x,4900,x,5100
Alberta,"Information, culture and recreation",Women,55 years and over,2024,6.2,5.7,x,x,5700,x,6200
Alberta,"Information, culture and recreation",Women,55 years and over,2025,6.4,6.3,x,x,6300,x,6400
Alberta,Accommodation and food services,Men,15 to 24 years,2021,21,19.3,1.7,8.1,19300,1700,21000
Alberta,Accommodation and food services,Men,15 to 24 years,2022,23.8,22.5,x,x,22500,x,23800
Alberta,Accommodation and food services,Men,15 to 24 years,2023,24.2,22.1,2.1,8.7,22100,2100,24200
Alberta,Accommodation and food services,Men,15 to 24 years,2024,22.8,20,2.9,12.7,20000,2900,22800
Alberta,Accommodation and food services,Men,15 to 24 years,2025,26,24.3,1.7,6.5,24300,1700,26000
Alberta,Accommodation and food services,Men,25 to 54 years,2021,24.8,22.5,2.3,9.3,22500,2300,24800
Alberta,Accommodation and food services,Men,25 to 54 years,2022,24.7,23.8,x,x,23800,x,24700
Alberta,Accommodation and food services,Men,25 to 54 years,2023,26.7,24.6,2.1,7.9,24600,2100,26700
Alberta,Accommodation and food services,Men,25 to 54 years,2024,38.7,36.5,2.2,5.7,36500,2200,38700
Alberta,Accommodation and food services,Men,25 to 54 years,2025,34.9,33.8,x,x,33800,x,34900
Alberta,Accommodation and food services,Men,55 years and over,2021,3.7,2.9,x,x,2900,x,3700
Alberta,Accommodation and food services,Men,55 years and over,2022,6.2,6,x,x,6000,x,6200
Alberta,Accommodation and food services,Men,55 years and over,2023,3.9,3.8,x,x,3800,x,3900
Alberta,Accommodation and food services,Men,55 years and over,2024,5.5,5.3,x,x,5300,x,5500
Alberta,Accommodation and food services,Men,55 years and over,2025,6.6,6.5,x,x,6500,x,6600
Alberta,Accommodation and food services,Women,15 to 24 years,2021,29.7,27.2,2.5,8.4,27200,2500,29700
Alberta,Accommodation and food services,Women,15 to 24 years,2022,35.6,33.6,2,5.6,33600,2000,35600
Alberta,Accommodation and food services,Women,15 to 24 years,2023,36.5,34.4,2.1,5.8,34400,2100,36500
Alberta,Accommodation and food services,Women,15 to 24 years,2024,38.4,34.9,3.5,9.1,34900,3500,38400
Alberta,Accommodation and food services,Women,15 to 24 years,2025,38.1,36.8,x,x,36800,x,38100
Alberta,Accommodation and food services,Women,25 to 54 years,2021,37.2,33.6,3.6,9.7,33600,3600,37200
Alberta,Accommodation and food services,Women,25 to 54 years,2022,33.4,32.3,x,x,32300,x,33400
Alberta,Accommodation and food services,Women,25 to 54 years,2023,40,38.1,1.8,4.5,38100,1800,40000
Alberta,Accommodation and food services,Women,25 to 54 years,2024,40.8,38.5,2.4,5.9,38500,2400,40800
Alberta,Accommodation and food services,Women,25 to 54 years,2025,47.9,45.7,2.2,4.6,45700,2200,47900
Alberta,Accommodation and food services,Women,55 years and over,2021,5.1,4.6,x,x,4600,x,5100
Alberta,Accommodation and food services,Women,55 years and over,2022,7.2,6.9,x,x,6900,x,7200
Alberta,Accommodation and food services,Women,55 years and over,2023,8.9,8.5,x,x,8500,x,8900
Alberta,Accommodation and food services,Women,55 years and over,2024,9.8,9.5,x,x,9500,x,9800
Alberta,Accommodation and food services,Women,55 years and over,2025,7.8,7.4,x,x,7400,x,7800
Alberta,Other services (except public administration),Men,15 to 24 years,2021,7.9,7.4,x,x,7400,x,7900
Alberta,Other services (except public administration),Men,15 to 24 years,2022,7.4,6.9,x,x,6900,x,7400
Alberta,Other services (except public administration),Men,15 to 24 years,2023,6.9,6.3,x,x,6300,x,6900
Alberta,Other services (except public administration),Men,15 to 24 years,2024,11.1,10.7,x,x,10700,x,11100
Alberta,Other services (except public administration),Men,15 to 24 years,2025,7.5,6.9,x,x,6900,x,7500
Alberta,Other services (except public administration),Men,25 to 54 years,2021,32.2,30.3,1.9,5.9,30300,1900,32200
Alberta,Other services (except public administration),Men,25 to 54 years,2022,35.4,34.4,x,x,34400,x,35400
Alberta,Other services (except public administration),Men,25 to 54 years,2023,36.7,35.8,x,x,35800,x,36700
Alberta,Other services (except public administration),Men,25 to 54 years,2024,34.6,33.7,x,x,33700,x,34600
Alberta,Other services (except public administration),Men,25 to 54 years,2025,35.3,33.4,1.8,5.1,33400,1800,35300
Alberta,Other services (except public administration),Men,55 years and over,2021,11.6,10.9,x,x,10900,x,11600
Alberta,Other services (except public administration),Men,55 years and over,2022,8.8,8.3,x,x,8300,x,8800
Alberta,Other services (except public administration),Men,55 years and over,2023,7.5,7.3,x,x,7300,x,7500
Alberta,Other services (except public administration),Men,55 years and over,2024,8.4,7,x,x,7000,x,8400
Alberta,Other services (except public administration),Men,55 years and over,2025,10.8,10.7,x,x,10700,x,10800
Alberta,Other services (except public administration),Women,15 to 24 years,2021,6.3,5.4,x,x,5400,x,6300
Alberta,Other services (except public administration),Women,15 to 24 years,2022,3.8,3.8,x,x,3800,x,3800
Alberta,Other services (except public administration),Women,15 to 24 years,2023,6.5,6,x,x,6000,x,6500
Alberta,Other services (except public administration),Women,15 to 24 years,2024,7.3,6.8,x,x,6800,x,7300
Alberta,Other services (except public administration),Women,15 to 24 years,2025,7.4,6.9,x,x,6900,x,7400
Alberta,Other services (except public administration),Women,25 to 54 years,2021,32.5,31.4,x,x,31400,x,32500
Alberta,Other services (except public administration),Women,25 to 54 years,2022,31.5,31.2,x,x,31200,x,31500
Alberta,Other services (except public administration),Women,25 to 54 years,2023,35.6,34.3,x,x,34300,x,35600
Alberta,Other services (except public administration),Women,25 to 54 years,2024,39.5,38.2,x,x,38200,x,39500
Alberta,Other services (except public administration),Women,25 to 54 years,2025,30,29.4,x,x,29400,x,30000
Alberta,Other services (except public administration),Women,55 years and over,2021,9.4,8.7,x,x,8700,x,9400
Alberta,Other services (except public administration),Women,55 years and over,2022,11.2,10.9,x,x,10900,x,11200
Alberta,Other services (except public administration),Women,55 years and over,2023,11.4,11.1,x,x,11100,x,11400
Alberta,Other services (except public administration),Women,55 years and over,2024,10,9.9,x,x,9900,x,10000
Alberta,Other services (except public administration),Women,55 years and over,2025,10.7,10.4,x,x,10400,x,10700
Alberta,Public administration,Men,15 to 24 years,2021,1.9,1.8,x,x,1800,x,1900
Alberta,Public administration,Men,15 to 24 years,2022,2.5,2.5,x,x,2500,x,2500
Alberta,Public administration,Men,15 to 24 years,2023,2.7,2.5,x,x,2500,x,2700
Alberta,Public administration,Men,15 to 24 years,2024,2.8,2.3,x,x,2300,x,2800
Alberta,Public administration,Men,15 to 24 years,2025,4.1,3.8,x,x,3800,x,4100
Alberta,Public administration,Men,25 to 54 years,2021,42.4,41.6,x,x,41600,x,42400
Alberta,Public administration,Men,25 to 54 years,2022,42.6,41.7,x,x,41700,x,42600
Alberta,Public administration,Men,25 to 54 years,2023,43.8,42.9,x,x,42900,x,43800
Alberta,Public administration,Men,25 to 54 years,2024,45,44.5,x,x,44500,x,45000
Alberta,Public administration,Men,25 to 54 years,2025,56.4,55.3,x,x,55300,x,56400
Alberta,Public administration,Men,55 years and over,2021,11,11,x,x,11000,x,11000
Alberta,Public administration,Men,55 years and over,2022,13.2,12.8,x,x,12800,x,13200
Alberta,Public administration,Men,55 years and over,2023,12.6,12.4,x,x,12400,x,12600
Alberta,Public administration,Men,55 years and over,2024,13.3,13.1,x,x,13100,x,13300
Alberta,Public administration,Men,55 years and over,2025,11.3,10.9,x,x,10900,x,11300
Alberta,Public administration,Women,15 to 24 years,2021,1.8,1.8,x,x,1800,x,1800
Alberta,Public administration,Women,15 to 24 years,2022,3.7,3.5,x,x,3500,x,3700
Alberta,Public administration,Women,15 to 24 years,2023,2,2,x,x,2000,x,2000
Alberta,Public administration,Women,15 to 24 years,2024,3.6,3.3,x,x,3300,x,3600
Alberta,Public administration,Women,15 to 24 years,2025,2.9,2.5,x,x,2500,x,2900
Alberta,Public administration,Women,25 to 54 years,2021,36.6,35.7,x,x,35700,x,36600
Alberta,Public administration,Women,25 to 54 years,2022,40.2,39.4,x,x,39400,x,40200
Alberta,Public administration,Women,25 to 54 years,2023,43.3,42.8,x,x,42800,x,43300
Alberta,Public administration,Women,25 to 54 years,2024,45,44.5,x,x,44500,x,45000
Alberta,Public administration,Women,25 to 54 years,2025,49.5,48.7,x,x,48700,x,49500
Alberta,Public administration,Women,55 years and over,2021,10.3,9.5,x,x,9500,x,10300
Alberta,Public administration,Women,55 years and over,2022,8.3,8.2,x,x,8200,x,8300
Alberta,Public administration,Women,55 years and over,2023,8.7,8.7,x,x,8700,x,8700
Alberta,Public administration,Women,55 years and over,2024,15.2,14.9,x,x,14900,x,15200
Alberta,Public administration,Women,55 years and over,2025,11.4,11.3,x,x,11300,x,11400
British Columbia,Agriculture,Men,15 to 24 years,2021,2,1.7,x,x,1700,x,2000
British Columbia,Agriculture,Men,15 to 24 years,2022,1.5,x,x,x,x,x,1500
British Columbia,Agriculture,Men,15 to 24 years,2023,2.2,1.9,x,x,1900,x,2200
British Columbia,Agriculture,Men,15 to 24 years,2024,x,x,x,x,x,x,x
British Columbia,Agriculture,Men,15 to 24 years,2025,2.1,1.9,x,x,1900,x,2100
British Columbia,Agriculture,Men,25 to 54 years,2021,5.6,5.3,x,x,5300,x,5600
British Columbia,Agriculture,Men,25 to 54 years,2022,7.6,7.4,x,x,7400,x,7600
British Columbia,Agriculture,Men,25 to 54 years,2023,6.1,5.8,x,x,5800,x,6100
British Columbia,Agriculture,Men,25 to 54 years,2024,6.1,6,x,x,6000,x,6100
British Columbia,Agriculture,Men,25 to 54 years,2025,3.8,3.7,x,x,3700,x,3800
British Columbia,Agriculture,Men,55 years and over,2021,5.8,5.5,x,x,5500,x,5800
British Columbia,Agriculture,Men,55 years and over,2022,4.5,4.2,x,x,4200,x,4500
British Columbia,Agriculture,Men,55 years and over,2023,5.3,5.2,x,x,5200,x,5300
British Columbia,Agriculture,Men,55 years and over,2024,2.7,2.7,x,x,2700,x,2700
British Columbia,Agriculture,Men,55 years and over,2025,4.5,4.5,x,x,4500,x,4500
British Columbia,Agriculture,Women,15 to 24 years,2021,2.2,1.8,x,x,1800,x,2200
British Columbia,Agriculture,Women,15 to 24 years,2022,1.8,1.8,x,x,1800,x,1800
British Columbia,Agriculture,Women,15 to 24 years,2023,2.7,2.6,x,x,2600,x,2700
British Columbia,Agriculture,Women,15 to 24 years,2024,2.4,2,x,x,2000,x,2400
British Columbia,Agriculture,Women,15 to 24 years,2025,x,x,x,x,x,x,x
British Columbia,Agriculture,Women,25 to 54 years,2021,4.9,4.4,x,x,4400,x,4900
British Columbia,Agriculture,Women,25 to 54 years,2022,5.5,5,x,x,5000,x,5500
British Columbia,Agriculture,Women,25 to 54 years,2023,5.2,4.8,x,x,4800,x,5200
British Columbia,Agriculture,Women,25 to 54 years,2024,5.1,4.3,x,x,4300,x,5100
British Columbia,Agriculture,Women,25 to 54 years,2025,3.7,3.1,x,x,3100,x,3700
British Columbia,Agriculture,Women,55 years and over,2021,3,2.4,x,x,2400,x,3000
British Columbia,Agriculture,Women,55 years and over,2022,4.5,4,x,x,4000,x,4500
British Columbia,Agriculture,Women,55 years and over,2023,4.2,4,x,x,4000,x,4200
British Columbia,Agriculture,Women,55 years and over,2024,2,1.6,x,x,1600,x,2000
British Columbia,Agriculture,Women,55 years and over,2025,2.5,2.2,x,x,2200,x,2500
British Columbia,"Forestry, fishing, mining, quarrying, oil and gas",Men,15 to 24 years,2021,2.6,2.2,x,x,2200,x,2600
British Columbia,"Forestry, fishing, mining, quarrying, oil and gas",Men,15 to 24 years,2022,3.3,3.1,x,x,3100,x,3300
British Columbia,"Forestry, fishing, mining, quarrying, oil and gas",Men,15 to 24 years,2023,1.8,1.6,x,x,1600,x,1800
British Columbia,"Forestry, fishing, mining, quarrying, oil and gas",Men,15 to 24 years,2024,2.9,2.9,x,x,2900,x,2900
British Columbia,"Forestry, fishing, mining, quarrying, oil and gas",Men,15 to 24 years,2025,2.5,2.3,x,x,2300,x,2500
British Columbia,"Forestry, fishing, mining, quarrying, oil and gas",Men,25 to 54 years,2021,29.2,27.4,1.8,6.2,27400,1800,29200
British Columbia,"Forestry, fishing, mining, quarrying, oil and gas",Men,25 to 54 years,2022,28,27.5,x,x,27500,x,28000
British Columbia,"Forestry, fishing, mining, quarrying, oil and gas",Men,25 to 54 years,2023,32.8,31.6,x,x,31600,x,32800
British Columbia,"Forestry, fishing, mining, quarrying, oil and gas",Men,25 to 54 years,2024,31.3,29.7,1.6,5.1,29700,1600,31300
British Columbia,"Forestry, fishing, mining, quarrying, oil and gas",Men,25 to 54 years,2025,27.7,26.5,x,x,26500,x,27700
British Columbia,"Forestry, fishing, mining, quarrying, oil and gas",Men,55 years and over,2021,10.8,10.3,x,x,10300,x,10800
British Columbia,"Forestry, fishing, mining, quarrying, oil and gas",Men,55 years and over,2022,9.1,8.5,x,x,8500,x,9100
British Columbia,"Forestry, fishing, mining, quarrying, oil and gas",Men,55 years and over,2023,9.9,9.1,x,x,9100,x,9900
British Columbia,"Forestry, fishing, mining, quarrying, oil and gas",Men,55 years and over,2024,11,10.6,x,x,10600,x,11000
British Columbia,"Forestry, fishing, mining, quarrying, oil and gas",Men,55 years and over,2025,7.6,6.8,x,x,6800,x,7600
British Columbia,"Forestry, fishing, mining, quarrying, oil and gas",Women,15 to 24 years,2021,x,x,x,x,x,x,x
British Columbia,"Forestry, fishing, mining, quarrying, oil and gas",Women,15 to 24 years,2022,x,x,x,x,x,x,x
British Columbia,"Forestry, fishing, mining, quarrying, oil and gas",Women,15 to 24 years,2023,x,x,x,x,x,x,x
British Columbia,"Forestry, fishing, mining, quarrying, oil and gas",Women,15 to 24 years,2024,x,x,x,x,x,x,x
British Columbia,"Forestry, fishing, mining, quarrying, oil and gas",Women,15 to 24 years,2025,x,x,x,x,x,x,x
British Columbia,"Forestry, fishing, mining, quarrying, oil and gas",Women,25 to 54 years,2021,6.5,6.2,x,x,6200,x,6500
British Columbia,"Forestry, fishing, mining, quarrying, oil and gas",Women,25 to 54 years,2022,6.8,6.3,x,x,6300,x,6800
British Columbia,"Forestry, fishing, mining, quarrying, oil and gas",Women,25 to 54 years,2023,6.5,6,x,x,6000,x,6500
British Columbia,"Forestry, fishing, mining, quarrying, oil and gas",Women,25 to 54 years,2024,7.5,7.5,x,x,7500,x,7500
British Columbia,"Forestry, fishing, mining, quarrying, oil and gas",Women,25 to 54 years,2025,7.1,6.9,x,x,6900,x,7100
British Columbia,"Forestry, fishing, mining, quarrying, oil and gas",Women,55 years and over,2021,1.7,1.5,x,x,1500,x,1700
British Columbia,"Forestry, fishing, mining, quarrying, oil and gas",Women,55 years and over,2022,1.6,1.5,x,x,1500,x,1600
British Columbia,"Forestry, fishing, mining, quarrying, oil and gas",Women,55 years and over,2023,1.6,1.6,x,x,1600,x,1600
British Columbia,"Forestry, fishing, mining, quarrying, oil and gas",Women,55 years and over,2024,1.9,1.9,x,x,1900,x,1900
British Columbia,"Forestry, fishing, mining, quarrying, oil and gas",Women,55 years and over,2025,x,x,x,x,x,x,x
British Columbia,Utilities,Men,15 to 24 years,2021,x,x,x,x,x,x,x
British Columbia,Utilities,Men,15 to 24 years,2022,x,x,x,x,x,x,x
British Columbia,Utilities,Men,15 to 24 years,2023,x,x,x,x,x,x,x
British Columbia,Utilities,Men,15 to 24 years,2024,x,x,x,x,x,x,x
British Columbia,Utilities,Men,15 to 24 years,2025,x,x,x,x,x,x,x
British Columbia,Utilities,Men,25 to 54 years,2021,10,9.7,x,x,9700,x,10000
British Columbia,Utilities,Men,25 to 54 years,2022,7.7,7.6,x,x,7600,x,7700
British Columbia,Utilities,Men,25 to 54 years,2023,10.6,10.6,x,x,10600,x,10600
British Columbia,Utilities,Men,25 to 54 years,2024,7.8,7.8,x,x,7800,x,7800
British Columbia,Utilities,Men,25 to 54 years,2025,7.4,7.3,x,x,7300,x,7400
British Columbia,Utilities,Men,55 years and over,2021,3.5,3.5,x,x,3500,x,3500
British Columbia,Utilities,Men,55 years and over,2022,1.9,1.9,x,x,1900,x,1900
British Columbia,Utilities,Men,55 years and over,2023,2.4,2.3,x,x,2300,x,2400
British Columbia,Utilities,Men,55 years and over,2024,4.1,4,x,x,4000,x,4100
British Columbia,Utilities,Men,55 years and over,2025,3.2,3.2,x,x,3200,x,3200
British Columbia,Utilities,Women,15 to 24 years,2021,x,x,x,x,x,x,x
British Columbia,Utilities,Women,15 to 24 years,2022,x,x,x,x,x,x,x
British Columbia,Utilities,Women,15 to 24 years,2023,x,x,x,x,x,x,x
British Columbia,Utilities,Women,15 to 24 years,2024,x,x,x,x,x,x,x
British Columbia,Utilities,Women,15 to 24 years,2025,x,x,x,x,x,x,x
British Columbia,Utilities,Women,25 to 54 years,2021,3.8,3.8,x,x,3800,x,3800
British Columbia,Utilities,Women,25 to 54 years,2022,3.2,3.1,x,x,3100,x,3200
British Columbia,Utilities,Women,25 to 54 years,2023,3.3,3.2,x,x,3200,x,3300
British Columbia,Utilities,Women,25 to 54 years,2024,3.8,3.8,x,x,3800,x,3800
British Columbia,Utilities,Women,25 to 54 years,2025,3.2,3.2,x,x,3200,x,3200
British Columbia,Utilities,Women,55 years and over,2021,x,x,x,x,x,x,x
British Columbia,Utilities,Women,55 years and over,2022,2.3,2.3,x,x,2300,x,2300
British Columbia,Utilities,Women,55 years and over,2023,1.7,1.7,x,x,1700,x,1700
British Columbia,Utilities,Women,55 years and over,2024,x,x,x,x,x,x,x
British Columbia,Utilities,Women,55 years and over,2025,x,x,x,x,x,x,x
British Columbia,Construction,Men,15 to 24 years,2021,26.5,24.7,1.8,6.8,24700,1800,26500
British Columbia,Construction,Men,15 to 24 years,2022,26.9,25.3,1.5,5.6,25300,1500,26900
British Columbia,Construction,Men,15 to 24 years,2023,26.1,24.1,2,7.7,24100,2000,26100
British Columbia,Construction,Men,15 to 24 years,2024,30.7,28.9,1.8,5.9,28900,1800,30700
British Columbia,Construction,Men,15 to 24 years,2025,32.5,30.5,2,6.2,30500,2000,32500
British Columbia,Construction,Men,25 to 54 years,2021,137.8,130.9,7,5.1,130900,7000,137800
British Columbia,Construction,Men,25 to 54 years,2022,145.1,140,5.1,3.5,140000,5100,145100
British Columbia,Construction,Men,25 to 54 years,2023,149.9,144.1,5.9,3.9,144100,5900,149900
British Columbia,Construction,Men,25 to 54 years,2024,152.5,145.4,7.1,4.7,145400,7100,152500
British Columbia,Construction,Men,25 to 54 years,2025,160.5,154.9,5.5,3.4,154900,5500,160500
British Columbia,Construction,Men,55 years and over,2021,42,39.8,2.2,5.2,39800,2200,42000
British Columbia,Construction,Men,55 years and over,2022,41.5,40,1.5,3.6,40000,1500,41500
British Columbia,Construction,Men,55 years and over,2023,38.2,36.8,x,x,36800,x,38200
British Columbia,Construction,Men,55 years and over,2024,42.5,40.7,1.8,4.2,40700,1800,42500
British Columbia,Construction,Men,55 years and over,2025,42.8,40.9,2,4.7,40900,2000,42800
British Columbia,Construction,Women,15 to 24 years,2021,4,3.6,x,x,3600,x,4000
British Columbia,Construction,Women,15 to 24 years,2022,2,2,x,x,2000,x,2000
British Columbia,Construction,Women,15 to 24 years,2023,3.1,2.9,x,x,2900,x,3100
British Columbia,Construction,Women,15 to 24 years,2024,2.8,2.8,x,x,2800,x,2800
British Columbia,Construction,Women,15 to 24 years,2025,4.4,4.2,x,x,4200,x,4400
British Columbia,Construction,Women,25 to 54 years,2021,25.1,24.3,x,x,24300,x,25100
British Columbia,Construction,Women,25 to 54 years,2022,22.7,21.8,x,x,21800,x,22700
British Columbia,Construction,Women,25 to 54 years,2023,23.2,22.4,x,x,22400,x,23200
British Columbia,Construction,Women,25 to 54 years,2024,23.3,22.3,x,x,22300,x,23300
British Columbia,Construction,Women,25 to 54 years,2025,25,24.3,x,x,24300,x,25000
British Columbia,Construction,Women,55 years and over,2021,6.4,6.3,x,x,6300,x,6400
British Columbia,Construction,Women,55 years and over,2022,8.3,8.3,x,x,8300,x,8300
British Columbia,Construction,Women,55 years and over,2023,7.4,7.2,x,x,7200,x,7400
British Columbia,Construction,Women,55 years and over,2024,6.9,6.7,x,x,6700,x,6900
British Columbia,Construction,Women,55 years and over,2025,8,7.4,x,x,7400,x,8000
British Columbia,Manufacturing,Men,15 to 24 years,2021,12.1,11.2,x,x,11200,x,12100
British Columbia,Manufacturing,Men,15 to 24 years,2022,10,9.4,x,x,9400,x,10000
British Columbia,Manufacturing,Men,15 to 24 years,2023,11.1,9.8,x,x,9800,x,11100
British Columbia,Manufacturing,Men,15 to 24 years,2024,11.2,10.3,x,x,10300,x,11200
British Columbia,Manufacturing,Men,15 to 24 years,2025,11.5,10.9,x,x,10900,x,11500
British Columbia,Manufacturing,Men,25 to 54 years,2021,84.7,82.9,1.8,2.1,82900,1800,84700
British Columbia,Manufacturing,Men,25 to 54 years,2022,87.2,84.3,2.9,3.3,84300,2900,87200
British Columbia,Manufacturing,Men,25 to 54 years,2023,83.7,79.9,3.7,4.4,79900,3700,83700
British Columbia,Manufacturing,Men,25 to 54 years,2024,86.4,83.4,2.9,3.4,83400,2900,86400
British Columbia,Manufacturing,Men,25 to 54 years,2025,91.4,88.1,3.3,3.6,88100,3300,91400
British Columbia,Manufacturing,Men,55 years and over,2021,42.2,40.9,x,x,40900,x,42200
British Columbia,Manufacturing,Men,55 years and over,2022,36.5,34.9,1.6,4.4,34900,1600,36500
British Columbia,Manufacturing,Men,55 years and over,2023,36.1,35.2,x,x,35200,x,36100
British Columbia,Manufacturing,Men,55 years and over,2024,34.2,33.4,x,x,33400,x,34200
British Columbia,Manufacturing,Men,55 years and over,2025,38.2,36.5,1.7,4.5,36500,1700,38200
British Columbia,Manufacturing,Women,15 to 24 years,2021,4.7,4.2,x,x,4200,x,4700
British Columbia,Manufacturing,Women,15 to 24 years,2022,4.5,4.2,x,x,4200,x,4500
British Columbia,Manufacturing,Women,15 to 24 years,2023,3.5,3.4,x,x,3400,x,3500
British Columbia,Manufacturing,Women,15 to 24 years,2024,5.4,5.3,x,x,5300,x,5400
British Columbia,Manufacturing,Women,15 to 24 years,2025,4.9,4.6,x,x,4600,x,4900
British Columbia,Manufacturing,Women,25 to 54 years,2021,34.2,33.4,x,x,33400,x,34200
British Columbia,Manufacturing,Women,25 to 54 years,2022,42.1,40.8,x,x,40800,x,42100
British Columbia,Manufacturing,Women,25 to 54 years,2023,38.5,36.5,2,5.2,36500,2000,38500
British Columbia,Manufacturing,Women,25 to 54 years,2024,37.5,35.8,1.7,4.5,35800,1700,37500
British Columbia,Manufacturing,Women,25 to 54 years,2025,33.7,33,x,x,33000,x,33700
British Columbia,Manufacturing,Women,55 years and over,2021,13.3,13.1,x,x,13100,x,13300
British Columbia,Manufacturing,Women,55 years and over,2022,14.6,14,x,x,14000,x,14600
British Columbia,Manufacturing,Women,55 years and over,2023,11.7,11.4,x,x,11400,x,11700
British Columbia,Manufacturing,Women,55 years and over,2024,11,10.3,x,x,10300,x,11000
British Columbia,Manufacturing,Women,55 years and over,2025,13.6,13.1,x,x,13100,x,13600
British Columbia,Wholesale and retail trade,Men,15 to 24 years,2021,49.8,46.5,3.3,6.6,46500,3300,49800
British Columbia,Wholesale and retail trade,Men,15 to 24 years,2022,49,45.6,3.4,6.9,45600,3400,49000
British Columbia,Wholesale and retail trade,Men,15 to 24 years,2023,51.8,49.4,2.4,4.6,49400,2400,51800
British Columbia,Wholesale and retail trade,Men,15 to 24 years,2024,50.9,47.9,2.9,5.7,47900,2900,50900
British Columbia,Wholesale and retail trade,Men,15 to 24 years,2025,53.5,51.4,2.1,3.9,51400,2100,53500
British Columbia,Wholesale and retail trade,Men,25 to 54 years,2021,116.9,113.6,3.3,2.8,113600,3300,116900
British Columbia,Wholesale and retail trade,Men,25 to 54 years,2022,133.7,130.4,3.2,2.4,130400,3200,133700
British Columbia,Wholesale and retail trade,Men,25 to 54 years,2023,130.3,126.3,4,3.1,126300,4000,130300
British Columbia,Wholesale and retail trade,Men,25 to 54 years,2024,136.3,131.7,4.6,3.4,131700,4600,136300
British Columbia,Wholesale and retail trade,Men,25 to 54 years,2025,143.5,137.4,6.2,4.3,137400,6200,143500
British Columbia,Wholesale and retail trade,Men,55 years and over,2021,46.4,44.9,1.6,3.4,44900,1600,46400
British Columbia,Wholesale and retail trade,Men,55 years and over,2022,55.8,55.1,x,x,55100,x,55800
British Columbia,Wholesale and retail trade,Men,55 years and over,2023,54.7,53.8,x,x,53800,x,54700
British Columbia,Wholesale and retail trade,Men,55 years and over,2024,50.6,50.1,x,x,50100,x,50600
British Columbia,Wholesale and retail trade,Men,55 years and over,2025,49.1,48.5,x,x,48500,x,49100
British Columbia,Wholesale and retail trade,Women,15 to 24 years,2021,49.8,47.1,2.7,5.4,47100,2700,49800
British Columbia,Wholesale and retail trade,Women,15 to 24 years,2022,53.2,51.2,2.1,3.9,51200,2100,53200
British Columbia,Wholesale and retail trade,Women,15 to 24 years,2023,54.9,51.8,3.1,5.6,51800,3100,54900
British Columbia,Wholesale and retail trade,Women,15 to 24 years,2024,48.9,45.9,3,6.1,45900,3000,48900
British Columbia,Wholesale and retail trade,Women,15 to 24 years,2025,44,41.5,2.4,5.5,41500,2400,44000
British Columbia,Wholesale and retail trade,Women,25 to 54 years,2021,111.4,107.8,3.6,3.2,107800,3600,111400
British Columbia,Wholesale and retail trade,Women,25 to 54 years,2022,114.4,111.2,3.2,2.8,111200,3200,114400
British Columbia,Wholesale and retail trade,Women,25 to 54 years,2023,112.3,108.6,3.7,3.3,108600,3700,112300
British Columbia,Wholesale and retail trade,Women,25 to 54 years,2024,109.9,106.5,3.4,3.1,106500,3400,109900
British Columbia,Wholesale and retail trade,Women,25 to 54 years,2025,120.6,117.6,3.1,2.6,117600,3100,120600
British Columbia,Wholesale and retail trade,Women,55 years and over,2021,44.6,43.2,x,x,43200,x,44600
British Columbia,Wholesale and retail trade,Women,55 years and over,2022,44,43.3,x,x,43300,x,44000
British Columbia,Wholesale and retail trade,Women,55 years and over,2023,53.5,51.4,2,3.7,51400,2000,53500
British Columbia,Wholesale and retail trade,Women,55 years and over,2024,46.9,46.5,x,x,46500,x,46900
British Columbia,Wholesale and retail trade,Women,55 years and over,2025,40.2,39.3,x,x,39300,x,40200
British Columbia,Transportation and warehousing,Men,15 to 24 years,2021,9.4,8.4,x,x,8400,x,9400
British Columbia,Transportation and warehousing,Men,15 to 24 years,2022,8.5,8.2,x,x,8200,x,8500
British Columbia,Transportation and warehousing,Men,15 to 24 years,2023,7.6,7.2,x,x,7200,x,7600
British Columbia,Transportation and warehousing,Men,15 to 24 years,2024,6.6,6.1,x,x,6100,x,6600
British Columbia,Transportation and warehousing,Men,15 to 24 years,2025,10.2,8.6,1.6,15.7,8600,1600,10200
British Columbia,Transportation and warehousing,Men,25 to 54 years,2021,78.7,76.7,2,2.5,76700,2000,78700
British Columbia,Transportation and warehousing,Men,25 to 54 years,2022,71.4,70,x,x,70000,x,71400
British Columbia,Transportation and warehousing,Men,25 to 54 years,2023,75.7,74.1,1.6,2.1,74100,1600,75700
British Columbia,Transportation and warehousing,Men,25 to 54 years,2024,84,82.4,1.6,1.9,82400,1600,84000
British Columbia,Transportation and warehousing,Men,25 to 54 years,2025,83,80.8,2.2,2.7,80800,2200,83000
British Columbia,Transportation and warehousing,Men,55 years and over,2021,30.3,28.6,1.6,5.3,28600,1600,30300
British Columbia,Transportation and warehousing,Men,55 years and over,2022,29.5,29.1,x,x,29100,x,29500
British Columbia,Transportation and warehousing,Men,55 years and over,2023,31,30.3,x,x,30300,x,31000
British Columbia,Transportation and warehousing,Men,55 years and over,2024,34.8,33.9,x,x,33900,x,34800
British Columbia,Transportation and warehousing,Men,55 years and over,2025,34.1,33.2,x,x,33200,x,34100
British Columbia,Transportation and warehousing,Women,15 to 24 years,2021,3.1,3,x,x,3000,x,3100
British Columbia,Transportation and warehousing,Women,15 to 24 years,2022,3.5,3.2,x,x,3200,x,3500
British Columbia,Transportation and warehousing,Women,15 to 24 years,2023,3.6,3.4,x,x,3400,x,3600
British Columbia,Transportation and warehousing,Women,15 to 24 years,2024,3.6,3.5,x,x,3500,x,3600
British Columbia,Transportation and warehousing,Women,15 to 24 years,2025,2.9,2.7,x,x,2700,x,2900
British Columbia,Transportation and warehousing,Women,25 to 54 years,2021,20.4,19.4,x,x,19400,x,20400
British Columbia,Transportation and warehousing,Women,25 to 54 years,2022,26.8,26.2,x,x,26200,x,26800
British Columbia,Transportation and warehousing,Women,25 to 54 years,2023,24.8,24.1,x,x,24100,x,24800
British Columbia,Transportation and warehousing,Women,25 to 54 years,2024,23.4,22.6,x,x,22600,x,23400
British Columbia,Transportation and warehousing,Women,25 to 54 years,2025,24.8,23.7,x,x,23700,x,24800
British Columbia,Transportation and warehousing,Women,55 years and over,2021,9.6,9.5,x,x,9500,x,9600
British Columbia,Transportation and warehousing,Women,55 years and over,2022,7.8,7.6,x,x,7600,x,7800
British Columbia,Transportation and warehousing,Women,55 years and over,2023,7.8,7.7,x,x,7700,x,7800
British Columbia,Transportation and warehousing,Women,55 years and over,2024,7.7,7.5,x,x,7500,x,7700
British Columbia,Transportation and warehousing,Women,55 years and over,2025,8.1,7.9,x,x,7900,x,8100
British Columbia,"Finance, insurance, real estate, rental and leasing",Men,15 to 24 years,2021,3.3,3.2,x,x,3200,x,3300
British Columbia,"Finance, insurance, real estate, rental and leasing",Men,15 to 24 years,2022,3.8,3.6,x,x,3600,x,3800
British Columbia,"Finance, insurance, real estate, rental and leasing",Men,15 to 24 years,2023,8.2,8.2,x,x,8200,x,8200
British Columbia,"Finance, insurance, real estate, rental and leasing",Men,15 to 24 years,2024,5.7,5.6,x,x,5600,x,5700
British Columbia,"Finance, insurance, real estate, rental and leasing",Men,15 to 24 years,2025,4.1,3.6,x,x,3600,x,4100
British Columbia,"Finance, insurance, real estate, rental and leasing",Men,25 to 54 years,2021,62.2,61.1,x,x,61100,x,62200
British Columbia,"Finance, insurance, real estate, rental and leasing",Men,25 to 54 years,2022,53.9,53.6,x,x,53600,x,53900
British Columbia,"Finance, insurance, real estate, rental and leasing",Men,25 to 54 years,2023,62.4,61.1,x,x,61100,x,62400
British Columbia,"Finance, insurance, real estate, rental and leasing",Men,25 to 54 years,2024,64.6,63.4,x,x,63400,x,64600
British Columbia,"Finance, insurance, real estate, rental and leasing",Men,25 to 54 years,2025,62.7,61.3,x,x,61300,x,62700
British Columbia,"Finance, insurance, real estate, rental and leasing",Men,55 years and over,2021,15.1,15,x,x,15000,x,15100
British Columbia,"Finance, insurance, real estate, rental and leasing",Men,55 years and over,2022,17.8,17.8,x,x,17800,x,17800
British Columbia,"Finance, insurance, real estate, rental and leasing",Men,55 years and over,2023,18.6,18.5,x,x,18500,x,18600
British Columbia,"Finance, insurance, real estate, rental and leasing",Men,55 years and over,2024,20.5,20.5,x,x,20500,x,20500
British Columbia,"Finance, insurance, real estate, rental and leasing",Men,55 years and over,2025,22.9,22.7,x,x,22700,x,22900
British Columbia,"Finance, insurance, real estate, rental and leasing",Women,15 to 24 years,2021,4.9,4.5,x,x,4500,x,4900
British Columbia,"Finance, insurance, real estate, rental and leasing",Women,15 to 24 years,2022,4.7,4.5,x,x,4500,x,4700
British Columbia,"Finance, insurance, real estate, rental and leasing",Women,15 to 24 years,2023,3.5,3.2,x,x,3200,x,3500
British Columbia,"Finance, insurance, real estate, rental and leasing",Women,15 to 24 years,2024,5.7,5.6,x,x,5600,x,5700
British Columbia,"Finance, insurance, real estate, rental and leasing",Women,15 to 24 years,2025,4.5,4.3,x,x,4300,x,4500
British Columbia,"Finance, insurance, real estate, rental and leasing",Women,25 to 54 years,2021,68.7,68,x,x,68000,x,68700
British Columbia,"Finance, insurance, real estate, rental and leasing",Women,25 to 54 years,2022,68.1,67.3,x,x,67300,x,68100
British Columbia,"Finance, insurance, real estate, rental and leasing",Women,25 to 54 years,2023,64.5,63.6,x,x,63600,x,64500
British Columbia,"Finance, insurance, real estate, rental and leasing",Women,25 to 54 years,2024,68.5,67.4,x,x,67400,x,68500
British Columbia,"Finance, insurance, real estate, rental and leasing",Women,25 to 54 years,2025,76.7,75.5,x,x,75500,x,76700
British Columbia,"Finance, insurance, real estate, rental and leasing",Women,55 years and over,2021,19.3,19.2,x,x,19200,x,19300
British Columbia,"Finance, insurance, real estate, rental and leasing",Women,55 years and over,2022,17.6,17.4,x,x,17400,x,17600
British Columbia,"Finance, insurance, real estate, rental and leasing",Women,55 years and over,2023,21.5,21.2,x,x,21200,x,21500
British Columbia,"Finance, insurance, real estate, rental and leasing",Women,55 years and over,2024,22.3,21.6,x,x,21600,x,22300
British Columbia,"Finance, insurance, real estate, rental and leasing",Women,55 years and over,2025,22.4,21.9,x,x,21900,x,22400
British Columbia,"Professional, scientific and technical services",Men,15 to 24 years,2021,9.5,9.1,x,x,9100,x,9500
British Columbia,"Professional, scientific and technical services",Men,15 to 24 years,2022,9.8,9.1,x,x,9100,x,9800
British Columbia,"Professional, scientific and technical services",Men,15 to 24 years,2023,8.3,8.1,x,x,8100,x,8300
British Columbia,"Professional, scientific and technical services",Men,15 to 24 years,2024,8.1,7.7,x,x,7700,x,8100
British Columbia,"Professional, scientific and technical services",Men,15 to 24 years,2025,11.4,10.9,x,x,10900,x,11400
British Columbia,"Professional, scientific and technical services",Men,25 to 54 years,2021,116.6,114.1,2.5,2.1,114100,2500,116600
British Columbia,"Professional, scientific and technical services",Men,25 to 54 years,2022,118.7,115.7,2.9,2.4,115700,2900,118700
British Columbia,"Professional, scientific and technical services",Men,25 to 54 years,2023,128.9,124,4.9,3.8,124000,4900,128900
British Columbia,"Professional, scientific and technical services",Men,25 to 54 years,2024,139.9,133.4,6.6,4.7,133400,6600,139900
British Columbia,"Professional, scientific and technical services",Men,25 to 54 years,2025,138.2,132.9,5.3,3.8,132900,5300,138200
British Columbia,"Professional, scientific and technical services",Men,55 years and over,2021,32.7,32.3,x,x,32300,x,32700
British Columbia,"Professional, scientific and technical services",Men,55 years and over,2022,31.2,30.8,x,x,30800,x,31200
British Columbia,"Professional, scientific and technical services",Men,55 years and over,2023,28.5,27.8,x,x,27800,x,28500
British Columbia,"Professional, scientific and technical services",Men,55 years and over,2024,34.6,34.4,x,x,34400,x,34600
British Columbia,"Professional, scientific and technical services",Men,55 years and over,2025,35.7,35,x,x,35000,x,35700
British Columbia,"Professional, scientific and technical services",Women,15 to 24 years,2021,8.4,7.8,x,x,7800,x,8400
British Columbia,"Professional, scientific and technical services",Women,15 to 24 years,2022,10.6,10.2,x,x,10200,x,10600
British Columbia,"Professional, scientific and technical services",Women,15 to 24 years,2023,9.7,9.6,x,x,9600,x,9700
British Columbia,"Professional, scientific and technical services",Women,15 to 24 years,2024,7.8,7.5,x,x,7500,x,7800
British Columbia,"Professional, scientific and technical services",Women,15 to 24 years,2025,6.1,5.7,x,x,5700,x,6100
British Columbia,"Professional, scientific and technical services",Women,25 to 54 years,2021,86.6,83.8,2.8,3.2,83800,2800,86600
British Columbia,"Professional, scientific and technical services",Women,25 to 54 years,2022,95.9,94.2,1.7,1.8,94200,1700,95900
British Columbia,"Professional, scientific and technical services",Women,25 to 54 years,2023,102.5,98.7,3.8,3.7,98700,3800,102500
British Columbia,"Professional, scientific and technical services",Women,25 to 54 years,2024,95,91.6,3.3,3.5,91600,3300,95000
British Columbia,"Professional, scientific and technical services",Women,25 to 54 years,2025,108,104.3,3.6,3.3,104300,3600,108000
British Columbia,"Professional, scientific and technical services",Women,55 years and over,2021,20.2,19.6,x,x,19600,x,20200
British Columbia,"Professional, scientific and technical services",Women,55 years and over,2022,24.2,24.1,x,x,24100,x,24200
British Columbia,"Professional, scientific and technical services",Women,55 years and over,2023,21.2,21,x,x,21000,x,21200
British Columbia,"Professional, scientific and technical services",Women,55 years and over,2024,26.5,25.5,x,x,25500,x,26500
British Columbia,"Professional, scientific and technical services",Women,55 years and over,2025,25.1,24.8,x,x,24800,x,25100
British Columbia,"Business, building and other support services",Men,15 to 24 years,2021,12.1,11.6,x,x,11600,x,12100
British Columbia,"Business, building and other support services",Men,15 to 24 years,2022,6.3,5.7,x,x,5700,x,6300
British Columbia,"Business, building and other support services",Men,15 to 24 years,2023,8.2,7.5,x,x,7500,x,8200
British Columbia,"Business, building and other support services",Men,15 to 24 years,2024,9.2,8.5,x,x,8500,x,9200
British Columbia,"Business, building and other support services",Men,15 to 24 years,2025,6.3,5.9,x,x,5900,x,6300
British Columbia,"Business, building and other support services",Men,25 to 54 years,2021,32.8,30.9,1.9,5.8,30900,1900,32800
British Columbia,"Business, building and other support services",Men,25 to 54 years,2022,35.5,33.9,1.5,4.2,33900,1500,35500
British Columbia,"Business, building and other support services",Men,25 to 54 years,2023,33.3,31.5,1.8,5.4,31500,1800,33300
British Columbia,"Business, building and other support services",Men,25 to 54 years,2024,31.6,29.9,1.7,5.4,29900,1700,31600
British Columbia,"Business, building and other support services",Men,25 to 54 years,2025,37.7,36.3,x,x,36300,x,37700
British Columbia,"Business, building and other support services",Men,55 years and over,2021,16.2,15.2,x,x,15200,x,16200
British Columbia,"Business, building and other support services",Men,55 years and over,2022,14,13.7,x,x,13700,x,14000
British Columbia,"Business, building and other support services",Men,55 years and over,2023,14.7,14.4,x,x,14400,x,14700
British Columbia,"Business, building and other support services",Men,55 years and over,2024,14.1,13.5,x,x,13500,x,14100
British Columbia,"Business, building and other support services",Men,55 years and over,2025,14.1,13.8,x,x,13800,x,14100
British Columbia,"Business, building and other support services",Women,15 to 24 years,2021,3.1,2.9,x,x,2900,x,3100
British Columbia,"Business, building and other support services",Women,15 to 24 years,2022,2.9,2.7,x,x,2700,x,2900
British Columbia,"Business, building and other support services",Women,15 to 24 years,2023,4.1,3.7,x,x,3700,x,4100
British Columbia,"Business, building and other support services",Women,15 to 24 years,2024,4.2,4,x,x,4000,x,4200
British Columbia,"Business, building and other support services",Women,15 to 24 years,2025,3.5,3.3,x,x,3300,x,3500
British Columbia,"Business, building and other support services",Women,25 to 54 years,2021,27.6,26.1,1.5,5.4,26100,1500,27600
British Columbia,"Business, building and other support services",Women,25 to 54 years,2022,23.4,22.5,x,x,22500,x,23400
British Columbia,"Business, building and other support services",Women,25 to 54 years,2023,24.5,23.6,x,x,23600,x,24500
British Columbia,"Business, building and other support services",Women,25 to 54 years,2024,27.7,26.2,1.5,5.4,26200,1500,27700
British Columbia,"Business, building and other support services",Women,25 to 54 years,2025,25.1,23.3,1.7,6.8,23300,1700,25100
British Columbia,"Business, building and other support services",Women,55 years and over,2021,14.3,13,x,x,13000,x,14300
British Columbia,"Business, building and other support services",Women,55 years and over,2022,10.4,9.8,x,x,9800,x,10400
British Columbia,"Business, building and other support services",Women,55 years and over,2023,11.4,10.7,x,x,10700,x,11400
British Columbia,"Business, building and other support services",Women,55 years and over,2024,12.9,12.6,x,x,12600,x,12900
British Columbia,"Business, building and other support services",Women,55 years and over,2025,12.9,12.4,x,x,12400,x,12900
British Columbia,Educational services,Men,15 to 24 years,2021,4.9,4.9,x,x,4900,x,4900
British Columbia,Educational services,Men,15 to 24 years,2022,5.2,4.9,x,x,4900,x,5200
British Columbia,Educational services,Men,15 to 24 years,2023,6.2,5.7,x,x,5700,x,6200
British Columbia,Educational services,Men,15 to 24 years,2024,6.6,5.9,x,x,5900,x,6600
British Columbia,Educational services,Men,15 to 24 years,2025,7.1,7,x,x,7000,x,7100
British Columbia,Educational services,Men,25 to 54 years,2021,39.1,38.1,x,x,38100,x,39100
British Columbia,Educational services,Men,25 to 54 years,2022,40.2,39.4,x,x,39400,x,40200
British Columbia,Educational services,Men,25 to 54 years,2023,49.2,48.1,x,x,48100,x,49200
British Columbia,Educational services,Men,25 to 54 years,2024,45.3,44.2,x,x,44200,x,45300
British Columbia,Educational services,Men,25 to 54 years,2025,49.9,48.5,x,x,48500,x,49900
British Columbia,Educational services,Men,55 years and over,2021,15.3,14.7,x,x,14700,x,15300
British Columbia,Educational services,Men,55 years and over,2022,16.9,16.3,x,x,16300,x,16900
British Columbia,Educational services,Men,55 years and over,2023,20.3,20.1,x,x,20100,x,20300
British Columbia,Educational services,Men,55 years and over,2024,19.9,19.6,x,x,19600,x,19900
British Columbia,Educational services,Men,55 years and over,2025,18.8,18,x,x,18000,x,18800
British Columbia,Educational services,Women,15 to 24 years,2021,10.6,10.3,x,x,10300,x,10600
British Columbia,Educational services,Women,15 to 24 years,2022,16.3,15.9,x,x,15900,x,16300
British Columbia,Educational services,Women,15 to 24 years,2023,12.5,11.9,x,x,11900,x,12500
British Columbia,Educational services,Women,15 to 24 years,2024,9.3,8.8,x,x,8800,x,9300
British Columbia,Educational services,Women,15 to 24 years,2025,11.4,10.5,x,x,10500,x,11400
British Columbia,Educational services,Women,25 to 54 years,2021,95.7,91.7,4,4.2,91700,4000,95700
British Columbia,Educational services,Women,25 to 54 years,2022,98.7,94.9,3.9,4,94900,3900,98700
British Columbia,Educational services,Women,25 to 54 years,2023,109.6,106.9,2.7,2.5,106900,2700,109600
British Columbia,Educational services,Women,25 to 54 years,2024,114.2,110.4,3.8,3.3,110400,3800,114200
British Columbia,Educational services,Women,25 to 54 years,2025,114.5,110,4.5,3.9,110000,4500,114500
British Columbia,Educational services,Women,55 years and over,2021,27.5,26.7,x,x,26700,x,27500
British Columbia,Educational services,Women,55 years and over,2022,28.9,27.7,x,x,27700,x,28900
British Columbia,Educational services,Women,55 years and over,2023,28.8,27.5,x,x,27500,x,28800
British Columbia,Educational services,Women,55 years and over,2024,31.9,31.1,x,x,31100,x,31900
British Columbia,Educational services,Women,55 years and over,2025,32.4,31.3,x,x,31300,x,32400
British Columbia,Health care and social assistance,Men,15 to 24 years,2021,4.7,4.4,x,x,4400,x,4700
British Columbia,Health care and social assistance,Men,15 to 24 years,2022,5.2,5.1,x,x,5100,x,5200
British Columbia,Health care and social assistance,Men,15 to 24 years,2023,5.5,5.4,x,x,5400,x,5500
British Columbia,Health care and social assistance,Men,15 to 24 years,2024,7.6,7,x,x,7000,x,7600
British Columbia,Health care and social assistance,Men,15 to 24 years,2025,8.9,8.6,x,x,8600,x,8900
British Columbia,Health care and social assistance,Men,25 to 54 years,2021,52.8,52.6,x,x,52600,x,52800
British Columbia,Health care and social assistance,Men,25 to 54 years,2022,53.2,52.4,x,x,52400,x,53200
British Columbia,Health care and social assistance,Men,25 to 54 years,2023,60.1,59.7,x,x,59700,x,60100
British Columbia,Health care and social assistance,Men,25 to 54 years,2024,64.6,63.9,x,x,63900,x,64600
British Columbia,Health care and social assistance,Men,25 to 54 years,2025,66.7,65.4,x,x,65400,x,66700
British Columbia,Health care and social assistance,Men,55 years and over,2021,20.1,19.8,x,x,19800,x,20100
British Columbia,Health care and social assistance,Men,55 years and over,2022,16.1,15.9,x,x,15900,x,16100
British Columbia,Health care and social assistance,Men,55 years and over,2023,20.2,20,x,x,20000,x,20200
British Columbia,Health care and social assistance,Men,55 years and over,2024,19.6,19.4,x,x,19400,x,19600
British Columbia,Health care and social assistance,Men,55 years and over,2025,22,21.8,x,x,21800,x,22000
British Columbia,Health care and social assistance,Women,15 to 24 years,2021,25.6,24.8,x,x,24800,x,25600
British Columbia,Health care and social assistance,Women,15 to 24 years,2022,24.6,24,x,x,24000,x,24600
British Columbia,Health care and social assistance,Women,15 to 24 years,2023,22.7,21.5,x,x,21500,x,22700
British Columbia,Health care and social assistance,Women,15 to 24 years,2024,23,22,x,x,22000,x,23000
British Columbia,Health care and social assistance,Women,15 to 24 years,2025,22.5,21.6,x,x,21600,x,22500
British Columbia,Health care and social assistance,Women,25 to 54 years,2021,196.5,193,3.5,1.8,193000,3500,196500
British Columbia,Health care and social assistance,Women,25 to 54 years,2022,211,208.4,2.7,1.3,208400,2700,211000
British Columbia,Health care and social assistance,Women,25 to 54 years,2023,209.6,207.1,2.5,1.2,207100,2500,209600
British Columbia,Health care and social assistance,Women,25 to 54 years,2024,231.6,229,2.6,1.1,229000,2600,231600
British Columbia,Health care and social assistance,Women,25 to 54 years,2025,234.9,230.5,4.3,1.8,230500,4300,234900
British Columbia,Health care and social assistance,Women,55 years and over,2021,60.3,58.6,1.8,3,58600,1800,60300
British Columbia,Health care and social assistance,Women,55 years and over,2022,67.4,66.6,x,x,66600,x,67400
British Columbia,Health care and social assistance,Women,55 years and over,2023,70.2,69.2,x,x,69200,x,70200
British Columbia,Health care and social assistance,Women,55 years and over,2024,69.6,68.6,x,x,68600,x,69600
British Columbia,Health care and social assistance,Women,55 years and over,2025,67.4,65.3,2.1,3.1,65300,2100,67400
British Columbia,"Information, culture and recreation",Men,15 to 24 years,2021,10.2,8.9,x,x,8900,x,10200
British Columbia,"Information, culture and recreation",Men,15 to 24 years,2022,14.3,13.3,x,x,13300,x,14300
British Columbia,"Information, culture and recreation",Men,15 to 24 years,2023,17.2,15.8,1.5,8.7,15800,1500,17200
British Columbia,"Information, culture and recreation",Men,15 to 24 years,2024,16.4,14.9,1.5,9.1,14900,1500,16400
British Columbia,"Information, culture and recreation",Men,15 to 24 years,2025,13.5,11.5,1.9,14.1,11500,1900,13500
British Columbia,"Information, culture and recreation",Men,25 to 54 years,2021,54.7,52.6,2.1,3.8,52600,2100,54700
British Columbia,"Information, culture and recreation",Men,25 to 54 years,2022,60.5,57.9,2.6,4.3,57900,2600,60500
British Columbia,"Information, culture and recreation",Men,25 to 54 years,2023,55.6,50.8,4.8,8.6,50800,4800,55600
British Columbia,"Information, culture and recreation",Men,25 to 54 years,2024,58.3,53.8,4.5,7.7,53800,4500,58300
British Columbia,"Information, culture and recreation",Men,25 to 54 years,2025,51.1,47.2,4,7.8,47200,4000,51100
British Columbia,"Information, culture and recreation",Men,55 years and over,2021,12,11.3,x,x,11300,x,12000
British Columbia,"Information, culture and recreation",Men,55 years and over,2022,13.5,12.9,x,x,12900,x,13500
British Columbia,"Information, culture and recreation",Men,55 years and over,2023,14.2,12.9,x,x,12900,x,14200
British Columbia,"Information, culture and recreation",Men,55 years and over,2024,13.8,13.1,x,x,13100,x,13800
British Columbia,"Information, culture and recreation",Men,55 years and over,2025,11,10.6,x,x,10600,x,11000
British Columbia,"Information, culture and recreation",Women,15 to 24 years,2021,10.4,8.6,1.8,17.3,8600,1800,10400
British Columbia,"Information, culture and recreation",Women,15 to 24 years,2022,13,12.6,x,x,12600,x,13000
British Columbia,"Information, culture and recreation",Women,15 to 24 years,2023,12.1,11.2,x,x,11200,x,12100
British Columbia,"Information, culture and recreation",Women,15 to 24 years,2024,18.4,16.8,1.6,8.7,16800,1600,18400
British Columbia,"Information, culture and recreation",Women,15 to 24 years,2025,17.5,15.4,2.1,12,15400,2100,17500
British Columbia,"Information, culture and recreation",Women,25 to 54 years,2021,40.4,38.1,2.3,5.7,38100,2300,40400
British Columbia,"Information, culture and recreation",Women,25 to 54 years,2022,44.6,42.8,1.8,4,42800,1800,44600
British Columbia,"Information, culture and recreation",Women,25 to 54 years,2023,41.8,39.3,2.5,6,39300,2500,41800
British Columbia,"Information, culture and recreation",Women,25 to 54 years,2024,41.3,38.5,2.8,6.8,38500,2800,41300
British Columbia,"Information, culture and recreation",Women,25 to 54 years,2025,40.4,37.2,3.2,7.9,37200,3200,40400
British Columbia,"Information, culture and recreation",Women,55 years and over,2021,10.1,9.5,x,x,9500,x,10100
British Columbia,"Information, culture and recreation",Women,55 years and over,2022,9.7,9.6,x,x,9600,x,9700
British Columbia,"Information, culture and recreation",Women,55 years and over,2023,11.3,10.5,x,x,10500,x,11300
British Columbia,"Information, culture and recreation",Women,55 years and over,2024,10.8,10.4,x,x,10400,x,10800
British Columbia,"Information, culture and recreation",Women,55 years and over,2025,12.1,11.5,x,x,11500,x,12100
British Columbia,Accommodation and food services,Men,15 to 24 years,2021,28.6,26.7,1.8,6.3,26700,1800,28600
British Columbia,Accommodation and food services,Men,15 to 24 years,2022,32.4,30.7,1.7,5.2,30700,1700,32400
British Columbia,Accommodation and food services,Men,15 to 24 years,2023,32.8,30.9,2,6.1,30900,2000,32800
British Columbia,Accommodation and food services,Men,15 to 24 years,2024,29,26.8,2.2,7.6,26800,2200,29000
British Columbia,Accommodation and food services,Men,15 to 24 years,2025,24.5,22.9,1.7,6.9,22900,1700,24500
British Columbia,Accommodation and food services,Men,25 to 54 years,2021,42.1,39.7,2.4,5.7,39700,2400,42100
British Columbia,Accommodation and food services,Men,25 to 54 years,2022,42.3,40.3,1.9,4.5,40300,1900,42300
British Columbia,Accommodation and food services,Men,25 to 54 years,2023,51.9,49.2,2.7,5.2,49200,2700,51900
British Columbia,Accommodation and food services,Men,25 to 54 years,2024,47.1,45.4,1.7,3.6,45400,1700,47100
British Columbia,Accommodation and food services,Men,25 to 54 years,2025,52.7,50.6,2.2,4.2,50600,2200,52700
British Columbia,Accommodation and food services,Men,55 years and over,2021,14.6,13,1.6,11,13000,1600,14600
British Columbia,Accommodation and food services,Men,55 years and over,2022,12.1,11.7,x,x,11700,x,12100
British Columbia,Accommodation and food services,Men,55 years and over,2023,8.1,7.7,x,x,7700,x,8100
British Columbia,Accommodation and food services,Men,55 years and over,2024,10.9,10.5,x,x,10500,x,10900
British Columbia,Accommodation and food services,Men,55 years and over,2025,9.7,9.2,x,x,9200,x,9700
British Columbia,Accommodation and food services,Women,15 to 24 years,2021,41.8,38.6,3.2,7.7,38600,3200,41800
British Columbia,Accommodation and food services,Women,15 to 24 years,2022,44.2,41.8,2.4,5.4,41800,2400,44200
British Columbia,Accommodation and food services,Women,15 to 24 years,2023,41.9,40.3,1.6,3.8,40300,1600,41900
British Columbia,Accommodation and food services,Women,15 to 24 years,2024,44.1,41.2,2.9,6.6,41200,2900,44100
British Columbia,Accommodation and food services,Women,15 to 24 years,2025,39.5,36.5,3,7.6,36500,3000,39500
British Columbia,Accommodation and food services,Women,25 to 54 years,2021,50.2,47.7,2.5,5,47700,2500,50200
British Columbia,Accommodation and food services,Women,25 to 54 years,2022,49.4,47.7,1.7,3.4,47700,1700,49400
British Columbia,Accommodation and food services,Women,25 to 54 years,2023,59.6,58.1,1.5,2.5,58100,1500,59600
British Columbia,Accommodation and food services,Women,25 to 54 years,2024,54.4,52.3,2.1,3.9,52300,2100,54400
British Columbia,Accommodation and food services,Women,25 to 54 years,2025,60.6,59.1,1.6,2.6,59100,1600,60600
British Columbia,Accommodation and food services,Women,55 years and over,2021,15.4,13.6,1.8,11.7,13600,1800,15400
British Columbia,Accommodation and food services,Women,55 years and over,2022,12.3,11.8,x,x,11800,x,12300
British Columbia,Accommodation and food services,Women,55 years and over,2023,11.6,11.3,x,x,11300,x,11600
British Columbia,Accommodation and food services,Women,55 years and over,2024,10.7,10.5,x,x,10500,x,10700
British Columbia,Accommodation and food services,Women,55 years and over,2025,12.9,12.5,x,x,12500,x,12900
British Columbia,Other services (except public administration),Men,15 to 24 years,2021,5,4.8,x,x,4800,x,5000
British Columbia,Other services (except public administration),Men,15 to 24 years,2022,5.9,5.4,x,x,5400,x,5900
British Columbia,Other services (except public administration),Men,15 to 24 years,2023,6.9,6.2,x,x,6200,x,6900
British Columbia,Other services (except public administration),Men,15 to 24 years,2024,10.5,9.9,x,x,9900,x,10500
British Columbia,Other services (except public administration),Men,15 to 24 years,2025,9.6,9.1,x,x,9100,x,9600
British Columbia,Other services (except public administration),Men,25 to 54 years,2021,31.9,31.4,x,x,31400,x,31900
British Columbia,Other services (except public administration),Men,25 to 54 years,2022,31.9,31.3,x,x,31300,x,31900
British Columbia,Other services (except public administration),Men,25 to 54 years,2023,33.3,32.6,x,x,32600,x,33300
British Columbia,Other services (except public administration),Men,25 to 54 years,2024,33.2,31.8,x,x,31800,x,33200
British Columbia,Other services (except public administration),Men,25 to 54 years,2025,33.5,32,1.5,4.5,32000,1500,33500
British Columbia,Other services (except public administration),Men,55 years and over,2021,13.4,13,x,x,13000,x,13400
British Columbia,Other services (except public administration),Men,55 years and over,2022,12,11.6,x,x,11600,x,12000
British Columbia,Other services (except public administration),Men,55 years and over,2023,12.9,12.5,x,x,12500,x,12900
British Columbia,Other services (except public administration),Men,55 years and over,2024,13.5,13.2,x,x,13200,x,13500
British Columbia,Other services (except public administration),Men,55 years and over,2025,11,10.7,x,x,10700,x,11000
British Columbia,Other services (except public administration),Women,15 to 24 years,2021,7.8,7.5,x,x,7500,x,7800
British Columbia,Other services (except public administration),Women,15 to 24 years,2022,5.8,5.5,x,x,5500,x,5800
British Columbia,Other services (except public administration),Women,15 to 24 years,2023,8.1,7.6,x,x,7600,x,8100
British Columbia,Other services (except public administration),Women,15 to 24 years,2024,7.2,6.5,x,x,6500,x,7200
British Columbia,Other services (except public administration),Women,15 to 24 years,2025,6.7,6.1,x,x,6100,x,6700
British Columbia,Other services (except public administration),Women,25 to 54 years,2021,41.9,41.2,x,x,41200,x,41900
British Columbia,Other services (except public administration),Women,25 to 54 years,2022,36.2,35.8,x,x,35800,x,36200
British Columbia,Other services (except public administration),Women,25 to 54 years,2023,43,42.3,x,x,42300,x,43000
British Columbia,Other services (except public administration),Women,25 to 54 years,2024,45.7,44.9,x,x,44900,x,45700
British Columbia,Other services (except public administration),Women,25 to 54 years,2025,44.9,43.5,x,x,43500,x,44900
British Columbia,Other services (except public administration),Women,55 years and over,2021,11.7,11.4,x,x,11400,x,11700
British Columbia,Other services (except public administration),Women,55 years and over,2022,12.6,12.3,x,x,12300,x,12600
British Columbia,Other services (except public administration),Women,55 years and over,2023,10.9,10.5,x,x,10500,x,10900
British Columbia,Other services (except public administration),Women,55 years and over,2024,13.1,12.9,x,x,12900,x,13100
British Columbia,Other services (except public administration),Women,55 years and over,2025,11.7,11.5,x,x,11500,x,11700
British Columbia,Public administration,Men,15 to 24 years,2021,4.9,4.7,x,x,4700,x,4900
British Columbia,Public administration,Men,15 to 24 years,2022,2.9,2.7,x,x,2700,x,2900
British Columbia,Public administration,Men,15 to 24 years,2023,3.6,3.2,x,x,3200,x,3600
British Columbia,Public administration,Men,15 to 24 years,2024,3.7,3.3,x,x,3300,x,3700
British Columbia,Public administration,Men,15 to 24 years,2025,4.4,4,x,x,4000,x,4400
British Columbia,Public administration,Men,25 to 54 years,2021,52.3,52,x,x,52000,x,52300
British Columbia,Public administration,Men,25 to 54 years,2022,55.9,55.5,x,x,55500,x,55900
British Columbia,Public administration,Men,25 to 54 years,2023,50.7,50.1,x,x,50100,x,50700
British Columbia,Public administration,Men,25 to 54 years,2024,62.6,62.1,x,x,62100,x,62600
British Columbia,Public administration,Men,25 to 54 years,2025,60.3,59.7,x,x,59700,x,60300
British Columbia,Public administration,Men,55 years and over,2021,13.8,13.4,x,x,13400,x,13800
British Columbia,Public administration,Men,55 years and over,2022,14.3,14.2,x,x,14200,x,14300
British Columbia,Public administration,Men,55 years and over,2023,12.9,12.8,x,x,12800,x,12900
British Columbia,Public administration,Men,55 years and over,2024,12.3,12.1,x,x,12100,x,12300
British Columbia,Public administration,Men,55 years and over,2025,16.8,16.1,x,x,16100,x,16800
British Columbia,Public administration,Women,15 to 24 years,2021,3.2,2.8,x,x,2800,x,3200
British Columbia,Public administration,Women,15 to 24 years,2022,5.4,4.9,x,x,4900,x,5400
British Columbia,Public administration,Women,15 to 24 years,2023,3.7,3.7,x,x,3700,x,3700
British Columbia,Public administration,Women,15 to 24 years,2024,5.2,5.1,x,x,5100,x,5200
British Columbia,Public administration,Women,15 to 24 years,2025,5.4,4.9,x,x,4900,x,5400
British Columbia,Public administration,Women,25 to 54 years,2021,52,51.6,x,x,51600,x,52000
British Columbia,Public administration,Women,25 to 54 years,2022,49.1,48.7,x,x,48700,x,49100
British Columbia,Public administration,Women,25 to 54 years,2023,60.7,60.2,x,x,60200,x,60700
British Columbia,Public administration,Women,25 to 54 years,2024,58.3,57.9,x,x,57900,x,58300
British Columbia,Public administration,Women,25 to 54 years,2025,59.1,58.4,x,x,58400,x,59100
British Columbia,Public administration,Women,55 years and over,2021,14,13.5,x,x,13500,x,14000
British Columbia,Public administration,Women,55 years and over,2022,13.4,13.2,x,x,13200,x,13400
British Columbia,Public administration,Women,55 years and over,2023,13.8,13.7,x,x,13700,x,13800
British Columbia,Public administration,Women,55 years and over,2024,13.6,13.3,x,x,13300,x,13600
British Columbia,Public administration,Women,55 years and over,2025,14.2,14.2,x,x,14200,x,14200
